timestamp,open,high,low,close,volume,emas_close,dxy_close,vix_close,sentiment_mean,article_count
2017-08-17,4261.48,4485.39,4200.74,4285.08,795.150377,1286.4000244140625,93.62000274658205,15.550000190734863,0.625,8.0
2017-08-18,4285.08,4371.52,3938.77,4108.37,1199.888264,1285.699951171875,93.43000030517578,14.260000228881836,0.8,5.0
2017-08-19,4108.37,4184.69,3850.0,4139.98,381.309763,1285.699951171875,93.43000030517578,14.260000228881836,0.0,1.0
2017-08-20,4120.98,4211.08,4032.62,4086.29,467.083022,1285.699951171875,93.43000030517578,14.260000228881836,0.0,0.0
2017-08-21,4069.13,4119.62,3911.79,4016.0,691.74306,1290.800048828125,93.0999984741211,13.1899995803833,0.75,4.0
2017-08-22,4016.0,4104.82,3400.0,4040.0,966.684858,1285.0999755859375,93.5500030517578,11.350000381469728,0.0,4.0
2017-08-23,4040.0,4265.8,4013.89,4114.01,1001.136565,1288.9000244140625,93.1500015258789,12.25,1.0,5.0
2017-08-24,4147.0,4371.68,4085.01,4316.01,787.418753,1286.5,93.27999877929688,12.229999542236328,0.5714285714285714,7.0
2017-08-25,4316.01,4453.91,4247.48,4280.68,573.61274,1292.5,92.73999786376952,11.279999732971191,0.8,5.0
2017-08-26,4280.71,4367.0,4212.41,4337.44,228.108068,1292.5,92.73999786376952,11.279999732971191,0.0,0.0
2017-08-27,4332.51,4400.0,4285.54,4310.01,350.692585,1292.5,92.73999786376952,11.279999732971191,1.0,1.0
2017-08-28,4310.01,4399.82,4124.54,4386.69,603.841616,1309.699951171875,92.20999908447266,11.31999969482422,-0.4,5.0
2017-08-29,4353.65,4625.85,4313.55,4587.48,603.545028,1313.0999755859375,92.3499984741211,11.699999809265137,0.0,6.0
2017-08-30,4564.52,4647.51,4416.01,4555.14,808.468771,1308.0999755859375,92.87999725341795,11.220000267028809,0.0,2.0
2017-08-31,4555.14,4745.42,4555.14,4724.89,556.956802,1316.199951171875,92.66999816894533,10.59000015258789,0.375,8.0
2017-09-01,4689.89,4885.55,4654.88,4834.91,560.666366,1324.5,92.80999755859376,10.130000114440918,0.8571428571428571,7.0
2017-09-02,4796.16,4939.19,4286.87,4472.14,929.148595,1324.5,92.80999755859376,10.130000114440918,0.3333333333333333,3.0
2017-09-03,4508.5,4714.76,4298.33,4509.08,691.216198,1324.5,92.80999755859376,10.130000114440918,1.0,2.0
2017-09-04,4505.0,4527.49,3972.51,4100.11,1394.644614,1324.5,92.80999755859376,10.130000114440918,0.0,3.0
2017-09-05,4106.97,4484.99,3603.0,4366.47,1228.938157,1339.199951171875,92.30999755859376,12.229999542236328,0.16666666666666666,6.0
2017-09-06,4366.49,4662.87,4335.26,4619.77,807.363726,1333.9000244140625,92.29000091552734,11.630000114440918,1.0,3.0
2017-09-07,4619.77,4788.59,4438.19,4691.61,500.429975,1345.0999755859375,91.52999877929688,11.550000190734863,0.75,4.0
2017-09-08,4691.66,4735.39,4028.93,4282.8,1132.255046,1346.0,91.33000183105467,12.119999885559082,0.0,7.0
2017-09-09,4282.8,4426.62,4150.06,4258.81,658.782952,1346.0,91.33000183105467,12.119999885559082,0.0,0.0
2017-09-10,4258.81,4283.0,3801.0,4130.37,660.373275,1346.0,91.33000183105467,12.119999885559082,1.0,1.0
2017-09-11,4153.62,4334.43,4098.91,4208.47,699.989065,1331.0,91.86000061035156,10.729999542236328,0.25,8.0
2017-09-12,4208.6,4394.59,4040.8,4163.72,879.630319,1328.0,91.91000366210938,10.579999923706056,-0.3333333333333333,9.0
2017-09-13,4159.72,4165.38,3760.0,3944.69,913.462545,1323.4000244140625,92.5199966430664,10.5,-0.375,8.0
2017-09-14,3944.0,3993.0,3165.13,3189.02,1665.021543,1324.699951171875,92.12000274658205,10.4399995803833,0.1,10.0
2017-09-15,3188.01,3856.0,2817.0,3700.0,1968.866492,1320.4000244140625,91.87000274658205,10.170000076293944,-0.25,12.0
2017-09-16,3674.01,3950.0,3470.66,3714.95,1297.563953,1320.4000244140625,91.87000274658205,10.170000076293944,1.0,2.0
2017-09-17,3685.23,3748.21,3499.02,3699.99,682.17121,1320.4000244140625,91.87000274658205,10.170000076293944,0.0,0.0
2017-09-18,3690.0,4123.2,3690.0,4035.01,1030.006455,1306.300048828125,92.0500030517578,10.149999618530272,0.4,5.0
2017-09-19,4060.0,4089.97,3830.91,3910.04,902.332129,1306.199951171875,91.79000091552734,10.18000030517578,0.125,8.0
2017-09-20,3910.04,4046.08,3820.0,3900.0,720.935076,1312.0,92.51000213623048,9.779999732971191,0.3333333333333333,6.0
2017-09-21,3889.99,3910.0,3567.0,3609.99,1001.654084,1290.5999755859375,92.26000213623048,9.670000076293944,0.0,6.0
2017-09-22,3592.84,3750.0,3505.55,3595.87,838.966425,1293.300048828125,92.16999816894533,9.59000015258789,0.0,12.0
2017-09-23,3595.88,3817.19,3542.91,3780.0,752.792791,1293.300048828125,92.16999816894533,9.59000015258789,0.16666666666666666,6.0
2017-09-24,3779.54,3789.99,3622.76,3660.02,661.63639,1293.300048828125,92.16999816894533,9.59000015258789,0.38461538461538464,13.0
2017-09-25,3660.02,3979.87,3653.69,3920.75,727.994713,1306.800048828125,92.6500015258789,10.210000038146973,0.4827586206896552,29.0
2017-09-26,3928.0,3976.99,3850.05,3882.35,526.727987,1297.0,92.97000122070312,10.170000076293944,0.40476190476190477,42.0
2017-09-27,3882.36,4249.94,3872.81,4193.0,628.170966,1283.4000244140625,93.36000061035156,9.869999885559082,0.3125,48.0
2017-09-28,4192.11,4300.0,4101.0,4174.5,849.785325,1285.5,93.08999633789062,9.550000190734863,0.48484848484848486,33.0
2017-09-29,4178.98,4263.86,3952.01,4174.69,1602.309565,1281.5,93.08000183105467,9.510000228881836,0.08333333333333333,36.0
2017-09-30,4175.0,4380.0,4138.1,4378.51,720.353183,1281.5,93.08000183105467,9.510000228881836,0.08695652173913043,23.0
2017-10-01,4378.49,4406.52,4240.04,4378.48,726.963685,1281.5,93.08000183105467,9.510000228881836,0.35,20.0
2017-10-02,4400.0,4561.63,4360.0,4380.0,655.756974,1272.699951171875,93.55999755859376,9.449999809265137,0.40425531914893614,47.0
2017-10-03,4380.0,4467.33,4180.8,4310.0,1082.323563,1271.5,93.56999969482422,9.510000228881836,0.4444444444444444,45.0
2017-10-04,4314.9,4373.0,4142.0,4208.59,868.465101,1273.699951171875,93.45999908447266,9.630000114440918,-0.02127659574468085,47.0
2017-10-05,4208.59,4355.0,4110.0,4292.43,779.138638,1269.9000244140625,93.95999908447266,9.1899995803833,0.225,40.0
2017-10-06,4318.99,4417.0,4292.0,4369.0,506.529176,1271.5999755859375,93.8000030517578,9.649999618530272,0.42857142857142855,49.0
2017-10-07,4369.0,4479.5,4312.56,4423.0,297.5975,1271.5999755859375,93.8000030517578,9.649999618530272,0.28,25.0
2017-10-08,4425.0,4658.0,4425.0,4640.0,518.462004,1271.5999755859375,93.8000030517578,9.649999618530272,0.5,26.0
2017-10-09,4640.0,4889.98,4550.0,4786.95,646.463145,1281.800048828125,93.73999786376952,10.329999923706056,0.391304347826087,46.0
2017-10-10,4786.95,4960.0,4680.59,4783.06,1043.221773,1290.5999755859375,93.29000091552734,10.079999923706056,0.3448275862068966,58.0
2017-10-11,4783.06,4881.61,4710.0,4821.43,753.429396,1285.800048828125,92.95999908447266,9.850000381469728,0.5,52.0
2017-10-12,4821.43,5439.99,4810.16,5430.0,1276.701482,1293.300048828125,93.12000274658205,9.90999984741211,0.391304347826087,69.0
2017-10-13,5439.99,5846.17,5379.84,5649.98,1879.82762,1301.5,93.08999633789062,9.609999656677246,0.42,50.0
2017-10-14,5650.0,5900.0,5580.01,5869.99,970.759046,1301.5,93.08999633789062,9.609999656677246,0.3548387096774194,31.0
2017-10-15,5855.03,5922.3,5400.01,5709.99,1343.523375,1301.5,93.08999633789062,9.609999656677246,0.6,25.0
2017-10-16,5710.0,5788.91,5585.19,5760.02,1528.996462,1299.9000244140625,93.27999877929688,9.90999984741211,0.46,50.0
2017-10-17,5760.0,5774.98,5508.63,5595.0,1429.869376,1283.0,93.48999786376952,10.3100004196167,0.2553191489361702,47.0
2017-10-18,5595.0,5596.0,5037.95,5512.06,2317.804373,1279.9000244140625,93.36000061035156,10.06999969482422,0.13157894736842105,38.0
2017-10-19,5513.0,5710.0,5490.26,5683.9,1881.722107,1286.9000244140625,93.2699966430664,10.050000190734863,0.2962962962962963,54.0
2017-10-20,5683.31,6110.0,5600.0,6010.01,1972.97722,1277.4000244140625,93.6999969482422,9.970000267028809,0.46511627906976744,43.0
2017-10-21,6013.72,6171.0,5850.03,6024.97,1664.307693,1277.4000244140625,93.6999969482422,9.970000267028809,0.5945945945945946,37.0
2017-10-22,6003.27,6060.0,5720.03,5950.02,1362.092216,1277.4000244140625,93.6999969482422,9.970000267028809,0.5161290322580645,31.0
2017-10-23,5975.0,6080.0,5621.03,5915.93,1812.557715,1277.699951171875,93.94000244140624,11.06999969482422,0.19230769230769232,52.0
2017-10-24,5909.47,5925.0,5450.0,5477.03,2580.418767,1275.0,93.95999908447266,11.15999984741211,0.30357142857142855,56.0
2017-10-25,5506.92,5704.96,5286.98,5689.99,2282.813205,1275.4000244140625,93.70999908447266,11.229999542236328,0.08196721311475409,61.0
2017-10-26,5670.1,5939.99,5650.0,5861.77,1972.965882,1266.300048828125,94.61000061035156,11.300000190734863,0.35294117647058826,51.0
2017-10-27,5861.77,5980.0,5649.24,5768.83,1403.706416,1268.5,94.91999816894533,9.800000190734863,0.07547169811320754,53.0
2017-10-28,5768.79,5850.02,5630.03,5719.64,1276.754412,1268.5,94.91999816894533,9.800000190734863,0.36666666666666664,30.0
2017-10-29,5709.98,6189.88,5648.01,6169.98,1804.778173,1268.5,94.91999816894533,9.800000190734863,0.5,32.0
2017-10-30,6133.01,6248.68,6030.0,6120.5,1473.687043,1274.0999755859375,94.48999786376952,10.5,0.4032258064516129,62.0
2017-10-31,6120.52,6498.01,6100.0,6463.0,1511.774925,1267.0,94.5500030517578,10.18000030517578,0.43243243243243246,37.0
2017-11-01,6463.0,6774.67,6338.02,6753.98,1675.615188,1274.0999755859375,94.81999969482422,10.199999809265137,0.5833333333333334,48.0
2017-11-02,6753.98,7300.0,6685.1,7019.98,2503.610803,1274.9000244140625,94.69000244140624,9.93000030517578,0.34,50.0
2017-11-03,7010.31,7346.34,6923.0,7115.04,1891.497592,1266.5,94.94000244140624,9.140000343322754,0.47058823529411764,51.0
2017-11-04,7115.02,7480.99,6901.0,7357.09,1399.191767,1266.5,94.94000244140624,9.140000343322754,0.6666666666666666,24.0
2017-11-05,7357.27,7590.25,7279.02,7345.01,1207.83233,1266.5,94.94000244140624,9.140000343322754,0.5294117647058824,34.0
2017-11-06,7345.1,7401.0,6906.0,6960.12,1763.019261,1279.4000244140625,94.72000122070312,9.399999618530272,0.10344827586206896,58.0
2017-11-07,6981.72,7198.49,6901.0,7064.04,1440.259494,1273.699951171875,94.91000366210938,9.890000343322754,0.4634146341463415,41.0
2017-11-08,7070.0,7770.02,6651.0,7303.0,2822.298802,1281.5999755859375,94.87000274658205,9.779999732971191,0.23728813559322035,59.0
2017-11-09,7303.01,7392.0,7015.0,7079.99,1913.398308,1285.5999755859375,94.44000244140624,10.5,0.29508196721311475,61.0
2017-11-10,7079.0,7279.91,6255.01,6506.98,3254.704105,1272.4000244140625,94.38999938964844,11.289999961853027,0.19148936170212766,47.0
2017-11-11,6503.0,6797.98,6100.0,6245.05,2754.156861,1272.4000244140625,94.38999938964844,11.289999961853027,0.0967741935483871,31.0
2017-11-12,6245.05,6630.0,5325.01,5811.03,4968.483069,1272.4000244140625,94.38999938964844,11.289999961853027,0.5,18.0
2017-11-13,5839.94,6697.47,5699.99,6465.99,2621.243039,1277.300048828125,94.48999786376952,11.5,0.35,40.0
2017-11-14,6465.99,6684.98,6311.07,6574.99,1254.292531,1281.5,93.83000183105467,11.59000015258789,0.2553191489361702,47.0
2017-11-15,6575.99,7298.0,6575.99,7240.06,1779.605845,1276.5,93.80999755859376,13.130000114440918,0.39622641509433965,53.0
2017-11-16,7240.14,7940.0,7076.0,7864.5,2331.95675,1277.4000244140625,93.93000030517578,11.760000228881836,0.3389830508474576,59.0
2017-11-17,7876.98,7989.0,7451.0,7699.19,3982.395925,1295.800048828125,93.66000366210938,11.43000030517578,0.425531914893617,47.0
2017-11-18,7680.01,7819.99,7422.0,7761.94,3954.266477,1295.800048828125,93.66000366210938,11.43000030517578,0.6206896551724138,29.0
2017-11-19,7761.94,8123.15,7650.33,8038.0,3867.340444,1295.800048828125,93.66000366210938,11.43000030517578,0.48148148148148145,27.0
2017-11-20,8057.11,8319.99,7954.0,8212.0,3886.634348,1274.5999755859375,94.08000183105467,10.649999618530272,0.46153846153846156,52.0
2017-11-21,8212.49,8400.0,7801.0,8119.51,4544.474016,1281.0999755859375,93.9499969482422,9.729999542236328,0.3191489361702128,47.0
2017-11-22,8091.09,8322.68,8091.09,8205.92,3545.00571,1291.5999755859375,93.22000122070312,9.880000114440918,0.5161290322580645,62.0
2017-11-23,8233.03,8260.0,8000.0,8019.99,4093.952687,1291.5999755859375,93.22000122070312,9.880000114440918,0.4489795918367347,49.0
2017-11-24,8019.97,8369.0,7850.0,8138.0,4411.789112,1286.699951171875,92.76000213623048,9.670000076293944,0.5283018867924528,53.0
2017-11-25,8138.99,8734.78,8090.0,8700.01,4292.623682,1286.699951171875,92.76000213623048,9.670000076293944,0.4,30.0
2017-11-26,8700.04,9350.0,8604.72,9128.02,4147.380237,1286.699951171875,92.76000213623048,9.670000076293944,0.6136363636363636,44.0
2017-11-27,9128.0,9654.28,9112.04,9650.0,4521.625707,1293.800048828125,92.9000015258789,9.869999885559082,0.296875,64.0
2017-11-28,9650.0,9939.0,9570.5,9896.8,4917.210985,1294.699951171875,93.26000213623048,10.029999732971191,0.5147058823529411,68.0
2017-11-29,9896.79,11300.03,8520.0,9687.88,13352.538715,1282.0999755859375,93.26000213623048,10.699999809265137,0.1875,64.0
2017-11-30,9687.88,10900.0,8850.8,9838.96,9389.574329,1273.199951171875,93.01000213623048,11.279999732971191,0.12903225806451613,62.0
2017-12-01,9837.0,10898.0,9380.0,10782.99,6134.923633,1278.800048828125,92.9000015258789,11.43000030517578,0.08955223880597014,67.0
2017-12-02,10775.04,11190.0,10620.0,10890.01,4765.439757,1278.800048828125,92.9000015258789,11.43000030517578,0.35135135135135137,37.0
2017-12-03,10902.69,11825.0,10500.0,11165.41,5346.636524,1278.800048828125,92.9000015258789,11.43000030517578,0.48484848484848486,33.0
2017-12-04,11165.41,11600.0,10802.0,11579.0,4663.424562,1274.300048828125,93.19000244140624,11.68000030517578,0.2571428571428571,70.0
2017-12-05,11571.03,11853.0,11447.68,11699.99,5550.732055,1261.5999755859375,93.37999725341795,11.329999923706056,0.5373134328358209,67.0
2017-12-06,11699.99,13615.23,11665.58,13550.05,6707.946319,1262.800048828125,93.61000061035156,11.020000457763672,0.35526315789473684,76.0
2017-12-07,13541.01,16649.96,13050.0,16599.0,7487.065695,1249.800048828125,93.8000030517578,10.15999984741211,0.19736842105263158,76.0
2017-12-08,16599.0,17204.99,14015.0,15880.0,17589.013136,1245.199951171875,93.9000015258789,9.579999923706056,0.15492957746478872,71.0
2017-12-09,15880.01,16269.3,12535.0,14656.07,13918.758687,1245.199951171875,93.9000015258789,9.579999923706056,0.30612244897959184,49.0
2017-12-10,14664.01,15720.12,12368.0,14899.98,16553.037173,1245.199951171875,93.9000015258789,9.579999923706056,0.07017543859649122,57.0
2017-12-11,14946.26,17470.0,14901.08,16587.97,11820.401762,1243.699951171875,93.87000274658205,9.34000015258789,0.46153846153846156,65.0
2017-12-12,16587.97,16976.45,15875.0,16349.99,9436.802411,1238.5,94.0999984741211,9.920000076293944,0.3448275862068966,58.0
2017-12-13,16349.99,16546.0,14666.56,16033.29,12416.328801,1245.4000244140625,93.43000030517578,10.18000030517578,0.35384615384615387,65.0
2017-12-14,16030.34,16445.0,15450.0,16334.98,11616.867151,1253.800048828125,93.48999786376952,10.489999771118164,0.22033898305084745,59.0
2017-12-15,16334.98,17991.0,16298.45,17539.83,9181.273947,1254.300048828125,93.93000030517578,9.420000076293944,0.3269230769230769,52.0
2017-12-16,17516.81,19539.0,17190.01,19102.66,4202.628709,1254.300048828125,93.93000030517578,9.420000076293944,0.3235294117647059,34.0
2017-12-17,19120.19,19798.68,18510.0,18860.02,9177.183434,1254.300048828125,93.93000030517578,9.420000076293944,0.38235294117647056,34.0
2017-12-18,18860.04,19300.0,17029.98,18856.25,10624.633071,1262.199951171875,93.6999969482422,9.529999732971191,0.3088235294117647,68.0
2017-12-19,18856.25,18950.0,16300.0,17295.2,13210.74822,1260.699951171875,93.47000122070312,10.029999732971191,-0.02040816326530612,49.0
2017-12-20,17295.2,17720.35,14777.66,16488.98,13450.496693,1266.0999755859375,93.3499984741211,9.720000267028809,0.2962962962962963,54.0
2017-12-21,16480.52,17309.5,14022.0,15492.64,20324.2173,1267.300048828125,93.27999877929688,9.619999885559082,0.25925925925925924,54.0
2017-12-22,15514.03,15699.34,10961.0,13326.61,36076.271175,1275.4000244140625,93.3499984741211,9.899999618530272,0.04081632653061224,49.0
2017-12-23,13326.61,14950.0,12978.18,13300.0,13141.538875,1275.4000244140625,93.3499984741211,9.899999618530272,0.39473684210526316,38.0
2017-12-24,13300.0,13819.99,11640.0,13500.0,28557.534988,1275.4000244140625,93.3499984741211,9.899999618530272,0.038461538461538464,26.0
2017-12-25,13500.0,14300.0,12708.0,13699.34,15748.207607,1275.4000244140625,93.3499984741211,9.899999618530272,0.2413793103448276,29.0
2017-12-26,13699.34,16050.0,13533.0,15689.01,15034.668104,1284.0999755859375,93.26000213623048,10.25,0.45161290322580644,31.0
2017-12-27,15709.98,16498.05,14200.15,15459.99,14959.864723,1287.0,93.02999877929688,10.470000267028809,0.35135135135135137,37.0
2017-12-28,15459.97,15539.99,13150.0,14182.11,21717.858014,1294.0999755859375,92.5999984741211,10.18000030517578,0.26666666666666666,45.0
2017-12-29,14199.14,14981.0,13850.0,14378.9,18072.008116,1306.300048828125,92.12000274658205,11.039999961853027,0.23809523809523808,42.0
2017-12-30,14378.99,14398.85,11750.0,12440.01,19221.158039,1306.300048828125,92.12000274658205,11.039999961853027,0.25925925925925924,27.0
2017-12-31,12345.1,14050.11,12149.98,13716.36,11768.989718,1306.300048828125,92.12000274658205,11.039999961853027,0.5625,32.0
2018-01-01,13715.65,13818.55,12750.0,13380.0,8609.915844,1306.300048828125,92.12000274658205,11.039999961853027,0.4074074074074074,27.0
2018-01-02,13382.16,15473.49,12890.02,14675.11,20078.092111,1313.699951171875,91.8499984741211,9.770000457763672,0.3333333333333333,45.0
2018-01-03,14690.0,15307.56,14150.0,14919.51,15905.667639,1316.199951171875,92.16000366210938,9.149999618530272,0.44642857142857145,56.0
2018-01-04,14919.51,15280.0,13918.04,15059.54,21329.649574,1319.4000244140625,91.8499984741211,9.220000267028809,0.1346153846153846,52.0
2018-01-05,15059.56,17176.24,14600.0,16960.39,23251.491125,1320.300048828125,91.9499969482422,9.220000267028809,0.33962264150943394,53.0
2018-01-06,16960.39,17143.13,16011.21,17069.79,18571.457508,1320.300048828125,91.9499969482422,9.220000267028809,0.6785714285714286,28.0
2018-01-07,17069.79,17099.96,15610.0,16150.03,12493.125558,1320.300048828125,91.9499969482422,9.220000267028809,0.21212121212121213,33.0
2018-01-08,16218.85,16322.3,12812.0,14902.54,26600.609912,1318.5999755859375,92.33000183105467,9.520000457763672,-0.03773584905660377,53.0
2018-01-09,14902.54,15500.0,14011.05,14400.0,14315.004253,1311.699951171875,92.52999877929688,10.079999923706056,0.19230769230769232,52.0
2018-01-10,14401.0,14955.66,13131.31,14907.09,17411.001655,1317.4000244140625,92.33000183105467,9.81999969482422,0.2,55.0
2018-01-11,14940.0,14968.68,11400.0,13238.78,33554.723751,1320.5999755859375,91.8499984741211,9.880000114440918,0.15555555555555556,45.0
2018-01-12,13238.76,14109.78,12500.0,13740.01,16417.162137,1333.4000244140625,90.97000122070312,10.15999984741211,0.3333333333333333,48.0
2018-01-13,13749.95,14580.0,13706.15,14210.0,12221.508528,1333.4000244140625,90.97000122070312,10.15999984741211,0.6428571428571429,28.0
2018-01-14,14210.0,14339.5,12569.2,13474.99,17017.894329,1333.4000244140625,90.97000122070312,10.15999984741211,0.23076923076923078,26.0
2018-01-15,13477.98,14249.99,13147.79,13539.93,14652.094705,1333.4000244140625,90.97000122070312,10.15999984741211,0.225,40.0
2018-01-16,13500.0,13542.93,9035.0,10900.0,63401.169175,1335.4000244140625,90.38999938964844,11.65999984741211,0.25,48.0
2018-01-17,10899.99,11680.99,9037.94,10988.79,72331.796646,1338.0,90.54000091552734,11.90999984741211,0.1111111111111111,45.0
2018-01-18,10972.59,11878.82,10435.33,10961.97,48464.434937,1326.0,90.5,12.220000267028809,0.44680851063829785,47.0
2018-01-19,10960.0,11795.0,10360.0,11474.98,34129.375421,1331.9000244140625,90.56999969482422,11.270000457763672,0.38636363636363635,44.0
2018-01-20,11474.98,13099.0,11412.45,12799.94,28768.857827,1331.9000244140625,90.56999969482422,11.270000457763672,0.0,26.0
2018-01-21,12799.8,12799.8,10965.0,11530.0,41379.773426,1331.9000244140625,90.56999969482422,11.270000457763672,0.20689655172413793,29.0
2018-01-22,11530.0,11926.35,9900.24,10760.05,43752.606791,1330.9000244140625,90.4000015258789,11.029999732971191,0.175,40.0
2018-01-23,10760.05,11399.0,9905.0,10799.18,37473.922552,1335.699951171875,90.12000274658205,11.100000381469728,0.05454545454545454,55.0
2018-01-24,10799.14,11570.48,10500.0,11349.99,27158.587762,1355.9000244140625,89.20999908447266,11.470000267028809,0.4,55.0
2018-01-25,11349.96,11794.05,10950.21,11175.27,20839.954183,1362.4000244140625,89.38999938964844,11.579999923706056,0.38636363636363635,44.0
2018-01-26,11184.7,11643.0,10311.15,11089.0,33056.87196,1351.5999755859375,89.06999969482422,11.079999923706056,0.13333333333333333,60.0
2018-01-27,11089.0,11650.0,10842.69,11491.0,18860.768345,1351.5999755859375,89.06999969482422,11.079999923706056,0.32142857142857145,28.0
2018-01-28,11499.98,12244.0,11408.0,11879.95,16887.339524,1351.5999755859375,89.06999969482422,11.079999923706056,0.32142857142857145,28.0
2018-01-29,11879.95,11975.02,11139.55,11251.0,14170.377538,1351.5999755859375,89.06999969482422,11.079999923706056,0.4318181818181818,44.0
2018-01-30,11250.11,11308.42,9900.0,10237.51,25554.372946,1335.4000244140625,89.19000244140625,14.789999961853027,0.0392156862745098,51.0
2018-01-31,10230.0,10425.85,9700.0,10285.1,18015.956805,1339.0,89.12999725341797,13.539999961853027,0.21428571428571427,56.0
2018-02-01,10285.1,10335.0,8750.99,9224.52,33564.764311,1344.300048828125,88.66999816894531,13.470000267028809,0.3018867924528302,53.0
2018-02-02,9224.52,9250.0,8010.02,8873.03,49971.626975,1333.699951171875,89.19999694824219,17.309999465942383,0.09302325581395349,43.0
2018-02-03,8873.03,9473.01,8229.0,9199.96,28725.000735,1333.699951171875,89.19999694824219,17.309999465942383,0.4230769230769231,26.0
2018-02-04,9199.96,9368.0,7930.0,8184.81,32014.308449,1333.699951171875,89.19999694824219,17.309999465942383,0.25,28.0
2018-02-05,8179.99,8382.8,6625.0,6939.99,63403.182579,1333.0,89.55000305175781,37.31999969482422,0.1,50.0
2018-02-06,6939.63,7878.0,6000.01,7652.14,100201.500307,1326.0999755859375,89.58999633789062,29.979999542236328,0.11475409836065574,61.0
2018-02-07,7655.02,8476.0,7150.01,7599.0,60778.460497,1311.5999755859375,90.26000213623048,27.729999542236328,0.2903225806451613,62.0
2018-02-08,7599.0,7844.0,7572.09,7784.02,1521.537318,1316.9000244140625,90.2300033569336,33.459999084472656,0.5344827586206896,58.0
2018-02-09,7789.9,8738.0,7789.9,8683.92,20482.910825,1313.0999755859375,90.44000244140624,29.059999465942383,0.23404255319148937,47.0
2018-02-10,8683.93,9065.78,8120.0,8533.98,49381.512653,1313.0999755859375,90.44000244140624,29.059999465942383,0.022222222222222223,45.0
2018-02-11,8533.99,8549.0,7726.53,8063.88,45025.187952,1313.0999755859375,90.44000244140624,29.059999465942383,0.75,24.0
2018-02-12,8063.82,8989.0,8053.0,8903.0,41987.85049,1324.199951171875,90.20999908447266,25.61000061035156,0.4,50.0
2018-02-13,8903.0,8950.0,8351.0,8539.9,35454.972956,1328.0999755859375,89.69999694824219,24.96999931335449,0.45,40.0
2018-02-14,8535.17,9489.6,8533.0,9449.99,40811.952867,1355.5,89.12000274658203,19.26000022888184,0.3541666666666667,48.0
2018-02-15,9449.98,10219.5,9301.5,10000.09,52427.596715,1352.0999755859375,88.58999633789062,19.1299991607666,0.36363636363636365,55.0
2018-02-16,10000.89,10323.37,9666.0,10159.98,38161.205974,1353.199951171875,89.0999984741211,19.459999084472656,0.058823529411764705,51.0
2018-02-17,10156.07,11075.07,10050.0,11039.55,41882.108407,1353.199951171875,89.0999984741211,19.459999084472656,0.46153846153846156,26.0
2018-02-18,11039.55,11274.0,10080.0,10383.43,61137.380728,1353.199951171875,89.0999984741211,19.459999084472656,0.25925925925925924,27.0
2018-02-19,10375.01,11250.0,10270.33,11153.0,40831.417131,1353.199951171875,89.0999984741211,19.459999084472656,0.3333333333333333,39.0
2018-02-20,11147.11,11786.01,11100.59,11200.99,48153.354288,1328.800048828125,89.72000122070312,20.600000381469727,0.2553191489361702,47.0
2018-02-21,11195.07,11304.03,10200.0,10437.6,68113.818754,1330.0,90.08000183105467,20.020000457763672,0.3409090909090909,44.0
2018-02-22,10439.02,10933.44,9679.0,9811.04,67060.166483,1330.5999755859375,89.75,18.71999931335449,0.12962962962962962,54.0
2018-02-23,9815.55,10435.0,9570.19,10131.04,57202.70237,1328.199951171875,89.87999725341797,16.489999771118164,0.1111111111111111,45.0
2018-02-24,10131.04,10496.97,9352.0,9694.51,40888.156299,1328.199951171875,89.87999725341797,16.489999771118164,0.4827586206896552,29.0
2018-02-25,9694.51,9847.0,9274.8,9590.0,28373.517586,1328.199951171875,89.87999725341797,16.489999771118164,0.2727272727272727,33.0
2018-02-26,9590.0,10444.32,9350.0,10324.0,34878.292756,1330.699951171875,89.81999969482422,15.800000190734863,0.23529411764705882,51.0
2018-02-27,10321.0,10870.0,10121.0,10569.04,30705.385123,1315.5,90.36000061035156,18.59000015258789,0.15384615384615385,52.0
2018-02-28,10584.33,11098.0,10300.0,10326.76,30800.983782,1315.5,90.61000061035156,19.850000381469727,0.19607843137254902,51.0
2018-03-01,10325.64,11060.41,10240.0,10920.0,25092.55393,1302.9000244140625,90.31999969482422,22.46999931335449,0.30612244897959184,49.0
2018-03-02,10923.36,11200.0,10770.0,11039.0,23910.71009,1321.0999755859375,89.94000244140625,19.59000015258789,0.15384615384615385,52.0
2018-03-03,11038.99,11544.0,11015.01,11464.48,21287.15328,1321.0999755859375,89.94000244140625,19.59000015258789,0.38235294117647056,34.0
2018-03-04,11464.47,11565.0,11050.02,11515.0,17295.918653,1321.0999755859375,89.94000244140625,19.59000015258789,0.045454545454545456,22.0
2018-03-05,11515.0,11710.0,11415.01,11454.0,15144.231063,1318.0999755859375,90.08000183105467,18.729999542236328,0.3333333333333333,39.0
2018-03-06,11455.0,11455.0,10555.48,10716.48,29515.572363,1333.5999755859375,89.62000274658203,18.36000061035156,0.09302325581395349,43.0
2018-03-07,10716.48,10899.0,9389.31,9910.0,50647.67108,1326.0,89.63999938964844,17.760000228881836,0.18518518518518517,54.0
2018-03-08,9910.0,10099.0,9060.0,9271.64,41109.473226,1319.9000244140625,90.12000274658205,16.540000915527344,0.06382978723404255,47.0
2018-03-09,9267.07,9410.0,8329.0,9227.0,64112.291407,1322.4000244140625,90.08999633789062,14.640000343322754,0.023255813953488372,43.0
2018-03-10,9230.0,9490.0,8667.07,8770.22,37180.012857,1322.4000244140625,90.08999633789062,14.640000343322754,0.2692307692307692,26.0
2018-03-11,8770.22,9740.0,8450.0,9533.57,44325.973386,1322.4000244140625,90.08999633789062,14.640000343322754,0.19230769230769232,26.0
2018-03-12,9533.57,9888.88,8780.0,9131.34,42230.77793,1319.4000244140625,89.9000015258789,15.779999732971191,0.32608695652173914,46.0
2018-03-13,9131.34,9474.0,8823.0,9150.0,40191.409358,1325.9000244140625,89.66000366210938,16.350000381469727,0.3018867924528302,53.0
2018-03-14,9151.92,9333.78,7900.28,8170.0,49708.094108,1324.4000244140625,89.69999694824219,17.229999542236328,0.2653061224489796,49.0
2018-03-15,8184.01,8430.0,7650.0,8240.98,52291.022277,1316.800048828125,90.13999938964844,16.59000015258789,0.16666666666666666,54.0
2018-03-16,8240.98,8611.64,7900.0,8260.0,38815.409893,1311.300048828125,90.2300033569336,15.800000190734863,0.14285714285714285,49.0
2018-03-17,8260.0,8348.62,7721.99,7824.8,33110.206329,1311.300048828125,90.2300033569336,15.800000190734863,0.21951219512195122,41.0
2018-03-18,7824.01,8317.4,7322.0,8189.99,59488.231711,1311.300048828125,90.2300033569336,15.800000190734863,0.20689655172413793,29.0
2018-03-19,8189.0,8705.23,8088.4,8600.0,55297.084942,1316.800048828125,89.9000015258789,19.020000457763672,0.46808510638297873,47.0
2018-03-20,8595.01,9050.0,8280.0,8909.98,44865.105835,1311.0999755859375,90.37000274658205,18.200000762939453,0.2571428571428571,35.0
2018-03-21,8909.96,9177.01,8750.6,8885.0,39972.405371,1320.699951171875,89.77999877929688,17.860000610351562,0.1206896551724138,58.0
2018-03-22,8884.82,9100.0,8465.1,8722.9,40617.556809,1326.5999755859375,89.86000061035156,23.34000015258789,-0.022727272727272728,44.0
2018-03-23,8720.0,8909.0,8269.0,8898.03,39991.007666,1349.300048828125,89.44000244140625,24.8700008392334,0.06521739130434782,46.0
2018-03-24,8898.04,8999.95,8491.0,8546.86,35466.609572,1349.300048828125,89.44000244140625,24.8700008392334,0.4074074074074074,27.0
2018-03-25,8531.25,8669.85,8365.77,8470.15,29001.769316,1349.300048828125,89.44000244140625,24.8700008392334,0.3333333333333333,30.0
2018-03-26,8470.14,8514.89,7831.0,8134.23,44033.59566,1354.4000244140625,89.02999877929688,21.030000686645508,0.041666666666666664,48.0
2018-03-27,8134.22,8215.94,7730.0,7795.51,37427.64805,1341.300048828125,89.37000274658203,22.5,0.20930232558139536,43.0
2018-03-28,7795.51,8109.0,7728.0,7949.3,26401.33167,1324.199951171875,90.05999755859375,22.8700008392334,0.20833333333333334,48.0
2018-03-29,7949.3,7975.0,6941.11,7090.14,54620.915125,1322.800048828125,90.1500015258789,19.96999931335449,-0.07407407407407407,27.0
2018-03-30,7090.16,7292.43,6600.1,6840.23,65306.031976,1322.800048828125,90.1500015258789,19.96999931335449,0.10526315789473684,19.0
2018-03-31,6840.24,7223.36,6777.0,6923.91,36868.539087,1322.800048828125,90.1500015258789,19.96999931335449,0.14285714285714285,28.0
2018-04-01,6922.0,7049.98,6430.0,6813.01,44071.430463,1322.800048828125,90.1500015258789,19.96999931335449,0.12903225806451613,31.0
2018-04-02,6813.01,7125.0,6765.0,7056.0,32123.560072,1342.0999755859375,90.05000305175781,23.6200008392334,0.16666666666666666,48.0
2018-04-03,7063.97,7520.0,7011.01,7405.21,37787.331811,1332.800048828125,90.1999969482422,21.100000381469727,0.4222222222222222,45.0
2018-04-04,7405.21,7427.52,6707.0,6796.1,42227.183804,1335.800048828125,90.13999938964844,20.059999465942383,0.18,50.0
2018-04-05,6796.1,6902.0,6566.69,6770.76,39029.73146,1324.300048828125,90.45999908447266,18.940000534057617,0.05,40.0
2018-04-06,6770.0,6850.0,6500.0,6601.39,27455.01192,1331.9000244140625,90.11000061035156,21.489999771118164,0.1509433962264151,53.0
2018-04-07,6601.39,7070.0,6586.28,6895.8,32269.578267,1331.9000244140625,90.11000061035156,21.489999771118164,0.16666666666666666,18.0
2018-04-08,6895.81,7109.13,6880.0,7018.0,21427.673165,1331.9000244140625,90.11000061035156,21.489999771118164,0.2727272727272727,33.0
2018-04-09,7011.04,7185.0,6611.0,6782.72,34078.297206,1336.300048828125,89.83999633789062,21.770000457763672,0.1875,48.0
2018-04-10,6781.55,6890.0,6656.0,6843.9,22326.728095,1342.0,89.58999633789062,20.46999931335449,0.14893617021276595,47.0
2018-04-11,6839.56,6990.0,6787.0,6953.79,23997.871177,1356.5,89.56999969482422,20.239999771118164,0.43137254901960786,51.0
2018-04-12,6953.78,8012.23,6743.2,7923.0,64861.595987,1338.4000244140625,89.75,18.489999771118164,0.41935483870967744,62.0
2018-04-13,7922.99,8233.39,7732.0,7877.41,55044.523148,1344.800048828125,89.80000305175781,17.40999984741211,0.3333333333333333,54.0
2018-04-14,7877.48,8186.0,7810.0,7999.01,31621.286357,1344.800048828125,89.80000305175781,17.40999984741211,0.4482758620689655,29.0
2018-04-15,8004.0,8429.54,7999.02,8355.0,27946.720444,1344.800048828125,89.80000305175781,17.40999984741211,0.5714285714285714,28.0
2018-04-16,8355.07,8419.0,7867.0,8064.92,36664.069715,1347.5,89.43000030517578,16.559999465942383,0.41304347826086957,46.0
2018-04-17,8064.92,8173.7,7825.4,7885.02,32152.603567,1347.199951171875,89.5199966430664,15.25,0.5192307692307693,52.0
2018-04-18,7890.96,8236.43,7868.0,8173.0,26969.04457,1351.199951171875,89.62000274658203,15.600000381469728,0.2692307692307692,52.0
2018-04-19,8173.99,8296.0,8080.0,8278.0,27113.847464,1346.800048828125,89.94000244140625,15.960000038146973,0.5348837209302325,43.0
2018-04-20,8273.84,8930.0,8177.09,8856.98,39795.337485,1336.699951171875,90.31999969482422,16.8799991607666,0.36363636363636365,44.0
2018-04-21,8852.12,9035.0,8565.0,8915.31,40872.229909,1336.699951171875,90.31999969482422,16.8799991607666,0.2222222222222222,27.0
2018-04-22,8915.31,9020.67,8727.68,8787.02,29458.25348,1336.699951171875,90.31999969482422,16.8799991607666,0.43333333333333335,30.0
2018-04-23,8785.7,8985.0,8745.0,8934.01,25838.114709,1322.5,90.94000244140624,16.34000015258789,0.1702127659574468,47.0
2018-04-24,8934.0,9731.01,8922.0,9619.99,46268.790106,1331.4000244140625,90.7699966430664,18.020000457763672,0.43478260869565216,46.0
2018-04-25,9618.96,9759.82,8730.0,8869.99,81110.037589,1321.199951171875,91.16999816894533,17.84000015258789,0.23076923076923078,52.0
2018-04-26,8869.99,9307.48,8651.62,9266.0,43300.304245,1316.300048828125,91.55999755859376,16.239999771118164,0.20408163265306123,49.0
2018-04-27,9267.03,9395.0,8889.0,8915.35,37241.347036,1320.300048828125,91.54000091552734,15.40999984741211,0.358974358974359,39.0
2018-04-28,8915.35,9427.48,8870.0,9348.0,34759.62842,1320.300048828125,91.54000091552734,15.40999984741211,0.3103448275862069,29.0
2018-04-29,9348.0,9570.51,9163.74,9419.0,38149.850035,1320.300048828125,91.54000091552734,15.40999984741211,0.4482758620689655,29.0
2018-04-30,9417.04,9458.64,9124.99,9246.01,35002.033875,1316.199951171875,91.83999633789062,15.93000030517578,0.4838709677419355,31.0
2018-05-01,9246.01,9248.99,8800.49,9071.48,41018.463633,1303.800048828125,92.4499969482422,15.489999771118164,0.28888888888888886,45.0
2018-05-02,9071.48,9268.0,8970.2,9247.84,26123.543961,1302.5999755859375,92.51000213623048,15.970000267028809,0.5277777777777778,36.0
2018-05-03,9247.81,9844.0,9168.4,9750.0,38768.388288,1310.699951171875,92.41000366210938,15.899999618530272,0.14545454545454545,55.0
2018-05-04,9750.0,9830.04,9520.85,9713.99,28681.588879,1312.699951171875,92.56999969482422,14.770000457763672,0.375,48.0
2018-05-05,9714.0,10020.0,9682.0,9864.0,24990.018345,1312.699951171875,92.56999969482422,14.770000457763672,0.4482758620689655,29.0
2018-05-06,9863.99,9970.0,9417.03,9659.01,27690.351559,1312.699951171875,92.56999969482422,14.770000457763672,0.18181818181818182,22.0
2018-05-07,9661.02,9689.67,9181.0,9365.0,33787.640012,1312.199951171875,92.75,14.75,0.08888888888888889,45.0
2018-05-08,9365.0,9475.7,9060.54,9187.56,25533.831889,1312.0,93.12000274658205,14.710000038146973,0.4166666666666667,36.0
2018-05-09,9178.0,9390.0,8965.0,9310.0,25673.524899,1311.300048828125,93.04000091552734,13.420000076293944,0.38461538461538464,52.0
2018-05-10,9310.0,9395.12,8970.0,9002.2,25055.063718,1320.800048828125,92.6500015258789,13.229999542236328,0.6415094339622641,53.0
2018-05-11,9002.21,9016.8,8341.0,8400.0,48227.048061,1319.0,92.54000091552734,12.649999618530272,0.25,60.0
2018-05-12,8405.94,8646.88,8153.0,8465.94,40241.32081,1319.0,92.54000091552734,12.649999618530272,0.5483870967741935,31.0
2018-05-13,8475.44,8763.36,8298.0,8679.71,25632.869362,1319.0,92.54000091552734,12.649999618530272,0.3076923076923077,26.0
2018-05-14,8679.71,8879.99,8277.0,8663.34,37389.666533,1316.5,92.58999633789062,12.93000030517578,0.2857142857142857,49.0
2018-05-15,8663.37,8859.99,8401.3,8462.0,28126.956136,1288.9000244140625,93.22000122070312,14.630000114440918,0.4782608695652174,46.0
2018-05-16,8462.0,8488.0,8083.01,8330.0,31130.718908,1290.199951171875,93.38999938964844,13.420000076293944,0.38181818181818183,55.0
2018-05-17,8330.0,8464.0,7979.0,8041.46,25439.844799,1288.199951171875,93.47000122070312,13.43000030517578,0.41304347826086957,46.0
2018-05-18,8038.82,8273.21,7911.9,8239.81,23476.158251,1290.199951171875,93.63999938964844,13.420000076293944,0.4166666666666667,48.0
2018-05-19,8238.01,8390.8,8095.73,8233.49,17193.424276,1290.199951171875,93.63999938964844,13.420000076293944,0.3333333333333333,30.0
2018-05-20,8233.49,8609.0,8163.9,8526.98,19957.057109,1290.199951171875,93.63999938964844,13.420000076293944,0.42857142857142855,21.0
2018-05-21,8526.97,8595.31,8305.0,8381.24,21516.596486,1290.199951171875,93.68000030517578,13.079999923706056,0.38461538461538464,39.0
2018-05-22,8386.89,8400.18,7935.11,7977.11,23710.902858,1291.699951171875,93.61000061035156,13.220000267028809,0.4418604651162791,43.0
2018-05-23,7977.12,8031.9,7425.0,7501.95,42910.666774,1289.300048828125,94.01000213623048,12.579999923706056,0.2033898305084746,59.0
2018-05-24,7501.95,7730.73,7266.99,7575.01,37845.446595,1303.699951171875,93.77999877929688,12.529999732971191,0.0784313725490196,51.0
2018-05-25,7578.99,7649.55,7308.15,7457.0,26739.95664,1303.300048828125,94.19000244140624,13.220000267028809,0.24242424242424243,33.0
2018-05-26,7456.99,7620.0,7300.0,7333.96,19464.086071,1303.300048828125,94.19000244140624,13.220000267028809,0.1724137931034483,29.0
2018-05-27,7334.0,7400.0,7231.11,7338.99,18706.945515,1303.300048828125,94.19000244140624,13.220000267028809,0.3,30.0
2018-05-28,7338.99,7437.0,7058.02,7099.0,27219.438963,1303.300048828125,94.19000244140624,13.220000267028809,0.024390243902439025,41.0
2018-05-29,7099.0,7540.0,7032.95,7461.29,39407.21183,1298.699951171875,94.83000183105467,17.020000457763672,0.047619047619047616,42.0
2018-05-30,7467.98,7569.0,7260.5,7375.96,32041.583623,1301.5,94.1500015258789,14.9399995803833,0.40540540540540543,37.0
2018-05-31,7382.07,7699.0,7327.51,7485.01,30776.063102,1300.0999755859375,93.98999786376952,15.43000030517578,0.34,50.0
2018-06-01,7485.01,7608.55,7355.54,7521.01,28259.124078,1294.800048828125,94.19000244140624,13.460000038146973,0.42857142857142855,42.0
2018-06-02,7521.01,7697.33,7437.0,7640.03,26720.690219,1294.800048828125,94.19000244140624,13.460000038146973,0.5,30.0
2018-06-03,7636.81,7786.69,7600.0,7714.26,27505.158951,1294.800048828125,94.19000244140624,13.460000038146973,0.76,25.0
2018-06-04,7714.26,7760.52,7446.5,7487.0,32258.835115,1293.0999755859375,94.0199966430664,12.739999771118164,0.20930232558139536,43.0
2018-06-05,7487.0,7679.49,7358.0,7625.0,31722.973384,1297.5,93.88999938964844,12.399999618530272,0.2682926829268293,41.0
2018-06-06,7626.64,7699.0,7467.05,7658.84,27229.991898,1297.0999755859375,93.66000366210938,11.640000343322754,0.5660377358490566,53.0
2018-06-07,7658.79,7765.0,7620.0,7691.08,25062.227202,1298.699951171875,93.4000015258789,12.130000114440918,0.3958333333333333,48.0
2018-06-08,7691.08,7703.5,7531.0,7603.44,23396.804671,1298.0999755859375,93.5500030517578,12.18000030517578,0.2727272727272727,44.0
2018-06-09,7603.44,7683.98,7450.0,7491.73,19339.885176,1298.0999755859375,93.5500030517578,12.18000030517578,0.2608695652173913,23.0
2018-06-10,7491.73,7491.73,6622.81,6764.99,52342.020032,1298.0999755859375,93.5500030517578,12.18000030517578,-0.13793103448275862,29.0
2018-06-11,6765.0,6922.0,6610.0,6872.0,34552.162303,1298.9000244140625,93.58000183105467,12.350000381469728,-0.07692307692307693,52.0
2018-06-12,6872.0,6890.51,6435.0,6530.0,36722.211191,1295.0999755859375,93.8000030517578,12.34000015258789,0.02857142857142857,35.0
2018-06-13,6530.0,6627.6,6118.68,6292.78,46185.5181,1296.9000244140625,93.70999908447266,12.9399995803833,-0.1568627450980392,51.0
2018-06-14,6292.78,6720.0,6260.0,6635.98,44478.130837,1304.0,94.7699966430664,12.119999885559082,0.37735849056603776,53.0
2018-06-15,6638.67,6666.66,6362.31,6388.9,30018.329905,1274.5999755859375,94.79000091552734,11.979999542236328,0.20408163265306123,49.0
2018-06-16,6380.01,6560.0,6320.86,6483.98,22277.241147,1274.5999755859375,94.79000091552734,11.979999542236328,0.2647058823529412,34.0
2018-06-17,6482.5,6589.03,6422.0,6449.61,19847.247688,1274.5999755859375,94.79000091552734,11.979999542236328,0.2,25.0
2018-06-18,6444.06,6794.38,6380.0,6712.46,31821.434995,1276.199951171875,94.75,12.3100004196167,0.15,40.0
2018-06-19,6711.39,6841.74,6653.0,6741.21,24311.421143,1275.5999755859375,95.08999633789062,13.350000381469728,0.46808510638297873,47.0
2018-06-20,6740.0,6817.23,6551.81,6761.51,26359.752452,1271.199951171875,95.05999755859376,12.789999961853027,0.2127659574468085,47.0
2018-06-21,6763.21,6795.0,6672.57,6718.84,25428.854048,1267.199951171875,94.87000274658205,14.640000343322754,0.45652173913043476,46.0
2018-06-22,6717.69,6733.97,5918.94,6045.0,52157.370833,1267.4000244140625,94.5199966430664,13.770000457763672,0.0,53.0
2018-06-23,6045.92,6260.0,6008.48,6149.98,26622.788589,1267.4000244140625,94.5199966430664,13.770000457763672,0.10344827586206896,29.0
2018-06-24,6149.98,6259.8,5750.0,6136.97,47445.998955,1267.4000244140625,94.5199966430664,13.770000457763672,0.0,25.0
2018-06-25,6137.95,6350.0,6061.97,6252.0,39164.515306,1265.5999755859375,94.27999877929688,17.329999923706055,0.06521739130434782,46.0
2018-06-26,6252.0,6272.54,6035.0,6070.78,19377.240484,1256.5999755859375,94.68000030517578,15.920000076293944,0.35555555555555557,45.0
2018-06-27,6065.89,6190.43,5971.0,6133.73,19225.671098,1252.800048828125,95.29000091552734,17.90999984741211,0.18518518518518517,54.0
2018-06-28,6134.73,6173.01,5827.0,5853.98,30585.266026,1247.800048828125,95.38999938964844,16.850000381469727,0.21153846153846154,52.0
2018-06-29,5851.01,6300.0,5780.0,6197.92,33911.287278,1251.300048828125,94.62999725341795,16.09000015258789,0.09523809523809523,42.0
2018-06-30,6197.92,6528.99,6186.03,6390.07,37919.61284,1251.300048828125,94.62999725341795,16.09000015258789,0.10714285714285714,28.0
2018-07-01,6391.08,6441.06,6251.0,6356.81,27562.965974,1251.300048828125,94.62999725341795,16.09000015258789,-0.045454545454545456,22.0
2018-07-02,6360.82,6685.0,6271.62,6615.29,36230.452264,1239.800048828125,94.87000274658205,15.600000381469728,0.2962962962962963,54.0
2018-07-03,6615.29,6679.35,6463.01,6513.86,38657.781691,1251.5999755859375,94.58999633789062,16.139999389648438,0.375,40.0
2018-07-04,6511.01,6784.92,6441.11,6586.98,23571.892777,1251.5999755859375,94.58999633789062,16.139999389648438,0.2222222222222222,36.0
2018-07-05,6585.53,6712.0,6453.33,6529.2,35071.972898,1257.300048828125,94.47000122070312,14.970000267028809,0.1590909090909091,44.0
2018-07-06,6529.2,6648.54,6425.0,6609.78,29397.094748,1254.300048828125,94.04000091552734,13.369999885559082,0.4883720930232558,43.0
2018-07-07,6609.79,6818.16,6508.88,6756.98,23973.876886,1254.300048828125,94.04000091552734,13.369999885559082,0.4166666666666667,24.0
2018-07-08,6753.48,6780.0,6667.44,6712.1,24622.947794,1254.300048828125,94.04000091552734,13.369999885559082,0.3333333333333333,27.0
2018-07-09,6712.1,6802.06,6612.24,6662.12,26732.40655,1258.0999755859375,94.08000183105467,12.6899995803833,0.45,40.0
2018-07-10,6662.78,6681.0,6263.0,6296.91,38560.672702,1253.800048828125,94.11000061035156,12.640000343322754,0.0,36.0
2018-07-11,6296.91,6406.0,6278.99,6378.07,28715.498487,1242.800048828125,94.72000122070312,13.630000114440918,0.2972972972972973,37.0
2018-07-12,6378.07,6380.28,6070.0,6250.57,31306.663348,1245.0,94.80999755859376,12.579999923706056,0.2571428571428571,35.0
2018-07-13,6251.4,6350.0,6110.0,6214.57,26375.325286,1239.5999755859375,94.75,12.18000030517578,0.0975609756097561,41.0
2018-07-14,6214.57,6335.0,6178.0,6251.99,17783.071999,1239.5999755859375,94.75,12.18000030517578,0.23076923076923078,26.0
2018-07-15,6250.9,6395.0,6225.4,6353.01,22979.211508,1239.5999755859375,94.75,12.18000030517578,0.45,20.0
2018-07-16,6354.15,6747.3,6330.4,6723.35,36204.87708,1238.0999755859375,94.51000213623048,12.829999923706056,0.45652173913043476,46.0
2018-07-17,6723.33,7468.99,6652.04,7317.44,52105.423459,1225.699951171875,94.97000122070312,12.0600004196167,0.6285714285714286,35.0
2018-07-18,7317.44,7588.08,7225.38,7381.9,59487.64345,1226.300048828125,95.08000183105467,12.100000381469728,0.3181818181818182,44.0
2018-07-19,7381.88,7576.28,7270.0,7466.21,41218.256437,1222.4000244140625,95.16999816894533,12.869999885559082,0.3617021276595745,47.0
2018-07-20,7468.86,7700.0,7273.0,7337.53,46140.313447,1229.5,94.45999908447266,12.859999656677246,0.1956521739130435,46.0
2018-07-21,7337.47,7458.47,7211.0,7398.78,28886.490291,1229.5,94.45999908447266,12.859999656677246,0.2857142857142857,28.0
2018-07-22,7399.25,7582.4,7335.5,7394.79,30270.21844,1229.5,94.45999908447266,12.859999656677246,0.3333333333333333,21.0
2018-07-23,7394.78,7833.0,7375.0,7721.01,41646.346671,1224.0,94.66999816894533,12.619999885559082,0.35294117647058826,34.0
2018-07-24,7721.65,8486.0,7696.0,8397.24,60121.163749,1223.9000244140625,94.61000061035156,12.40999984741211,0.4,45.0
2018-07-25,8397.24,8491.77,8050.0,8175.64,48257.649124,1231.4000244140625,94.36000061035156,12.289999961853027,0.4528301886792453,53.0
2018-07-26,8175.63,8315.69,7850.06,7920.0,43223.481682,1225.300048828125,94.75,12.140000343322754,0.3333333333333333,57.0
2018-07-27,7920.0,8285.0,7805.0,8188.57,43671.005891,1222.5999755859375,94.68000030517578,13.029999732971191,0.125,56.0
2018-07-28,8188.57,8246.54,8067.0,8225.04,26215.173839,1222.5999755859375,94.68000030517578,13.029999732971191,0.38235294117647056,34.0
2018-07-29,8225.04,8294.51,8115.0,8211.0,25531.226185,1222.5999755859375,94.68000030517578,13.029999732971191,0.42857142857142855,28.0
2018-07-30,8210.99,8273.0,7866.0,8173.92,39692.416542,1221.300048828125,94.36000061035156,14.260000228881836,0.5116279069767442,43.0
2018-07-31,8171.4,8180.0,7633.0,7730.93,48296.915587,1223.699951171875,94.48999786376952,12.829999923706056,0.17391304347826086,46.0
2018-08-01,7735.67,7750.0,7430.0,7604.58,42582.312932,1217.9000244140625,94.62000274658205,13.149999618530272,0.17647058823529413,51.0
2018-08-02,7600.08,7709.46,7455.72,7525.71,37665.696684,1210.5999755859375,95.16999816894533,12.1899995803833,0.34615384615384615,52.0
2018-08-03,7525.71,7540.0,7282.44,7418.78,44669.486047,1214.199951171875,95.13999938964844,11.640000343322754,0.05263157894736842,57.0
2018-08-04,7412.27,7494.81,6926.0,7009.84,36288.42601,1214.199951171875,95.13999938964844,11.640000343322754,0.24242424242424243,33.0
2018-08-05,7009.84,7089.87,6882.29,7024.19,32894.849782,1214.199951171875,95.13999938964844,11.640000343322754,0.20689655172413793,29.0
2018-08-06,7024.19,7160.0,6821.0,6934.82,32760.191643,1208.5999755859375,95.36000061035156,11.270000457763672,0.2727272727272727,44.0
2018-08-07,6935.0,7150.46,6670.0,6720.06,45438.473501,1209.5999755859375,95.22000122070312,10.93000030517578,0.35555555555555557,45.0
2018-08-08,6720.63,6721.54,6123.0,6285.0,59550.536319,1212.5999755859375,95.0999984741211,10.850000381469728,-0.015873015873015872,63.0
2018-08-09,6283.27,6622.81,6178.6,6529.79,51941.185111,1211.9000244140625,95.5,11.270000457763672,0.19047619047619047,42.0
2018-08-10,6529.79,6575.88,6026.39,6144.01,59034.974902,1211.0999755859375,96.36000061035156,13.15999984741211,0.32558139534883723,43.0
2018-08-11,6148.13,6488.0,5971.0,6232.35,47133.418555,1211.0999755859375,96.36000061035156,13.15999984741211,0.07142857142857142,28.0
2018-08-12,6222.55,6472.3,6130.0,6308.33,38567.770712,1211.0999755859375,96.36000061035156,13.15999984741211,0.2,25.0
2018-08-13,6308.56,6545.0,6145.04,6246.35,53895.828783,1191.300048828125,96.38999938964844,14.779999732971191,0.15789473684210525,38.0
2018-08-14,6248.25,6250.33,5880.0,6188.08,50186.745091,1193.0,96.7300033569336,13.3100004196167,-0.08695652173913043,46.0
2018-08-15,6188.08,6609.0,6172.11,6267.16,68806.687026,1177.5,96.6999969482422,14.640000343322754,0.0625,32.0
2018-08-16,6265.27,6480.0,6205.6,6311.75,48515.254618,1176.199951171875,96.6500015258789,13.449999809265137,0.35714285714285715,42.0
2018-08-17,6316.0,6585.0,6285.4,6584.49,57851.610803,1176.5,96.0999984741211,12.640000343322754,0.21052631578947367,38.0
2018-08-18,6579.04,6620.0,6288.0,6387.96,53742.322172,1176.5,96.0999984741211,12.640000343322754,0.0,21.0
2018-08-19,6387.96,6541.0,6300.0,6477.53,45190.847994,1176.5,96.0999984741211,12.640000343322754,-0.15,20.0
2018-08-20,6477.53,6530.0,6220.0,6254.84,49435.55526,1186.800048828125,95.9000015258789,12.489999771118164,0.19047619047619047,42.0
2018-08-21,6251.0,6500.0,6235.08,6480.0,41569.947408,1192.5999755859375,95.26000213623048,12.859999656677246,0.20930232558139536,43.0
2018-08-22,6479.98,6882.54,6251.2,6360.89,77909.391359,1196.300048828125,95.1500015258789,12.25,0.2558139534883721,43.0
2018-08-23,6362.57,6576.99,6342.28,6525.01,40358.166825,1187.0,95.62000274658205,12.40999984741211,0.0,45.0
2018-08-24,6525.0,6725.0,6440.5,6681.64,38305.675322,1206.300048828125,95.1500015258789,11.989999771118164,0.23076923076923078,39.0
2018-08-25,6686.98,6789.0,6650.61,6733.64,19220.505929,1206.300048828125,95.1500015258789,11.989999771118164,0.5172413793103449,29.0
2018-08-26,6733.64,6775.27,6568.0,6700.0,20107.297208,1206.300048828125,95.1500015258789,11.989999771118164,0.23333333333333334,30.0
2018-08-27,6700.0,6940.51,6646.5,6908.64,37747.078747,1209.0,94.77999877929688,12.15999984741211,0.29411764705882354,51.0
2018-08-28,6907.26,7135.0,6860.0,7076.11,48352.917163,1207.4000244140625,94.72000122070312,12.5,0.45,60.0
2018-08-29,7077.0,7133.81,6912.34,7031.22,43252.487392,1204.5,94.5999984741211,12.25,0.4791666666666667,48.0
2018-08-30,7033.21,7063.63,6784.81,6984.84,44716.77462,1197.699951171875,94.72000122070312,13.529999732971191,0.3333333333333333,54.0
2018-08-31,6984.84,7089.0,6888.0,7011.21,40467.400638,1200.300048828125,95.13999938964844,12.859999656677246,0.5294117647058824,51.0
2018-09-01,7011.21,7275.0,7008.74,7200.01,40323.414093,1200.300048828125,95.13999938964844,12.859999656677246,0.45161290322580644,31.0
2018-09-02,7201.57,7345.45,7127.0,7302.01,39814.840352,1200.300048828125,95.13999938964844,12.859999656677246,0.21428571428571427,28.0
2018-09-03,7302.0,7338.28,7191.63,7263.02,32396.018371,1200.300048828125,95.13999938964844,12.859999656677246,0.5227272727272727,44.0
2018-09-04,7263.0,7410.0,7227.17,7359.06,35300.640518,1192.699951171875,95.41999816894533,13.15999984741211,0.52,50.0
2018-09-05,7359.05,7397.3,6682.0,6700.0,63715.256267,1194.9000244140625,95.12999725341795,13.90999984741211,-0.016666666666666666,60.0
2018-09-06,6697.27,6725.0,6265.0,6516.01,60644.464227,1197.9000244140625,95.0199966430664,14.649999618530272,0.14,50.0
2018-09-07,6516.84,6544.0,6320.0,6395.54,38906.28805,1193.5999755859375,95.37000274658205,14.880000114440918,0.23636363636363636,55.0
2018-09-08,6395.54,6478.0,6111.0,6185.05,38215.032171,1193.5999755859375,95.37000274658205,14.880000114440918,0.4,30.0
2018-09-09,6185.06,6441.0,6141.53,6250.81,37053.92382,1193.5999755859375,95.37000274658205,14.880000114440918,-0.038461538461538464,26.0
2018-09-10,6252.26,6373.98,6221.0,6312.0,32439.456432,1193.0,95.1500015258789,14.15999984741211,0.25,48.0
2018-09-11,6311.99,6404.0,6169.68,6294.91,33104.88859,1195.4000244140625,95.05999755859376,13.220000267028809,0.11904761904761904,42.0
2018-09-12,6293.0,6360.0,6192.37,6338.62,31433.645939,1204.699951171875,94.8000030517578,13.140000343322754,0.02631578947368421,38.0
2018-09-13,6338.62,6535.0,6337.4,6487.38,40465.063107,1202.0,94.54000091552734,12.369999885559082,0.4727272727272727,55.0
2018-09-14,6487.39,6584.99,6385.62,6476.63,37173.339277,1195.0,94.9800033569336,12.06999969482422,0.3181818181818182,44.0
2018-09-15,6476.63,6565.45,6466.13,6514.96,25243.656612,1195.0,94.9800033569336,12.06999969482422,0.47619047619047616,21.0
2018-09-16,6514.96,6524.62,6370.0,6505.0,27568.132897,1195.0,94.9800033569336,12.06999969482422,0.3448275862068966,29.0
2018-09-17,6500.08,6533.84,6201.0,6248.69,35987.254738,1199.699951171875,94.51000213623048,13.68000030517578,0.41304347826086957,46.0
2018-09-18,6248.69,6390.0,6224.98,6336.45,32620.86667,1196.800048828125,94.62000274658205,12.789999961853027,0.34545454545454546,55.0
2018-09-19,6336.39,6517.7,6123.0,6391.89,39044.080082,1202.199951171875,94.5500030517578,11.75,0.3103448275862069,58.0
2018-09-20,6392.0,6540.0,6325.0,6492.0,25189.024728,1206.199951171875,93.91000366210938,11.800000190734863,0.208955223880597,67.0
2018-09-21,6492.0,6784.86,6491.0,6759.02,51779.343463,1196.199951171875,94.22000122070312,11.68000030517578,0.4925373134328358,67.0
2018-09-22,6759.01,6839.03,6627.0,6723.05,29349.690667,1196.199951171875,94.22000122070312,11.68000030517578,0.4230769230769231,26.0
2018-09-23,6723.05,6788.23,6661.75,6708.0,30286.229773,1196.199951171875,94.22000122070312,11.68000030517578,0.6,25.0
2018-09-24,6706.81,6730.0,6557.0,6581.39,35305.73991,1199.300048828125,94.26000213623048,12.199999809265137,0.44680851063829785,47.0
2018-09-25,6581.42,6584.01,6325.02,6447.54,40301.029452,1200.0,94.12999725341795,12.420000076293944,0.38596491228070173,57.0
2018-09-26,6445.11,6557.99,6379.7,6465.12,33484.54207,1194.0,94.19000244140624,12.890000343322754,0.40384615384615385,52.0
2018-09-27,6467.84,6750.0,6434.0,6689.13,33087.428297,1182.300048828125,95.0,12.40999984741211,0.2553191489361702,47.0
2018-09-28,6689.12,6814.8,6540.88,6634.58,42399.448523,1191.5,95.19000244140624,12.119999885559082,0.4,60.0
2018-09-29,6634.58,6636.0,6464.57,6596.38,30255.9597,1191.5,95.19000244140624,12.119999885559082,0.2,30.0
2018-09-30,6597.66,6662.0,6533.0,6626.57,27764.724519,1191.5,95.19000244140624,12.119999885559082,0.42857142857142855,21.0
2018-10-01,6626.57,6667.09,6510.0,6611.61,20621.506894,1187.0999755859375,95.3000030517578,12.0,0.5625,64.0
2018-10-02,6610.0,6640.0,6494.0,6525.79,28245.810088,1202.4000244140625,95.51000213623048,12.050000190734863,0.2545454545454545,55.0
2018-10-03,6525.79,6549.0,6430.0,6510.0,28451.969138,1198.300048828125,95.76000213623048,11.609999656677246,0.25925925925925924,54.0
2018-10-04,6510.01,6643.46,6505.09,6593.79,20074.300818,1197.199951171875,95.75,14.220000267028809,0.4098360655737705,61.0
2018-10-05,6591.69,6697.0,6543.08,6635.65,16096.552392,1201.199951171875,95.62000274658205,14.81999969482422,0.35185185185185186,54.0
2018-10-06,6635.65,6651.0,6566.77,6594.27,10939.505391,1201.199951171875,95.62000274658205,14.81999969482422,0.03225806451612903,31.0
2018-10-07,6596.44,6640.0,6525.0,6615.26,17406.831762,1201.199951171875,95.62000274658205,14.81999969482422,0.2,20.0
2018-10-08,6615.26,6715.6,6587.0,6673.01,23123.419541,1184.4000244140625,95.7699966430664,15.6899995803833,0.3023255813953488,43.0
2018-10-09,6673.01,6685.38,6607.0,6656.61,15354.779469,1187.199951171875,95.68000030517578,15.949999809265137,0.11538461538461539,52.0
2018-10-10,6656.67,6659.95,6530.0,6631.0,15390.661444,1189.300048828125,95.51000213623048,22.959999084472656,0.21875,64.0
2018-10-11,6630.21,6633.92,6205.0,6252.68,48712.400332,1223.5,95.0199966430664,24.979999542236328,-0.07017543859649122,57.0
2018-10-12,6252.71,6360.0,6209.0,6298.01,29004.071419,1218.0999755859375,95.22000122070312,21.309999465942383,0.14285714285714285,56.0
2018-10-13,6298.0,6345.0,6285.07,6332.93,19098.070025,1218.0999755859375,95.22000122070312,21.309999465942383,0.2,25.0
2018-10-14,6332.92,6416.0,6308.0,6339.34,15627.411314,1218.0999755859375,95.22000122070312,21.309999465942383,-0.08,25.0
2018-10-15,6339.34,7680.0,6300.0,6752.5,90748.031246,1226.4000244140625,95.06999969482422,21.299999237060547,0.1875,64.0
2018-10-16,6752.5,6900.0,6670.0,6759.27,27557.957764,1227.300048828125,95.0500030517578,17.6200008392334,0.543859649122807,57.0
2018-10-17,6762.76,6811.12,6676.01,6740.89,26641.431379,1223.699951171875,95.58000183105467,17.399999618530273,0.4915254237288136,59.0
2018-10-18,6739.01,6796.0,6567.0,6618.96,20116.521941,1226.5,95.9000015258789,20.059999465942383,0.22641509433962265,53.0
2018-10-19,6618.96,6648.14,6523.0,6528.88,20772.60077,1225.300048828125,95.70999908447266,19.88999938964844,0.16666666666666666,48.0
2018-10-20,6528.88,6617.65,6505.55,6588.4,19240.722247,1225.300048828125,95.70999908447266,19.88999938964844,0.08333333333333333,24.0
2018-10-21,6585.72,6663.9,6580.0,6590.11,6515.357792,1225.300048828125,95.70999908447266,19.88999938964844,0.36363636363636365,22.0
2018-10-22,6590.12,6639.0,6535.27,6581.2,16213.69266,1221.199951171875,96.01000213623048,19.63999938964844,0.3023255813953488,43.0
2018-10-23,6581.2,6595.0,6515.45,6553.51,13856.601756,1233.4000244140625,95.95999908447266,20.709999084472656,0.5757575757575758,66.0
2018-10-24,6553.51,6630.0,6547.53,6565.5,11951.543977,1227.800048828125,96.43000030517578,25.229999542236328,0.515625,64.0
2018-10-25,6566.81,6575.09,6502.8,6528.09,10342.701244,1229.0999755859375,96.68000030517578,24.21999931335449,0.4716981132075472,53.0
2018-10-26,6528.13,6600.0,6515.01,6538.63,9443.504156,1232.5,96.36000061035156,24.15999984741211,0.42857142857142855,63.0
2018-10-27,6538.63,6558.35,6463.04,6505.6,7776.907864,1232.5,96.36000061035156,24.15999984741211,0.15,20.0
2018-10-28,6505.6,6514.17,6453.0,6489.93,5743.933728,1232.5,96.36000061035156,24.15999984741211,0.38461538461538464,26.0
2018-10-29,6489.93,6505.01,6315.0,6344.5,13827.224067,1224.5,96.58000183105467,24.700000762939453,0.21666666666666667,60.0
2018-10-30,6344.5,6395.0,6317.01,6330.87,8877.175385,1222.5999755859375,97.01000213623048,23.350000381469727,0.22580645161290322,62.0
2018-10-31,6330.01,6428.0,6245.02,6371.93,12148.888216,1212.300048828125,97.12999725341795,21.229999542236328,0.40625,64.0
2018-11-01,6369.52,6442.65,6348.66,6410.0,9099.035841,1236.0,96.27999877929688,19.34000015258789,0.5238095238095238,63.0
2018-11-02,6410.0,6460.34,6388.2,6433.98,9739.440679,1230.9000244140625,96.54000091552734,19.51000022888184,0.6666666666666666,48.0
2018-11-03,6432.8,6439.97,6345.0,6387.09,7661.241476,1230.9000244140625,96.54000091552734,19.51000022888184,0.4375,16.0
2018-11-04,6388.0,6525.0,6359.0,6485.85,10592.394943,1230.9000244140625,96.54000091552734,19.51000022888184,0.2,25.0
2018-11-05,6485.85,6504.39,6431.02,6468.99,8987.882156,1229.800048828125,96.3499984741211,19.959999084472656,0.42,50.0
2018-11-06,6468.99,6531.31,6445.18,6519.11,11926.565699,1223.800048828125,96.31999969482422,19.90999984741211,0.4909090909090909,55.0
2018-11-07,6522.73,6615.15,6509.0,6578.46,14271.591117,1226.199951171875,96.0,16.360000610351562,0.37735849056603776,53.0
2018-11-08,6578.46,6594.0,6468.22,6479.84,13259.789282,1222.9000244140625,96.63999938964844,16.719999313354492,0.4583333333333333,48.0
2018-11-09,6479.84,6511.53,6391.01,6419.99,11787.616583,1206.4000244140625,96.91000366210938,17.360000610351562,0.2916666666666667,48.0
2018-11-10,6419.99,6475.55,6411.0,6433.05,7714.829926,1206.4000244140625,96.91000366210938,17.360000610351562,0.5909090909090909,22.0
2018-11-11,6435.16,6462.14,6355.0,6449.81,8213.507117,1206.4000244140625,96.91000366210938,17.360000610351562,0.3157894736842105,19.0
2018-11-12,6450.71,6497.0,6421.0,6453.07,10132.782567,1201.300048828125,97.54000091552734,20.450000762939453,0.3055555555555556,36.0
2018-11-13,6451.68,6498.0,6391.15,6457.66,11790.564933,1199.199951171875,97.3000030517578,20.020000457763672,0.125,40.0
2018-11-14,6458.98,6482.84,5656.87,5922.41,46478.964003,1207.9000244140625,96.8000030517578,21.25,-0.01639344262295082,61.0
2018-11-15,5917.2,5939.54,5403.42,5753.4,47700.829401,1212.800048828125,96.93000030517578,19.979999542236328,0.07692307692307693,65.0
2018-11-16,5757.09,5782.89,5549.25,5655.94,38721.802274,1220.800048828125,96.47000122070312,18.13999938964844,0.0,42.0
2018-11-17,5650.57,5656.6,5565.43,5628.29,26411.241413,1220.800048828125,96.47000122070312,18.13999938964844,0.3333333333333333,24.0
2018-11-18,5630.49,5738.17,5617.0,5662.0,23844.999347,1220.800048828125,96.47000122070312,18.13999938964844,0.43478260869565216,23.0
2018-11-19,5661.94,5664.0,4855.0,4910.03,70580.892856,1223.0999755859375,96.19000244140624,20.100000381469727,0.03773584905660377,53.0
2018-11-20,4913.4,5048.24,4326.0,4558.86,117380.95159,1219.0,96.80999755859376,22.479999542236328,-0.06451612903225806,62.0
2018-11-21,4559.91,4787.2,4413.85,4661.07,61071.829475,1225.800048828125,96.70999908447266,20.799999237060547,0.06779661016949153,59.0
2018-11-22,4661.08,4721.77,4335.0,4370.0,34531.119143,1225.800048828125,96.70999908447266,20.799999237060547,0.1111111111111111,54.0
2018-11-23,4370.9,4484.0,4222.94,4420.61,49371.920322,1221.0,96.91999816894533,21.520000457763672,0.0425531914893617,47.0
2018-11-24,4415.63,4527.0,3824.69,3932.44,61693.111006,1221.0,96.91999816894533,21.520000457763672,0.0,27.0
2018-11-25,3933.68,4233.0,3652.66,4085.78,101693.975588,1221.0,96.91999816894533,21.520000457763672,0.06896551724137931,29.0
2018-11-26,4088.69,4206.0,3701.0,3862.2,94504.865717,1220.199951171875,97.06999969482422,18.899999618530277,0.1509433962264151,53.0
2018-11-27,3864.45,3940.0,3689.12,3875.21,67480.607212,1211.199951171875,97.37000274658205,19.020000457763672,0.0,62.0
2018-11-28,3875.63,4394.47,3874.27,4264.85,91983.567949,1221.4000244140625,96.79000091552734,18.489999771118164,0.2903225806451613,62.0
2018-11-29,4262.06,4450.38,4125.65,4295.84,73980.198669,1224.0999755859375,96.77999877929688,18.790000915527344,0.23529411764705882,51.0
2018-11-30,4295.72,4341.36,3943.0,4041.32,67758.446283,1220.199951171875,97.2699966430664,18.06999969482422,-0.04081632653061224,49.0
2018-12-01,4041.27,4299.99,3963.01,4190.02,44840.073481,1220.199951171875,97.2699966430664,18.06999969482422,0.2916666666666667,24.0
2018-12-02,4190.98,4312.99,4103.04,4161.01,38912.15479,1220.199951171875,97.2699966430664,18.06999969482422,0.38095238095238093,21.0
2018-12-03,4160.55,4179.0,3827.0,3884.01,49094.369163,1233.9000244140625,97.04000091552734,16.440000534057617,0.3793103448275862,58.0
2018-12-04,3884.76,4085.0,3781.0,3951.64,48489.551613,1241.0999755859375,96.97000122070312,20.739999771118164,0.32075471698113206,53.0
2018-12-05,3950.98,3970.0,3745.0,3769.84,44004.799448,1241.0999755859375,96.97000122070312,20.739999771118164,0.3695652173913043,46.0
2018-12-06,3768.44,3899.99,3500.0,3508.75,68378.796943,1238.0999755859375,96.80999755859376,21.190000534057617,0.24,50.0
2018-12-07,3508.75,3549.99,3224.6,3403.55,95145.457442,1246.800048828125,96.51000213623048,23.229999542236328,-0.05405405405405406,37.0
2018-12-08,3403.57,3495.0,3222.0,3410.93,55365.949949,1246.800048828125,96.51000213623048,23.229999542236328,0.2,20.0
2018-12-09,3411.36,3658.0,3394.04,3545.37,45956.893296,1246.800048828125,96.51000213623048,23.229999542236328,0.2727272727272727,22.0
2018-12-10,3548.49,3610.0,3370.11,3432.88,40989.244553,1243.699951171875,97.22000122070312,22.63999938964844,0.32653061224489793,49.0
2018-12-11,3434.01,3480.0,3324.32,3380.39,35920.864154,1241.9000244140625,97.38999938964844,21.76000022888184,0.16666666666666666,60.0
2018-12-12,3379.23,3492.0,3350.0,3445.0,33922.931286,1244.4000244140625,97.04000091552734,21.459999084472656,0.34545454545454546,55.0
2018-12-13,3446.38,3460.0,3255.5,3302.06,40040.917013,1242.699951171875,97.05999755859376,20.649999618530277,0.4,55.0
2018-12-14,3302.06,3335.39,3177.0,3224.17,44492.983807,1237.0,97.44000244140624,21.6299991607666,0.05,40.0
2018-12-15,3225.19,3276.5,3156.26,3211.72,29796.041436,1237.0,97.44000244140624,21.6299991607666,-0.1724137931034483,29.0
2018-12-16,3211.71,3294.0,3186.0,3228.67,24628.808538,1237.0,97.44000244140624,21.6299991607666,0.32142857142857145,28.0
2018-12-17,3229.22,3585.0,3216.0,3509.08,66762.216388,1247.4000244140625,97.0999984741211,24.520000457763672,0.391304347826087,46.0
2018-12-18,3509.03,3678.59,3424.47,3652.98,61369.615257,1249.199951171875,97.13999938964844,25.57999992370605,0.4745762711864407,59.0
2018-12-19,3653.0,3912.73,3622.55,3662.22,94137.341014,1252.0999755859375,97.04000091552734,25.57999992370605,0.6607142857142857,56.0
2018-12-20,3660.01,4120.0,3635.0,4049.62,101543.835986,1263.5999755859375,96.27999877929688,28.3799991607666,0.5925925925925926,54.0
2018-12-21,4051.86,4139.99,3764.0,3838.66,82343.850112,1253.800048828125,96.95999908447266,30.11000061035156,0.42,50.0
2018-12-22,3840.25,3979.0,3785.0,3948.91,42822.350872,1253.800048828125,96.95999908447266,30.11000061035156,0.391304347826087,23.0
2018-12-23,3948.91,4021.53,3870.0,3929.71,40117.531529,1253.800048828125,96.95999908447266,30.11000061035156,0.68,25.0
2018-12-24,3929.71,4198.0,3924.83,4008.01,64647.809129,1267.5,96.5500030517578,36.06999969482422,0.39285714285714285,28.0
2018-12-25,4010.11,4020.0,3646.41,3745.79,62725.629432,1267.5,96.5500030517578,36.06999969482422,-0.2962962962962963,27.0
2018-12-26,3745.56,3837.15,3656.74,3777.74,42629.375817,1269.199951171875,97.0500030517578,30.40999984741211,-0.04,25.0
2018-12-27,3777.74,3813.98,3535.0,3567.91,44097.392912,1277.300048828125,96.4800033569336,29.959999084472656,0.12,50.0
2018-12-28,3567.89,3887.25,3540.04,3839.26,45964.304987,1279.9000244140625,96.38999938964844,28.34000015258789,0.18,50.0
2018-12-29,3839.0,3892.0,3670.0,3695.32,38874.373903,1279.9000244140625,96.38999938964844,28.34000015258789,0.4,20.0
2018-12-30,3696.71,3903.5,3657.9,3801.91,33222.369262,1279.9000244140625,96.38999938964844,28.34000015258789,0.5,28.0
2018-12-31,3803.12,3810.0,3630.33,3702.9,29991.77835,1278.300048828125,96.16999816894533,25.420000076293945,0.20454545454545456,44.0
2019-01-01,3701.23,3810.16,3642.0,3797.14,23741.687033,1278.300048828125,96.16999816894533,25.420000076293945,0.34782608695652173,23.0
2019-01-02,3796.45,3882.14,3750.45,3858.56,35156.463369,1281.0,96.81999969482422,23.21999931335449,0.30434782608695654,46.0
2019-01-03,3857.57,3862.74,3730.0,3766.78,29406.948359,1291.800048828125,96.30999755859376,25.450000762939453,0.5666666666666667,60.0
2019-01-04,3767.2,3823.64,3703.57,3792.01,29519.554671,1282.699951171875,96.19000244140624,21.3799991607666,0.38,50.0
2019-01-05,3790.09,3840.99,3751.0,3770.96,30490.667751,1282.699951171875,96.19000244140624,21.3799991607666,0.3235294117647059,34.0
2019-01-06,3771.12,4027.71,3740.0,3987.6,36553.806709,1282.699951171875,96.19000244140624,21.3799991607666,0.24242424242424243,33.0
2019-01-07,3987.62,4017.9,3921.53,3975.45,31869.846264,1286.800048828125,95.70999908447266,21.399999618530277,0.4918032786885246,61.0
2019-01-08,3976.76,4069.8,3903.0,3955.13,38901.423122,1283.199951171875,95.9000015258789,20.46999931335449,0.3484848484848485,66.0
2019-01-09,3955.45,4006.81,3930.04,3966.65,28989.439511,1289.300048828125,95.22000122070312,19.979999542236328,0.28846153846153844,52.0
2019-01-10,3966.06,3996.01,3540.0,3585.88,59402.22851,1284.699951171875,95.54000091552734,19.5,0.2222222222222222,63.0
2019-01-11,3585.88,3658.0,3465.0,3601.31,38338.654733,1287.0999755859375,95.66999816894533,18.190000534057617,0.0,66.0
2019-01-12,3601.31,3618.19,3530.0,3583.13,21999.928354,1287.0999755859375,95.66999816894533,18.190000534057617,0.20512820512820512,39.0
2019-01-13,3584.1,3611.1,3441.3,3476.81,26385.757454,1287.0999755859375,95.66999816894533,18.190000534057617,0.08333333333333333,36.0
2019-01-14,3477.56,3671.87,3467.02,3626.09,35235.211215,1289.0999755859375,95.58999633789062,19.06999969482422,0.15942028985507245,69.0
2019-01-15,3626.08,3648.42,3516.62,3553.06,34137.997459,1286.199951171875,95.97000122070312,18.600000381469727,0.234375,64.0
2019-01-16,3553.06,3645.0,3543.51,3591.84,27480.179977,1291.5999755859375,96.05999755859376,19.040000915527344,0.14285714285714285,56.0
2019-01-17,3591.84,3634.7,3530.39,3616.21,29755.440838,1291.0,96.06999969482422,18.059999465942383,0.37777777777777777,45.0
2019-01-18,3613.32,3620.0,3565.75,3594.87,22713.446755,1281.300048828125,96.33999633789062,17.799999237060547,0.21153846153846154,52.0
2019-01-19,3594.87,3720.0,3594.23,3665.3,22171.578123,1281.300048828125,96.33999633789062,17.799999237060547,0.2413793103448276,29.0
2019-01-20,3665.75,3693.73,3475.0,3539.28,27901.938598,1281.300048828125,96.33999633789062,17.799999237060547,0.1111111111111111,36.0
2019-01-21,3539.26,3559.51,3475.5,3526.9,19644.436839,1281.300048828125,96.33999633789062,17.799999237060547,0.016666666666666666,60.0
2019-01-22,3526.88,3608.5,3434.85,3570.93,29336.442967,1282.5,96.3000030517578,20.799999237060547,0.11764705882352941,68.0
2019-01-23,3570.41,3607.98,3514.5,3552.82,24938.842698,1283.0999755859375,96.12000274658205,19.520000457763672,0.35294117647058826,68.0
2019-01-24,3552.97,3589.0,3529.22,3569.62,20826.25118,1279.0999755859375,96.5999984741211,18.88999938964844,0.373134328358209,67.0
2019-01-25,3569.07,3587.15,3522.51,3565.29,17608.346671,1297.4000244140625,95.79000091552734,17.420000076293945,0.28,50.0
2019-01-26,3566.69,3662.94,3545.0,3565.25,19476.532344,1297.4000244140625,95.79000091552734,17.420000076293945,0.21621621621621623,37.0
2019-01-27,3565.62,3579.0,3486.0,3550.84,22735.598162,1297.4000244140625,95.79000091552734,17.420000076293945,0.25,20.0
2019-01-28,3550.05,3557.75,3380.27,3434.15,40405.111401,1302.4000244140625,95.75,18.8700008392334,-0.01639344262295082,61.0
2019-01-29,3434.0,3443.45,3349.92,3411.04,29544.928977,1308.199951171875,95.81999969482422,19.1299991607666,-0.015151515151515152,66.0
2019-01-30,3410.04,3478.0,3387.1,3458.18,23968.260243,1309.9000244140625,95.33999633789062,17.65999984741211,0.3384615384615385,65.0
2019-01-31,3457.5,3489.2,3418.8,3434.1,29607.190253,1319.699951171875,95.58000183105467,16.56999969482422,0.4166666666666667,60.0
2019-02-01,3434.1,3488.0,3401.2,3462.07,25260.476159,1316.9000244140625,95.58000183105467,16.139999389648438,0.32786885245901637,61.0
2019-02-02,3462.2,3526.4,3440.29,3504.77,17920.802,1316.9000244140625,95.58000183105467,16.139999389648438,0.22857142857142856,35.0
2019-02-03,3504.06,3511.09,3426.0,3458.11,19867.33639,1316.9000244140625,95.58000183105467,16.139999389648438,0.19444444444444445,36.0
2019-02-04,3458.11,3484.88,3433.31,3463.22,23131.981108,1314.300048828125,95.8499984741211,15.729999542236328,0.017241379310344827,58.0
2019-02-05,3463.22,3478.97,3448.43,3471.59,25264.41503,1314.199951171875,96.0999984741211,15.56999969482422,0.2413793103448276,58.0
2019-02-06,3471.57,3482.72,3380.0,3405.37,35310.244846,1309.5,96.41999816894533,15.380000114440918,0.208955223880597,67.0
2019-02-07,3407.0,3426.45,3390.0,3398.4,18665.538638,1309.4000244140625,96.51000213623048,16.3700008392334,0.20754716981132076,53.0
2019-02-08,3398.4,3733.58,3373.1,3659.04,47968.058013,1313.699951171875,96.63999938964844,15.720000267028809,0.421875,64.0
2019-02-09,3660.27,3680.02,3625.13,3665.18,24759.833719,1313.699951171875,96.63999938964844,15.720000267028809,0.5833333333333334,36.0
2019-02-10,3665.18,3684.99,3609.76,3680.06,23250.602634,1313.699951171875,96.63999938964844,15.720000267028809,0.3548387096774194,31.0
2019-02-11,3679.75,3684.9,3615.53,3631.05,24954.614571,1307.0,97.05999755859376,15.970000267028809,0.43103448275862066,58.0
2019-02-12,3631.05,3667.6,3582.34,3631.46,29479.59823,1309.199951171875,96.70999908447266,15.43000030517578,0.36666666666666664,60.0
2019-02-13,3631.51,3670.0,3591.75,3609.4,25773.997648,1310.800048828125,97.12999725341795,15.649999618530272,0.46153846153846156,65.0
2019-02-14,3608.34,3626.4,3568.11,3590.56,21753.501261,1309.800048828125,96.9800033569336,16.219999313354492,0.3064516129032258,62.0
2019-02-15,3590.57,3653.23,3573.45,3602.47,20777.872899,1318.0999755859375,96.91999816894533,14.90999984741211,0.3333333333333333,54.0
2019-02-16,3602.49,3648.2,3597.91,3618.41,19565.992751,1318.0999755859375,96.91999816894533,14.90999984741211,-0.09523809523809523,21.0
2019-02-17,3617.22,3700.11,3604.4,3667.58,25690.227779,1318.0999755859375,96.91999816894533,14.90999984741211,0.05263157894736842,19.0
2019-02-18,3667.62,3925.0,3655.0,3898.6,64042.730492,1318.0999755859375,96.91999816894533,14.90999984741211,0.5263157894736842,57.0
2019-02-19,3897.35,3994.52,3856.0,3907.79,50207.172667,1340.0999755859375,96.5199966430664,14.880000114440918,0.47540983606557374,61.0
2019-02-20,3907.35,3986.98,3870.66,3969.74,36205.14085,1343.300048828125,96.4499969482422,14.020000457763672,0.5652173913043478,69.0
2019-02-21,3969.74,4016.48,3901.03,3937.31,31103.884728,1323.5,96.61000061035156,14.460000038146973,0.375,64.0
2019-02-22,3937.31,3988.0,3926.65,3962.0,23943.16375,1329.199951171875,96.51000213623048,13.510000228881836,0.47619047619047616,63.0
2019-02-23,3962.0,4162.02,3933.15,4117.76,33657.942883,1329.199951171875,96.51000213623048,13.510000228881836,0.6756756756756757,37.0
2019-02-24,4118.0,4198.0,3712.66,3743.56,62224.18689,1329.199951171875,96.51000213623048,13.510000228881836,0.4473684210526316,38.0
2019-02-25,3743.56,3872.66,3740.0,3827.92,38102.966245,1325.9000244140625,96.41000366210938,14.850000381469728,0.26865671641791045,67.0
2019-02-26,3828.44,3841.51,3777.0,3809.23,28838.748036,1325.0999755859375,96.0,15.170000076293944,0.38235294117647056,68.0
2019-02-27,3809.31,3838.85,3677.17,3818.07,31500.995466,1317.699951171875,96.1500015258789,14.699999809265137,0.47368421052631576,57.0
2019-02-28,3818.04,3888.0,3763.87,3813.69,32561.961044,1312.800048828125,96.16000366210938,14.779999732971191,0.3389830508474576,59.0
2019-03-01,3814.26,3857.0,3813.01,3823.0,23174.57217,1296.4000244140625,96.52999877929688,13.56999969482422,0.288135593220339,59.0
2019-03-02,3822.17,3841.31,3772.25,3819.93,19445.838355,1296.4000244140625,96.52999877929688,13.56999969482422,0.06666666666666667,30.0
2019-03-03,3819.97,3835.0,3781.32,3807.75,16718.16541,1296.4000244140625,96.52999877929688,13.56999969482422,0.5652173913043478,23.0
2019-03-04,3807.32,3830.0,3670.69,3715.3,34742.84166,1284.800048828125,96.68000030517578,14.630000114440918,0.1935483870967742,62.0
2019-03-05,3716.1,3877.1,3703.55,3857.73,32962.536162,1282.0,96.8499984741211,14.739999771118164,0.5,66.0
2019-03-06,3857.58,3907.0,3813.09,3861.84,24775.11883,1284.9000244140625,96.87000274658205,15.739999771118164,0.4915254237288136,59.0
2019-03-07,3861.84,3905.4,3840.4,3873.64,26455.257661,1283.800048828125,97.66999816894533,16.59000015258789,0.4126984126984127,63.0
2019-03-08,3873.63,3932.0,3800.0,3864.89,34730.366592,1297.0,97.37000274658205,16.049999237060547,0.35294117647058826,51.0
2019-03-09,3864.88,3971.75,3854.75,3943.04,30979.747653,1297.0,97.37000274658205,16.049999237060547,0.40540540540540543,37.0
2019-03-10,3943.43,3943.43,3881.69,3916.82,23187.561412,1297.0,97.37000274658205,16.049999237060547,0.21875,32.0
2019-03-11,3915.99,3936.98,3830.0,3871.61,38066.885705,1288.800048828125,97.22000122070312,14.329999923706056,-0.0196078431372549,51.0
2019-03-12,3871.61,3905.2,3826.06,3882.73,26921.008622,1296.300048828125,96.94000244140624,13.770000457763672,0.14,50.0
2019-03-13,3882.69,3893.56,3840.0,3866.0,24461.008757,1307.5,96.5500030517578,13.40999984741211,0.21311475409836064,61.0
2019-03-14,3866.0,3920.0,3810.43,3877.12,27048.74853,1293.4000244140625,96.79000091552734,13.5,0.18181818181818182,66.0
2019-03-15,3877.12,3939.22,3872.2,3923.76,21740.061498,1301.800048828125,96.5999984741211,12.880000114440918,0.1267605633802817,71.0
2019-03-16,3924.46,4056.98,3921.98,4005.98,28568.376124,1301.800048828125,96.5999984741211,12.880000114440918,0.4883720930232558,43.0
2019-03-17,4005.98,4012.0,3950.01,3981.14,18814.255577,1301.800048828125,96.5999984741211,12.880000114440918,0.5384615384615384,26.0
2019-03-18,3981.85,4037.0,3953.33,3987.81,22454.47801,1300.300048828125,96.5199966430664,13.100000381469728,0.28125,64.0
2019-03-19,3987.83,4031.0,3970.0,4015.53,19893.741815,1305.0,96.37999725341795,13.5600004196167,0.4507042253521127,71.0
2019-03-20,4017.48,4050.0,3980.5,4043.04,23432.300255,1300.5,95.76000213623048,13.90999984741211,0.3698630136986301,73.0
2019-03-21,4043.04,4069.32,3880.01,3980.64,35997.682119,1306.0999755859375,96.5,13.630000114440918,0.5,56.0
2019-03-22,3980.85,4008.0,3968.25,3986.93,20022.606318,1311.5999755859375,96.6500015258789,16.479999542236328,0.23529411764705882,51.0
2019-03-23,3987.89,4018.83,3978.01,4006.01,17302.604318,1311.5999755859375,96.6500015258789,16.479999542236328,0.32432432432432434,37.0
2019-03-24,4006.01,4006.02,3950.0,3992.18,17179.850648,1311.5999755859375,96.6500015258789,16.479999542236328,0.21212121212121213,33.0
2019-03-25,3991.35,3999.3,3888.71,3936.12,33192.890217,1321.9000244140625,96.56999969482422,16.329999923706055,0.3770491803278688,61.0
2019-03-26,3935.47,3958.98,3894.0,3948.55,29349.537627,1314.300048828125,96.73999786376952,14.68000030517578,0.16216216216216217,74.0
2019-03-27,3948.77,4048.0,3936.15,4038.05,32364.555852,1309.9000244140625,96.7699966430664,15.149999618530272,0.3103448275862069,58.0
2019-03-28,4039.58,4039.7,4002.0,4027.81,20089.293875,1289.800048828125,97.1999969482422,14.43000030517578,0.6481481481481481,54.0
2019-03-29,4028.22,4123.71,4024.03,4103.25,30084.217444,1293.0,97.27999877929688,13.710000038146973,0.4,60.0
2019-03-30,4104.24,4140.0,4052.0,4106.97,19509.292601,1293.0,97.27999877929688,13.710000038146973,0.34210526315789475,38.0
2019-03-31,4106.99,4116.12,4082.57,4103.95,13525.087433,1293.0,97.27999877929688,13.710000038146973,0.48,25.0
2019-04-01,4102.44,4158.7,4067.0,4144.56,25507.067641,1288.4000244140625,97.25,13.399999618530272,0.5192307692307693,52.0
2019-04-02,4144.54,4897.99,4140.54,4857.29,105383.639263,1290.0,97.36000061035156,13.359999656677246,0.6164383561643836,73.0
2019-04-03,4857.19,5275.01,4753.5,4932.6,109890.125743,1289.9000244140625,97.08999633789062,13.739999771118164,0.6707317073170732,82.0
2019-04-04,4932.59,5039.08,4777.0,4898.66,61054.254168,1289.0,97.30999755859376,13.579999923706056,0.2923076923076923,65.0
2019-04-05,4898.64,5028.22,4880.62,5004.95,39768.552806,1290.4000244140625,97.4000015258789,12.81999969482422,0.5806451612903226,62.0
2019-04-06,5004.96,5205.0,4928.59,5043.89,41770.842313,1290.4000244140625,97.4000015258789,12.81999969482422,0.5869565217391305,46.0
2019-04-07,5042.07,5234.0,5026.0,5170.27,37615.486804,1290.4000244140625,97.4000015258789,12.81999969482422,0.25806451612903225,31.0
2019-04-08,5170.27,5305.0,5039.0,5236.9,50178.430782,1297.0999755859375,97.0500030517578,13.18000030517578,0.44776119402985076,67.0
2019-04-09,5238.38,5238.4,5076.68,5150.0,34067.012311,1303.5,97.01000213623048,14.279999732971191,0.25675675675675674,74.0
2019-04-10,5150.0,5422.0,5135.0,5308.25,40073.620471,1309.0999755859375,96.9499969482422,13.300000190734863,0.5138888888888888,72.0
2019-04-11,5307.86,5332.67,4927.0,5017.37,54696.600686,1288.5999755859375,97.18000030517578,13.020000457763672,0.13043478260869565,69.0
2019-04-12,5017.37,5080.58,4861.22,5048.01,33276.678614,1290.5999755859375,96.97000122070312,12.010000228881836,0.14516129032258066,62.0
2019-04-13,5047.0,5099.0,5004.0,5045.22,17292.456802,1290.5999755859375,96.97000122070312,12.010000228881836,0.23529411764705882,34.0
2019-04-14,5047.45,5152.99,5000.0,5131.3,18281.607739,1290.5999755859375,96.97000122070312,12.010000228881836,0.23684210526315788,38.0
2019-04-15,5131.28,5167.38,4950.0,5024.95,29057.191581,1286.800048828125,96.94000244140624,12.31999969482422,0.21875,64.0
2019-04-16,5024.95,5197.72,5003.94,5173.72,24242.229493,1272.5999755859375,97.04000091552734,12.18000030517578,0.4626865671641791,67.0
2019-04-17,5173.72,5230.4,5146.8,5202.82,23307.536134,1272.199951171875,97.01000213623048,12.600000381469728,0.47368421052631576,57.0
2019-04-18,5202.41,5287.0,5198.8,5258.44,22619.239001,1271.9000244140625,97.47000122070312,12.09000015258789,0.39344262295081966,61.0
2019-04-19,5258.44,5320.0,5175.0,5258.68,24611.236323,1271.9000244140625,97.47000122070312,12.09000015258789,0.203125,64.0
2019-04-20,5258.68,5333.42,5230.1,5291.73,19168.908274,1271.9000244140625,97.47000122070312,12.09000015258789,0.13333333333333333,30.0
2019-04-21,5292.91,5314.35,5165.0,5256.14,25549.570939,1271.9000244140625,97.47000122070312,12.09000015258789,0.39473684210526316,38.0
2019-04-22,5257.41,5400.0,5208.35,5357.14,29563.852309,1273.5,97.27999877929688,12.420000076293944,0.37735849056603776,53.0
2019-04-23,5357.14,5600.0,5332.41,5493.31,41262.103917,1269.300048828125,97.56999969482422,12.279999732971191,0.5135135135135135,74.0
2019-04-24,5490.91,5582.2,5333.35,5415.0,48224.152413,1275.5,98.0999984741211,13.140000343322754,0.2777777777777778,72.0
2019-04-25,5415.0,5491.84,5102.0,5219.9,49636.089948,1275.800048828125,98.1999969482422,13.25,0.3,70.0
2019-04-26,5220.47,5510.0,5161.62,5314.1,48912.294513,1284.9000244140625,98.01000213623048,12.729999542236328,-0.125,56.0
2019-04-27,5315.0,5342.5,5257.67,5295.69,15422.896935,1284.9000244140625,98.01000213623048,12.729999542236328,0.12121212121212122,33.0
2019-04-28,5295.69,5340.0,5259.48,5307.52,14371.433869,1284.9000244140625,98.01000213623048,12.729999542236328,0.12121212121212122,33.0
2019-04-29,5309.81,5332.0,5178.8,5238.14,19918.135079,1278.5999755859375,97.86000061035156,13.109999656677246,0.03389830508474576,59.0
2019-04-30,5238.14,5339.98,5192.15,5320.81,22238.06823,1282.800048828125,97.4800033569336,13.119999885559082,0.32857142857142857,70.0
2019-05-01,5321.94,5402.0,5316.2,5383.2,17217.473216,1281.4000244140625,97.69000244140624,14.800000190734863,0.6376811594202898,69.0
2019-05-02,5383.2,5538.0,5370.0,5492.87,22795.787835,1269.699951171875,97.83000183105467,14.420000076293944,0.578125,64.0
2019-05-03,5494.81,5844.0,5477.57,5772.69,46297.172849,1279.199951171875,97.5199966430664,12.869999885559082,0.5666666666666667,60.0
2019-05-04,5770.62,5900.0,5587.45,5829.45,39682.408991,1279.199951171875,97.5199966430664,12.869999885559082,0.3333333333333333,39.0
2019-05-05,5829.83,5839.9,5696.0,5775.62,23822.543775,1279.199951171875,97.5199966430664,12.869999885559082,-0.06666666666666667,30.0
2019-05-06,5773.18,5805.0,5619.14,5747.79,25256.596325,1281.699951171875,97.5199966430664,15.4399995803833,0.14754098360655737,61.0
2019-05-07,5749.92,6028.41,5747.74,5846.34,39905.064422,1283.5,97.62999725341795,19.31999969482422,0.4444444444444444,72.0
2019-05-08,5846.34,6014.72,5772.2,5987.29,23074.186907,1279.4000244140625,97.62000274658205,19.399999618530277,0.19718309859154928,71.0
2019-05-09,5986.66,6224.55,5983.71,6209.18,27453.011436,1283.5,97.37000274658205,19.100000381469727,0.4605263157894737,76.0
2019-05-10,6209.95,6468.92,6172.0,6373.33,36623.61079,1285.699951171875,97.33000183105467,16.040000915527344,0.39473684210526316,76.0
2019-05-11,6375.16,7343.99,6372.85,7076.22,74022.424393,1285.699951171875,97.33000183105467,16.040000915527344,0.6607142857142857,56.0
2019-05-12,7076.24,7521.78,6750.0,6967.31,86948.975339,1285.699951171875,97.33000183105467,16.040000915527344,0.6,40.0
2019-05-13,6968.24,8100.0,6870.0,7790.71,85804.735333,1300.0999755859375,97.31999969482422,20.549999237060547,0.7297297297297297,74.0
2019-05-14,7795.62,8366.0,7599.56,7947.56,76583.722603,1294.699951171875,97.52999877929688,18.059999465942383,0.6304347826086957,92.0
2019-05-15,7945.26,8249.0,7850.0,8169.87,37884.327211,1296.300048828125,97.56999969482422,16.440000534057617,0.5432098765432098,81.0
2019-05-16,8169.08,8320.0,7705.0,7866.59,69630.513996,1285.0,97.83999633789062,15.289999961853027,0.463768115942029,69.0
2019-05-17,7868.67,7925.0,6913.0,7355.26,88752.008159,1274.5,98.0,15.960000038146973,-0.01639344262295082,61.0
2019-05-18,7355.28,7458.0,7156.61,7257.45,37054.944779,1274.5,98.0,15.960000038146973,0.30434782608695654,46.0
2019-05-19,7257.32,8275.09,7243.08,8148.48,65577.442058,1274.5,98.0,15.960000038146973,0.6829268292682927,41.0
2019-05-20,8147.94,8156.03,7553.0,7938.15,65859.208564,1276.0999755859375,97.93000030517578,16.309999465942383,0.2537313432835821,67.0
2019-05-21,7937.16,8042.32,7771.0,7904.87,52301.752247,1272.0,98.05999755859376,14.949999809265137,0.40229885057471265,87.0
2019-05-22,7904.48,8016.0,7465.0,7628.43,49136.994589,1273.5999755859375,98.11000061035156,14.75,0.17721518987341772,79.0
2019-05-23,7627.8,7940.98,7461.0,7851.51,49648.184701,1284.800048828125,97.8499984741211,16.920000076293945,0.22727272727272727,66.0
2019-05-24,7849.95,8130.0,7766.0,7964.87,46664.785325,1283.0,97.61000061035156,15.850000381469728,0.4406779661016949,59.0
2019-05-25,7964.52,8091.8,7908.34,8025.41,28414.328817,1283.0,97.61000061035156,15.850000381469728,0.5111111111111111,45.0
2019-05-26,8023.0,8740.0,7833.42,8614.43,49652.144567,1283.0,97.61000061035156,15.850000381469728,0.6052631578947368,38.0
2019-05-27,8612.54,8908.32,8589.0,8756.32,51886.768793,1283.0,97.61000061035156,15.850000381469728,0.6875,64.0
2019-05-28,8752.52,8798.49,8510.63,8715.64,31470.551534,1276.5,97.95999908447266,17.5,0.5507246376811594,69.0
2019-05-29,8716.87,8750.0,8406.6,8645.68,33880.865922,1280.5999755859375,98.13999938964844,17.899999618530273,0.41333333333333333,75.0
2019-05-30,8646.5,9074.26,8005.0,8269.54,70379.998521,1287.0999755859375,98.13999938964844,17.299999237060547,0.4666666666666667,75.0
2019-05-31,8267.1,8594.0,8108.5,8555.0,44727.49162,1305.800048828125,97.75,18.709999084472656,0.06329113924050633,79.0
2019-06-01,8555.0,8626.0,8442.36,8544.07,31868.234157,1305.800048828125,97.75,18.709999084472656,0.5,42.0
2019-06-02,8545.1,8814.78,8524.0,8725.98,27835.133265,1305.800048828125,97.75,18.709999084472656,0.4444444444444444,36.0
2019-06-03,8726.0,8800.95,8080.8,8115.82,45692.965104,1322.699951171875,97.13999938964844,18.86000061035156,0.3698630136986301,73.0
2019-06-04,8115.66,8115.66,7481.02,7687.03,74143.948941,1323.4000244140625,97.06999969482422,16.969999313354492,-0.10526315789473684,76.0
2019-06-05,7687.04,7896.7,7572.78,7776.5,48679.656455,1328.300048828125,97.37000274658205,16.09000015258789,0.189873417721519,79.0
2019-06-06,7778.08,7868.13,7444.58,7786.7,36624.118747,1337.5999755859375,97.02999877929688,15.93000030517578,0.08450704225352113,71.0
2019-06-07,7787.57,8100.0,7737.49,7980.53,33942.225658,1341.199951171875,96.61000061035156,16.299999237060547,0.352112676056338,71.0
2019-06-08,7978.94,8044.65,7751.0,7893.62,22657.329634,1341.199951171875,96.61000061035156,16.299999237060547,0.23529411764705882,34.0
2019-06-09,7895.28,7935.0,7506.66,7628.13,31568.465157,1341.199951171875,96.61000061035156,16.299999237060547,0.22580645161290322,31.0
2019-06-10,7627.57,8020.0,7511.0,7982.75,36756.078468,1324.699951171875,96.76000213623048,15.9399995803833,0.3918918918918919,74.0
2019-06-11,7981.0,8010.0,7692.23,7884.9,30334.999427,1326.4000244140625,96.69000244140624,15.989999771118164,0.4603174603174603,63.0
2019-06-12,7884.9,8200.0,7788.99,8127.64,41597.082622,1331.9000244140625,97.0,15.90999984741211,0.47692307692307695,65.0
2019-06-13,8127.64,8309.82,8010.03,8218.54,30467.764341,1339.199951171875,97.01000213623048,15.81999969482422,0.6111111111111112,72.0
2019-06-14,8216.44,8684.41,8144.32,8650.0,39835.246255,1340.0999755859375,97.56999969482422,15.279999732971191,0.21311475409836064,61.0
2019-06-15,8650.88,8864.99,8567.63,8808.7,31791.636039,1340.0999755859375,97.56999969482422,15.279999732971191,0.5,46.0
2019-06-16,8810.77,9333.0,8760.0,8953.33,63289.251219,1340.0999755859375,97.56999969482422,15.279999732971191,0.6304347826086957,46.0
2019-06-17,8953.0,9444.0,8950.0,9313.96,47895.485374,1338.699951171875,97.55999755859376,15.350000381469728,0.609375,64.0
2019-06-18,9312.13,9336.36,8950.0,9081.55,51554.569401,1346.5999755859375,97.63999938964844,15.149999618530272,0.38235294117647056,68.0
2019-06-19,9081.97,9304.0,8960.0,9255.49,32147.706495,1344.5999755859375,97.12000274658205,14.329999923706056,0.46774193548387094,62.0
2019-06-20,9253.76,9590.0,9175.2,9517.12,34556.053982,1392.9000244140625,96.62999725341795,14.75,0.38095238095238093,63.0
2019-06-21,9518.06,10174.99,9518.06,10159.86,50484.415892,1396.199951171875,96.22000122070312,15.399999618530272,0.5526315789473685,76.0
2019-06-22,10159.86,11160.0,9921.72,10729.5,104169.447976,1396.199951171875,96.22000122070312,15.399999618530272,0.6567164179104478,67.0
2019-06-23,10729.0,11392.64,10555.18,10906.07,57445.323945,1396.199951171875,96.22000122070312,15.399999618530272,0.3090909090909091,55.0
2019-06-24,10905.95,11143.63,10620.8,11056.59,43101.045285,1414.300048828125,95.9800033569336,15.260000228881836,0.373134328358209,67.0
2019-06-25,11056.59,11850.0,11026.0,11820.86,61276.686648,1414.9000244140625,96.16000366210938,16.280000686645508,0.6276595744680851,94.0
2019-06-26,11821.28,13970.0,11741.0,13093.8,155930.147386,1411.5999755859375,96.20999908447266,16.209999084472656,0.5094339622641509,106.0
2019-06-27,13098.38,13478.04,10525.1,11329.99,173894.820889,1408.4000244140625,96.19000244140624,15.81999969482422,0.25263157894736843,95.0
2019-06-28,11329.99,12480.0,10982.88,12400.63,95795.203964,1409.699951171875,96.12999725341795,15.079999923706056,0.19736842105263158,76.0
2019-06-29,12407.06,12441.54,11475.02,11903.13,69642.074157,1409.699951171875,96.12999725341795,15.079999923706056,0.26,50.0
2019-06-30,11903.13,12180.0,10766.03,10854.1,84512.530443,1409.699951171875,96.12999725341795,15.079999923706056,0.3877551020408163,49.0
2019-07-01,10854.1,11282.28,10030.0,10624.93,90962.268271,1385.5999755859375,96.83999633789062,14.0600004196167,0.26582278481012656,79.0
2019-07-02,10624.9,10938.75,9727.0,10842.85,109561.038728,1404.5999755859375,96.7300033569336,12.93000030517578,0.1111111111111111,81.0
2019-07-03,10844.98,11991.89,10841.04,11940.0,96815.90029,1417.699951171875,96.7699966430664,12.56999969482422,0.4675324675324675,77.0
2019-07-04,11940.0,12000.0,11055.0,11145.67,66512.221892,1417.699951171875,96.7699966430664,12.56999969482422,0.38028169014084506,71.0
2019-07-05,11145.67,11406.83,10796.44,10970.73,63534.350582,1396.699951171875,97.25,13.279999732971191,0.2698412698412698,63.0
2019-07-06,10982.41,11665.0,10964.51,11256.49,51469.496331,1396.699951171875,97.25,13.279999732971191,0.38095238095238093,42.0
2019-07-07,11256.45,11538.0,11094.37,11406.24,38884.795599,1396.699951171875,97.25,13.279999732971191,0.30303030303030304,33.0
2019-07-08,11410.0,12338.03,11220.0,12238.6,52182.367215,1397.0,97.37999725341795,13.960000038146973,0.475,80.0
2019-07-09,12238.6,12794.73,12068.0,12543.41,78442.130343,1397.5,97.48999786376952,14.09000015258789,0.5416666666666666,96.0
2019-07-10,12548.51,13147.08,11569.0,12108.37,109246.044997,1410.0999755859375,97.0999984741211,13.029999732971191,0.45,80.0
2019-07-11,12108.11,12111.73,11000.0,11342.89,87506.461058,1404.300048828125,97.0500030517578,12.93000030517578,-0.02247191011235955,89.0
2019-07-12,11342.88,11885.0,11073.0,11757.22,56321.858281,1409.9000244140625,96.80999755859376,12.390000343322754,0.1276595744680851,94.0
2019-07-13,11757.22,11799.98,10830.0,11355.76,54245.594548,1409.9000244140625,96.80999755859376,12.390000343322754,0.32608695652173914,46.0
2019-07-14,11355.78,11452.0,10103.0,10174.18,72517.579236,1409.9000244140625,96.80999755859376,12.390000343322754,-0.20454545454545456,44.0
2019-07-15,10174.18,11100.0,9860.0,10838.72,81922.426332,1411.4000244140625,96.93000030517578,12.68000030517578,-0.24285714285714285,70.0
2019-07-16,10833.78,11028.0,9350.01,9439.59,97219.443413,1409.199951171875,97.4000015258789,12.859999656677246,0.0125,80.0
2019-07-17,9430.17,9957.0,9060.0,9667.92,84942.672717,1421.300048828125,97.22000122070312,13.970000267028809,-0.09302325581395349,86.0
2019-07-18,9668.86,10788.0,9252.0,10627.16,80283.310252,1426.0999755859375,96.79000091552734,13.529999732971191,0.2073170731707317,82.0
2019-07-19,10628.64,10769.71,10121.84,10504.29,56546.932133,1425.0999755859375,97.1500015258789,14.449999809265137,0.2804878048780488,82.0
2019-07-20,10505.78,11068.99,10350.0,10740.23,47331.899848,1425.0999755859375,97.1500015258789,14.449999809265137,0.3111111111111111,45.0
2019-07-21,10740.27,10817.9,10288.0,10589.45,38834.287935,1425.0999755859375,97.1500015258789,14.449999809265137,0.2916666666666667,48.0
2019-07-22,10590.15,10683.16,10100.0,10340.31,40467.954839,1425.300048828125,97.26000213623048,13.529999732971191,0.4084507042253521,71.0
2019-07-23,10343.08,10343.97,9822.0,9864.91,47624.37071,1420.0999755859375,97.70999908447266,12.609999656677246,0.1951219512195122,82.0
2019-07-24,9864.78,9937.0,9525.0,9763.28,43475.380377,1422.800048828125,97.7300033569336,12.06999969482422,-0.05128205128205128,78.0
2019-07-25,9763.4,10175.0,9720.03,9879.87,37873.354728,1413.9000244140625,97.81999969482422,12.739999771118164,0.2054794520547945,73.0
2019-07-26,9882.15,9889.98,9637.0,9824.0,27167.463217,1418.5,98.01000213623048,12.15999984741211,0.08064516129032258,62.0
2019-07-27,9824.0,10188.66,9333.0,9476.52,43809.778301,1418.5,98.01000213623048,12.15999984741211,0.09302325581395349,43.0
2019-07-28,9478.92,9594.99,9165.0,9541.54,29401.022937,1418.5,98.01000213623048,12.15999984741211,-0.1,30.0
2019-07-29,9541.54,9729.0,9395.0,9507.64,29021.937411,1419.5999755859375,98.04000091552734,12.829999923706056,0.11475409836065574,61.0
2019-07-30,9509.07,9714.28,9402.0,9574.21,32536.368834,1429.699951171875,98.0500030517578,13.9399995803833,0.15942028985507245,69.0
2019-07-31,9575.0,10109.8,9555.0,10080.53,39515.35456,1426.0999755859375,98.5199966430664,16.1200008392334,0.4647887323943662,71.0
2019-08-01,10080.53,10467.86,9863.46,10374.99,41727.637028,1420.9000244140625,98.38999938964844,17.8700008392334,0.45588235294117646,68.0
2019-08-02,10375.0,10670.0,10281.35,10523.75,42990.444221,1445.5999755859375,98.0999984741211,17.610000610351562,0.5,60.0
2019-08-03,10523.75,10904.77,10497.93,10816.86,33802.318824,1445.5999755859375,98.0999984741211,17.610000610351562,0.39285714285714285,28.0
2019-08-04,10816.86,11040.0,10552.0,10929.23,39924.745141,1445.5999755859375,98.0999984741211,17.610000610351562,0.5,34.0
2019-08-05,10929.99,11937.52,10927.8,11828.8,65153.673713,1464.5999755859375,97.5,24.59000015258789,0.5555555555555556,63.0
2019-08-06,11830.0,12330.7,11226.7,11481.69,76705.389875,1472.4000244140625,97.62999725341795,20.170000076293945,0.43037974683544306,79.0
2019-08-07,11481.69,12141.17,11382.84,11975.03,69173.390353,1507.300048828125,97.54000091552734,19.489999771118164,0.21621621621621623,74.0
2019-08-08,11975.04,12060.0,11521.0,11999.77,51207.257174,1497.699951171875,97.62000274658205,16.90999984741211,0.1,60.0
2019-08-09,11994.17,12045.68,11700.0,11879.99,39427.152588,1496.5999755859375,97.48999786376952,17.969999313354492,0.18055555555555555,72.0
2019-08-10,11879.98,11985.0,11270.0,11309.31,42633.087048,1496.5999755859375,97.48999786376952,17.969999313354492,0.05,40.0
2019-08-11,11309.24,11600.0,11112.11,11549.97,26772.90691,1496.5999755859375,97.48999786376952,17.969999313354492,0.32142857142857145,28.0
2019-08-12,11539.08,11577.89,11235.32,11396.08,17568.227075,1505.300048828125,97.37999725341795,21.09000015258789,0.09375,64.0
2019-08-13,11398.35,11456.16,10788.45,10892.71,33234.72968,1502.199951171875,97.80999755859376,17.520000457763672,0.21428571428571427,70.0
2019-08-14,10893.36,10897.48,9928.1,10050.37,54451.847499,1515.9000244140625,97.98999786376952,22.100000381469727,0.0375,80.0
2019-08-15,10055.16,10460.0,9911.0,10293.93,38174.45112,1519.5999755859375,98.13999938964844,21.18000030517578,-0.1282051282051282,78.0
2019-08-16,10296.77,10536.03,9750.0,10331.54,51758.142918,1512.5,98.13999938964844,18.46999931335449,0.24050632911392406,79.0
2019-08-17,10331.15,10465.14,10000.0,10216.02,29000.581201,1512.5,98.13999938964844,18.46999931335449,0.375,32.0
2019-08-18,10216.05,10500.0,10080.0,10306.78,24085.395172,1512.5,98.13999938964844,18.46999931335449,0.07142857142857142,28.0
2019-08-19,10306.17,10930.0,10258.6,10915.54,37243.319217,1500.4000244140625,98.3499984741211,16.8799991607666,0.36507936507936506,63.0
2019-08-20,10914.73,10949.96,10560.0,10760.51,32298.921679,1504.5999755859375,98.19000244140624,17.5,0.36764705882352944,68.0
2019-08-21,10760.51,10804.13,9858.0,10142.57,47355.719282,1504.5999755859375,98.3000030517578,15.800000190734863,-0.20253164556962025,79.0
2019-08-22,10140.82,10242.0,9762.0,10099.88,34059.642738,1497.300048828125,98.16999816894533,16.68000030517578,0.14864864864864866,74.0
2019-08-23,10099.9,10445.0,10019.79,10389.55,27550.336173,1526.5999755859375,97.63999938964844,19.8700008392334,0.08695652173913043,69.0
2019-08-24,10388.16,10419.42,9890.0,10134.35,27692.456844,1526.5999755859375,97.63999938964844,19.8700008392334,0.09090909090909091,33.0
2019-08-25,10134.61,10333.0,9906.97,10142.69,26271.657398,1526.5999755859375,97.63999938964844,19.8700008392334,0.40625,32.0
2019-08-26,10142.69,10604.0,10137.93,10372.25,41687.511599,1526.300048828125,98.08000183105467,19.31999969482422,0.27631578947368424,76.0
2019-08-27,10373.6,10391.08,10051.08,10185.05,28402.775383,1541.0,98.0,20.309999465942383,-0.02,50.0
2019-08-28,10185.69,10299.0,9601.01,9721.0,42110.555375,1537.800048828125,98.20999908447266,19.350000381469727,0.0847457627118644,59.0
2019-08-29,9721.0,9724.0,9320.0,9498.44,35532.69491,1526.5,98.51000213623048,17.8799991607666,-0.13793103448275862,58.0
2019-08-30,9499.01,9696.0,9350.41,9584.54,26834.318104,1519.0999755859375,98.91999816894533,18.979999542236328,0.17647058823529413,51.0
2019-08-31,9582.76,9684.51,9420.75,9587.47,17130.290074,1519.0999755859375,98.91999816894533,18.979999542236328,0.16666666666666666,30.0
2019-09-01,9588.74,9830.0,9520.0,9724.98,19545.404843,1519.0999755859375,98.91999816894533,18.979999542236328,0.5142857142857142,35.0
2019-09-02,9723.59,10450.0,9712.5,10340.0,44740.248093,1519.0999755859375,98.91999816894533,18.979999542236328,0.06153846153846154,65.0
2019-09-03,10340.0,10773.0,10272.0,10615.28,47998.376781,1545.9000244140625,98.9499969482422,19.65999984741211,0.5571428571428572,70.0
2019-09-04,10611.85,10799.0,10369.89,10567.02,43943.889026,1550.300048828125,98.4499969482422,17.329999923706055,0.373134328358209,67.0
2019-09-05,10565.92,10900.0,10450.0,10564.49,33970.960639,1515.4000244140625,98.41000366210938,16.270000457763672,0.4067796610169492,59.0
2019-09-06,10563.13,10905.87,10150.0,10298.73,58799.640959,1506.199951171875,98.38999938964844,15.0,0.3620689655172414,58.0
2019-09-07,10298.71,10558.0,10288.57,10455.88,27637.877392,1506.199951171875,98.38999938964844,15.0,0.07692307692307693,26.0
2019-09-08,10455.9,10592.5,10208.0,10381.18,23984.672018,1506.199951171875,98.38999938964844,15.0,0.37037037037037035,27.0
2019-09-09,10381.24,10480.0,10068.5,10303.12,39835.727608,1502.199951171875,98.27999877929688,15.270000457763672,0.3815789473684211,76.0
2019-09-10,10302.58,10384.99,9953.0,10098.15,28915.412225,1490.300048828125,98.33000183105467,15.199999809265137,0.18292682926829268,82.0
2019-09-11,10098.19,10293.0,9880.0,10158.33,31953.824562,1494.4000244140625,98.6500015258789,14.609999656677246,0.22727272727272727,66.0
2019-09-12,10158.75,10448.81,10040.0,10415.01,34511.162755,1498.699951171875,98.30999755859376,14.220000267028809,0.4084507042253521,71.0
2019-09-13,10415.01,10439.0,10153.0,10342.06,30280.339776,1490.9000244140625,98.26000213623048,13.739999771118164,0.5857142857142857,70.0
2019-09-14,10344.13,10419.99,10222.33,10335.02,23621.533519,1490.9000244140625,98.26000213623048,13.739999771118164,0.48717948717948717,39.0
2019-09-15,10332.81,10360.0,10252.15,10302.01,18047.654013,1490.9000244140625,98.26000213623048,13.739999771118164,0.30303030303030304,33.0
2019-09-16,10303.34,10355.0,10078.0,10251.31,28971.401657,1503.0999755859375,98.6500015258789,14.670000076293944,0.39705882352941174,68.0
2019-09-17,10249.68,10275.0,10128.01,10187.82,22914.324563,1505.0999755859375,98.26000213623048,14.4399995803833,0.3380281690140845,71.0
2019-09-18,10187.48,10258.02,10100.0,10156.99,24250.249303,1507.5,98.5999984741211,13.949999809265137,0.3698630136986301,73.0
2019-09-19,10156.41,10325.0,9653.0,10244.29,44826.282579,1498.4000244140625,98.2699966430664,14.050000190734863,0.20652173913043478,92.0
2019-09-20,10243.7,10281.0,10061.39,10168.59,25088.491069,1507.300048828125,98.51000213623048,15.31999969482422,0.42857142857142855,70.0
2019-09-21,10167.92,10176.7,9900.0,9986.39,20544.175196,1507.300048828125,98.51000213623048,15.31999969482422,0.25925925925925924,27.0
2019-09-22,9985.15,10089.0,9853.97,10028.87,22049.275256,1507.300048828125,98.51000213623048,15.31999969482422,0.25,40.0
2019-09-23,10028.05,10049.99,9615.77,9702.25,31937.232356,1523.699951171875,98.5999984741211,14.90999984741211,0.2222222222222222,81.0
2019-09-24,9702.2,9794.99,7800.0,8493.14,94007.345203,1532.0999755859375,98.33999633789062,17.049999237060547,-0.1044776119402985,67.0
2019-09-25,8497.55,8730.0,8215.64,8430.05,60783.892258,1504.5999755859375,99.04000091552734,15.960000038146973,0.012048192771084338,83.0
2019-09-26,8430.05,8465.99,7750.0,8063.73,67930.853749,1507.5,99.20999908447266,16.06999969482422,0.11842105263157894,76.0
2019-09-27,8063.49,8265.0,7852.15,8177.91,43882.924625,1499.0999755859375,99.11000061035156,17.219999313354492,0.19736842105263158,76.0
2019-09-28,8177.47,8315.0,8001.09,8198.81,34473.605165,1499.0999755859375,99.11000061035156,17.219999313354492,0.22916666666666666,48.0
2019-09-29,8199.38,8229.13,7890.0,8043.82,31544.211388,1499.0999755859375,99.11000061035156,17.219999313354492,0.09375,32.0
2019-09-30,8043.04,8337.26,7710.0,8289.34,55865.48726,1465.699951171875,99.37999725341795,16.239999771118164,-0.02531645569620253,79.0
2019-10-01,8289.97,8500.0,8173.05,8292.44,43479.58742,1482.0,99.12999725341795,18.559999465942383,0.09375,64.0
2019-10-02,8292.67,8373.91,8151.22,8359.94,26243.386644,1501.0,99.04000091552734,20.559999465942383,0.1,60.0
2019-10-03,8360.0,8393.0,8060.0,8223.96,30488.284058,1507.0999755859375,98.86000061035156,19.1200008392334,0.21818181818181817,55.0
2019-10-04,8224.43,8232.41,8005.0,8137.13,26476.330404,1506.199951171875,98.80999755859376,17.040000915527344,0.0,57.0
2019-10-05,8137.09,8183.41,8012.98,8126.19,21907.615564,1506.199951171875,98.80999755859376,17.040000915527344,-0.046511627906976744,43.0
2019-10-06,8127.55,8153.87,7785.0,7854.25,34676.104049,1506.199951171875,98.80999755859376,17.040000915527344,0.10256410256410256,39.0
2019-10-07,7855.3,8299.92,7762.0,8190.09,52202.072297,1497.699951171875,98.98999786376952,17.860000610351562,0.1388888888888889,72.0
2019-10-08,8190.82,8325.0,8088.75,8168.39,35452.657423,1497.199951171875,99.13999938964844,20.280000686645508,0.46875,64.0
2019-10-09,8170.79,8670.0,8115.0,8560.74,55038.704378,1506.0999755859375,99.12000274658205,18.63999938964844,0.5974025974025974,77.0
2019-10-10,8562.15,8644.0,8414.52,8558.03,39137.946167,1494.800048828125,98.70999908447266,17.56999969482422,0.3614457831325301,83.0
2019-10-11,8557.82,8779.51,8212.38,8258.5,50405.284418,1482.699951171875,98.3000030517578,15.579999923706056,0.2459016393442623,61.0
2019-10-12,8257.95,8400.0,8250.0,8300.09,21339.334098,1482.699951171875,98.3000030517578,15.579999923706056,0.13636363636363635,44.0
2019-10-13,8301.98,8451.37,8160.0,8275.01,27840.739953,1482.699951171875,98.3000030517578,15.579999923706056,0.475,40.0
2019-10-14,8275.24,8388.85,8203.0,8348.2,29810.663253,1491.699951171875,98.4499969482422,14.56999969482422,0.19696969696969696,66.0
2019-10-15,8346.86,8403.0,8090.0,8159.29,32773.062476,1477.5999755859375,98.29000091552734,13.539999961853027,0.49333333333333335,75.0
2019-10-16,8159.3,8181.16,7917.0,7991.74,34733.593966,1488.0,98.01000213623048,13.68000030517578,0.17333333333333334,75.0
2019-10-17,7995.02,8124.92,7929.03,8070.58,29656.949158,1492.300048828125,97.61000061035156,13.789999961853027,0.2112676056338028,71.0
2019-10-18,8070.71,8115.0,7816.01,7947.01,31353.181416,1488.199951171875,97.27999877929688,14.25,0.015625,64.0
2019-10-19,7946.89,8098.1,7866.92,7948.01,26627.889388,1488.199951171875,97.27999877929688,14.25,0.15,40.0
2019-10-20,7949.87,8297.0,7870.0,8223.35,34286.452654,1488.199951171875,97.27999877929688,14.25,0.3939393939393939,33.0
2019-10-21,8223.35,8333.0,8142.03,8197.27,30448.679539,1482.4000244140625,97.33000183105467,14.0,0.4925373134328358,67.0
2019-10-22,8197.28,8297.99,8000.0,8020.0,34651.828663,1481.699951171875,97.52999877929688,14.460000038146973,0.22666666666666666,75.0
2019-10-23,8020.06,8047.59,7300.0,7466.62,63897.457098,1489.9000244140625,97.47000122070312,14.010000228881836,0.0375,80.0
2019-10-24,7468.47,7503.68,7337.99,7412.41,32714.383265,1498.9000244140625,97.62999725341795,13.710000038146973,0.1267605633802817,71.0
2019-10-25,7412.41,8799.0,7361.0,8655.02,90748.218174,1499.5,97.83000183105467,12.649999618530272,0.3048780487804878,82.0
2019-10-26,8655.88,10370.0,8470.38,9230.0,162588.585413,1499.5,97.83000183105467,12.649999618530272,0.6829268292682927,41.0
2019-10-27,9230.0,9794.98,9074.34,9529.93,93833.541604,1499.5,97.83000183105467,12.649999618530272,0.5151515151515151,33.0
2019-10-28,9528.23,9902.1,9160.0,9205.14,80174.217323,1490.0,97.76000213623048,13.109999656677246,0.5068493150684932,73.0
2019-10-29,9204.45,9550.0,9072.0,9407.62,64158.462446,1487.0,97.69000244140624,13.199999809265137,0.4126984126984127,63.0
2019-10-30,9407.62,9409.84,9001.01,9154.72,55241.786434,1493.199951171875,97.6500015258789,12.329999923706056,0.27941176470588236,68.0
2019-10-31,9154.02,9405.0,8913.0,9140.85,54376.024902,1511.4000244140625,97.3499984741211,13.220000267028809,0.4024390243902439,82.0
2019-11-01,9140.86,9279.0,9030.0,9231.61,43594.814115,1508.0,97.23999786376952,12.300000190734863,0.02631578947368421,76.0
2019-11-02,9231.4,9373.74,9186.21,9289.52,28923.060828,1508.0,97.23999786376952,12.300000190734863,0.47368421052631576,38.0
2019-11-03,9289.85,9362.57,9066.14,9194.71,27894.378279,1508.0,97.23999786376952,12.300000190734863,0.08333333333333333,36.0
2019-11-04,9196.46,9513.68,9115.84,9393.35,45894.456277,1508.0,97.51000213623048,12.829999923706056,0.2,70.0
2019-11-05,9392.4,9454.95,9175.76,9308.66,45935.873665,1480.800048828125,97.9800033569336,13.100000381469728,0.4126984126984127,63.0
2019-11-06,9307.73,9440.91,9250.01,9339.05,37336.170372,1490.199951171875,97.9499969482422,12.619999885559082,0.45454545454545453,66.0
2019-11-07,9339.16,9375.0,9101.0,9216.2,39117.470853,1464.199951171875,98.13999938964844,12.729999542236328,0.07575757575757576,66.0
2019-11-08,9214.0,9261.0,8696.0,8773.73,62107.289243,1461.300048828125,98.3499984741211,12.06999969482422,-0.014084507042253521,71.0
2019-11-09,8773.74,8880.0,8724.88,8809.41,29469.481405,1461.300048828125,98.3499984741211,12.06999969482422,0.09302325581395349,43.0
2019-11-10,8809.18,9147.19,8750.0,9039.47,34422.029797,1461.300048828125,98.3499984741211,12.06999969482422,0.3548387096774194,31.0
2019-11-11,9040.16,9072.32,8618.68,8733.27,44888.053545,1455.5,98.1999969482422,12.6899995803833,0.3670886075949367,79.0
2019-11-12,8733.36,8888.0,8567.6,8821.94,40366.629471,1452.0999755859375,98.30999755859376,12.68000030517578,0.3333333333333333,72.0
2019-11-13,8821.91,8844.99,8702.0,8777.12,26810.116918,1461.699951171875,98.37000274658205,13.0,0.30434782608695654,69.0
2019-11-14,8777.54,8800.0,8582.6,8646.68,33468.468961,1471.800048828125,98.16000366210938,13.050000190734863,0.25,68.0
2019-11-15,8646.38,8790.0,8400.0,8471.73,46087.417751,1467.300048828125,98.0,12.050000190734863,-0.18333333333333332,60.0
2019-11-16,8471.62,8543.0,8400.0,8491.02,20902.299752,1467.300048828125,98.0,12.050000190734863,0.21621621621621623,37.0
2019-11-17,8490.74,8635.0,8350.68,8502.4,27009.037082,1467.300048828125,98.0,12.050000190734863,0.25,40.0
2019-11-18,8502.87,8503.52,8060.0,8187.17,43017.69094,1470.9000244140625,97.79000091552734,12.460000038146973,0.0,73.0
2019-11-19,8186.5,8218.63,8003.0,8133.64,43556.061025,1473.300048828125,97.86000061035156,12.859999656677246,0.14457831325301204,83.0
2019-11-20,8133.83,8264.29,8038.4,8098.01,32466.23098,1473.300048828125,97.93000030517578,12.779999732971191,0.14473684210526316,76.0
2019-11-21,8098.56,8134.73,7500.0,7627.74,58418.780261,1463.0999755859375,97.98999786376952,13.130000114440918,0.0,98.0
2019-11-22,7627.79,7750.0,6790.0,7268.23,126603.140259,1463.0999755859375,98.2699966430664,12.34000015258789,-0.2608695652173913,69.0
2019-11-23,7268.23,7344.48,7080.01,7311.57,50449.894755,1463.0999755859375,98.2699966430664,12.34000015258789,0.19047619047619047,42.0
2019-11-24,7311.1,7330.39,6861.0,6903.28,67890.206483,1463.0999755859375,98.2699966430664,12.34000015258789,0.3023255813953488,43.0
2019-11-25,6900.23,7377.69,6515.0,7109.57,119645.735197,1456.5999755859375,98.31999969482422,11.869999885559082,0.031746031746031744,63.0
2019-11-26,7109.99,7340.0,7017.48,7156.14,65722.39769,1459.800048828125,98.25,11.539999961853027,0.3142857142857143,70.0
2019-11-27,7154.75,7655.0,6840.0,7508.52,92452.87349,1453.4000244140625,98.41000366210938,11.75,0.22033898305084745,59.0
2019-11-28,7507.9,7643.0,7360.0,7419.49,56933.981109,1453.4000244140625,98.41000366210938,11.75,0.35,60.0
2019-11-29,7418.52,7850.0,7362.3,7739.68,60745.300873,1465.5999755859375,98.2699966430664,12.619999885559082,0.1935483870967742,62.0
2019-11-30,7740.99,7810.0,7441.0,7541.89,46989.433619,1465.5999755859375,98.2699966430664,12.619999885559082,0.2777777777777778,36.0
2019-12-01,7540.63,7541.85,7210.0,7390.89,60769.342313,1465.5999755859375,98.2699966430664,12.619999885559082,0.25925925925925924,27.0
2019-12-02,7391.5,7420.56,7151.1,7294.28,46330.25604,1462.300048828125,97.86000061035156,14.90999984741211,0.14285714285714285,49.0
2019-12-03,7294.42,7400.0,7241.35,7292.71,33149.477487,1478.199951171875,97.73999786376952,15.960000038146973,0.3220338983050847,59.0
2019-12-04,7292.71,7750.0,7067.0,7194.32,83153.701586,1474.0,97.6500015258789,14.800000190734863,0.12307692307692308,65.0
2019-12-05,7194.59,7485.0,7150.0,7389.0,59306.678855,1476.9000244140625,97.41000366210938,14.520000457763672,0.2033898305084746,59.0
2019-12-06,7389.0,7590.03,7305.0,7527.47,48189.087944,1459.0999755859375,97.6999969482422,13.619999885559082,0.29508196721311475,61.0
2019-12-07,7527.8,7619.62,7470.16,7488.21,31498.684173,1459.0999755859375,97.6999969482422,13.619999885559082,0.5483870967741935,31.0
2019-12-08,7487.31,7564.0,7374.86,7510.11,29856.897631,1459.0999755859375,97.6999969482422,13.619999885559082,0.3333333333333333,30.0
2019-12-09,7510.11,7650.0,7273.0,7338.64,46621.887493,1459.300048828125,97.63999938964844,15.859999656677246,0.2028985507246377,69.0
2019-12-10,7338.64,7407.6,7157.1,7224.13,49723.76214,1462.5999755859375,97.41000366210938,15.68000030517578,-0.017857142857142856,56.0
2019-12-11,7224.15,7275.5,7125.66,7210.0,30093.091944,1469.4000244140625,97.16000366210938,14.989999771118164,0.24561403508771928,57.0
2019-12-12,7210.0,7295.0,7080.3,7198.08,42288.600932,1466.699951171875,97.4000015258789,13.9399995803833,0.10666666666666667,75.0
2019-12-13,7197.76,7309.05,7190.76,7258.48,27609.873795,1475.5999755859375,97.16999816894533,12.630000114440918,0.2413793103448276,58.0
2019-12-14,7257.37,7271.77,7012.0,7064.05,29561.985967,1475.5999755859375,97.16999816894533,12.630000114440918,0.08695652173913043,46.0
2019-12-15,7064.14,7200.3,7008.35,7118.59,26395.778137,1475.5999755859375,97.16999816894533,12.630000114440918,0.21739130434782608,46.0
2019-12-16,7119.6,7150.0,6836.0,6891.72,43863.993059,1475.0,97.06999969482422,12.140000343322754,-0.013888888888888888,72.0
2019-12-17,6891.44,6942.21,6560.0,6623.82,53865.069929,1474.5999755859375,97.20999908447266,12.289999961853027,-0.26229508196721313,61.0
2019-12-18,6623.84,7440.0,6435.0,7277.83,95636.651251,1472.5999755859375,97.41000366210938,12.579999923706056,-0.02857142857142857,70.0
2019-12-19,7277.83,7380.0,7038.31,7150.3,55509.049075,1478.199951171875,97.41999816894533,12.5,0.36470588235294116,85.0
2019-12-20,7151.31,7220.0,7079.5,7187.83,32132.069205,1474.699951171875,97.70999908447266,12.510000228881836,0.2911392405063291,79.0
2019-12-21,7188.01,7190.58,7105.0,7132.75,19467.174028,1474.699951171875,97.70999908447266,12.510000228881836,0.26,50.0
2019-12-22,7131.59,7518.54,7122.47,7501.44,39137.45515,1474.699951171875,97.70999908447266,12.510000228881836,0.39622641509433965,53.0
2019-12-23,7500.71,7695.38,7265.84,7317.09,68051.997203,1482.5,97.66000366210938,12.609999656677246,0.3291139240506329,79.0
2019-12-24,7317.3,7436.68,7157.04,7255.77,43629.494188,1499.0999755859375,97.6500015258789,12.670000076293944,0.05660377358490566,53.0
2019-12-25,7255.77,7271.77,7128.86,7204.63,27492.044323,1499.0999755859375,97.6500015258789,12.670000076293944,0.05128205128205128,39.0
2019-12-26,7205.01,7435.0,7157.12,7202.0,36259.761076,1509.300048828125,97.58999633789062,12.649999618530272,0.11904761904761904,42.0
2019-12-27,7202.0,7275.86,7076.42,7254.74,33642.701861,1513.800048828125,96.91999816894533,13.43000030517578,0.2608695652173913,46.0
2019-12-28,7254.77,7365.01,7238.67,7316.14,26848.982199,1513.800048828125,96.91999816894533,13.43000030517578,0.2702702702702703,37.0
2019-12-29,7315.36,7528.45,7288.0,7388.24,31387.106085,1513.800048828125,96.91999816894533,13.43000030517578,0.41025641025641024,39.0
2019-12-30,7388.43,7408.24,7220.0,7246.0,29605.911782,1514.5,96.73999786376952,14.81999969482422,0.02127659574468085,47.0
2019-12-31,7246.0,7320.0,7145.01,7195.23,25954.453533,1519.5,96.38999938964844,13.779999732971191,0.14634146341463414,41.0
2020-01-01,7195.24,7255.0,7175.15,7200.85,16792.388165,1519.5,96.38999938964844,13.779999732971191,0.2,45.0
2020-01-02,7200.77,7212.5,6924.74,6965.71,31951.483932,1524.5,96.8499984741211,12.470000267028809,0.208955223880597,67.0
2020-01-03,6965.49,7405.0,6871.04,7344.96,68428.500451,1549.199951171875,96.83999633789062,14.020000457763672,0.359375,64.0
2020-01-04,7345.0,7404.0,7272.21,7354.11,29987.974977,1549.199951171875,96.83999633789062,14.020000457763672,0.325,40.0
2020-01-05,7354.19,7495.0,7318.0,7358.75,38331.085604,1549.199951171875,96.83999633789062,14.020000457763672,0.3684210526315789,38.0
2020-01-06,7357.64,7795.34,7346.76,7758.0,54635.695316,1566.199951171875,96.66999816894533,13.850000381469728,0.36764705882352944,68.0
2020-01-07,7758.9,8207.68,7723.71,8145.28,91171.684661,1571.800048828125,96.9800033569336,13.789999961853027,0.4,70.0
2020-01-08,8145.92,8455.0,7870.0,8055.98,112622.64264,1557.4000244140625,97.3000030517578,13.449999809265137,0.4230769230769231,78.0
2020-01-09,8054.72,8055.96,7750.0,7817.76,64239.51983,1551.699951171875,97.4499969482422,12.539999961853027,0.16901408450704225,71.0
2020-01-10,7817.74,8199.0,7672.0,8197.02,82406.777448,1557.5,97.36000061035156,12.5600004196167,0.2987012987012987,77.0
2020-01-11,8198.86,8286.34,8003.16,8020.01,54810.032667,1557.5,97.36000061035156,12.5600004196167,0.5777777777777777,45.0
2020-01-12,8020.01,8197.0,7960.0,8184.98,38131.494336,1557.5,97.36000061035156,12.5600004196167,0.4791666666666667,48.0
2020-01-13,8184.97,8196.0,8055.89,8110.34,31159.755683,1548.4000244140625,97.3499984741211,12.31999969482422,0.5789473684210527,76.0
2020-01-14,8110.34,8880.0,8105.54,8810.01,120399.126742,1542.4000244140625,97.37000274658205,12.390000343322754,0.5730337078651685,89.0
2020-01-15,8814.64,8916.48,8564.0,8821.41,84816.297606,1552.0999755859375,97.2300033569336,12.420000076293944,0.3333333333333333,84.0
2020-01-16,8820.01,8859.81,8586.0,8720.01,51991.074284,1549.0,97.31999969482422,12.31999969482422,0.17073170731707318,82.0
2020-01-17,8720.15,9041.65,8672.44,8913.28,70897.737377,1558.800048828125,97.61000061035156,12.100000381469728,0.42028985507246375,69.0
2020-01-18,8913.27,8988.88,8806.38,8915.96,38294.746545,1558.800048828125,97.61000061035156,12.100000381469728,0.4,45.0
2020-01-19,8915.09,9198.98,8466.0,8701.7,70676.889259,1558.800048828125,97.61000061035156,12.100000381469728,0.32727272727272727,55.0
2020-01-20,8701.72,8746.99,8521.28,8642.35,38896.639746,1558.800048828125,97.61000061035156,12.100000381469728,0.2962962962962963,81.0
2020-01-21,8642.35,8789.0,8488.0,8736.03,36494.687659,1556.4000244140625,97.52999877929688,12.850000381469728,0.5394736842105263,76.0
2020-01-22,8736.04,8818.0,8590.0,8682.36,29080.557138,1555.300048828125,97.52999877929688,12.90999984741211,0.4868421052631579,76.0
2020-01-23,8682.77,8691.81,8306.39,8404.52,48165.944597,1564.5999755859375,97.69000244140624,12.979999542236328,0.12857142857142856,70.0
2020-01-24,8404.52,8528.02,8238.0,8439.0,41687.529529,1571.0999755859375,97.8499984741211,14.5600004196167,0.08333333333333333,72.0
2020-01-25,8438.99,8451.26,8254.9,8340.58,25521.157932,1571.0999755859375,97.8499984741211,14.5600004196167,0.2549019607843137,51.0
2020-01-26,8340.01,8618.13,8293.66,8615.0,31130.485164,1571.0999755859375,97.8499984741211,14.5600004196167,0.24390243902439024,41.0
2020-01-27,8614.39,9000.0,8535.0,8907.57,53973.542996,1576.800048828125,97.95999908447266,18.229999542236328,0.4583333333333333,72.0
2020-01-28,8907.57,9400.0,8862.4,9374.21,74584.853765,1569.199951171875,98.0199966430664,16.280000686645508,0.3170731707317073,82.0
2020-01-29,9375.34,9449.24,9216.0,9301.53,53864.065122,1569.800048828125,97.98999786376952,16.389999389648438,0.2604166666666667,96.0
2020-01-30,9301.57,9578.0,9204.44,9513.21,60626.744259,1583.5,97.87000274658205,15.489999771118164,0.375,80.0
2020-01-31,9511.52,9530.22,9210.01,9352.89,45552.022352,1582.9000244140625,97.38999938964844,18.84000015258789,0.3,80.0
2020-02-01,9351.71,9464.53,9281.0,9384.61,28578.067354,1582.9000244140625,97.38999938964844,18.84000015258789,0.5869565217391305,46.0
2020-02-02,9384.41,9477.03,9120.0,9331.51,45690.91254,1582.9000244140625,97.38999938964844,18.84000015258789,0.2702702702702703,37.0
2020-02-03,9331.59,9618.79,9234.0,9292.24,50892.133451,1577.199951171875,97.8000030517578,17.969999313354492,0.35443037974683544,79.0
2020-02-04,9291.35,9350.0,9093.01,9197.02,53308.175266,1550.4000244140625,97.95999908447266,16.049999237060547,0.22857142857142856,70.0
2020-02-05,9197.02,9744.45,9177.22,9612.04,64870.415615,1557.800048828125,98.2699966430664,15.149999618530272,0.5679012345679012,81.0
2020-02-06,9612.03,9862.57,9526.35,9772.0,64949.706588,1565.0999755859375,98.5,14.960000038146973,0.4819277108433735,83.0
2020-02-07,9772.0,9885.0,9730.0,9813.73,43966.114632,1568.5999755859375,98.68000030517578,15.470000267028809,0.47368421052631576,57.0
2020-02-08,9813.87,9940.0,9667.11,9895.05,43600.843666,1568.5999755859375,98.68000030517578,15.470000267028809,0.48936170212765956,47.0
2020-02-09,9895.04,10166.0,9880.75,10151.75,43408.475616,1568.5999755859375,98.68000030517578,15.470000267028809,0.72,50.0
2020-02-10,10151.72,10188.0,9756.0,9851.83,59573.084619,1574.699951171875,98.83000183105467,15.039999961853027,0.14925373134328357,67.0
2020-02-11,9851.74,10323.59,9700.0,10223.08,62422.395224,1565.5999755859375,98.72000122070312,15.18000030517578,0.3076923076923077,91.0
2020-02-12,10223.08,10450.0,10223.08,10326.46,61008.06393,1567.4000244140625,99.0500030517578,13.739999771118164,0.5,76.0
2020-02-13,10325.33,10500.0,10080.0,10229.63,79344.358759,1575.0999755859375,99.06999969482422,14.149999618530272,0.056338028169014086,71.0
2020-02-14,10227.78,10381.56,10111.37,10344.36,47038.480173,1582.699951171875,99.12000274658205,13.68000030517578,0.4342105263157895,76.0
2020-02-15,10344.36,10375.0,9801.0,9904.72,57657.202947,1582.699951171875,99.12000274658205,13.68000030517578,0.3103448275862069,58.0
2020-02-16,9904.46,10050.0,9638.12,9917.27,60023.999537,1582.699951171875,99.12000274658205,13.68000030517578,0.3684210526315789,38.0
2020-02-17,9910.7,9964.16,9452.67,9706.0,70261.011901,1582.699951171875,99.12000274658205,13.68000030517578,0.12345679012345678,81.0
2020-02-18,9706.0,10250.0,9576.01,10164.71,70604.124019,1600.0,99.45999908447266,14.829999923706056,0.34523809523809523,84.0
2020-02-19,10164.78,10250.0,9350.0,9593.79,55162.586895,1607.5,99.5999984741211,14.380000114440918,0.3469387755102041,98.0
2020-02-20,9594.65,9699.0,9400.0,9596.42,60152.342914,1616.5999755859375,99.87000274658205,15.5600004196167,0.022222222222222223,90.0
2020-02-21,9597.21,9755.51,9550.21,9677.05,42181.554524,1644.5999755859375,99.26000213623048,17.079999923706055,0.23076923076923078,65.0
2020-02-22,9677.05,9709.17,9560.02,9650.86,24636.757623,1644.5999755859375,99.26000213623048,17.079999923706055,0.3541666666666667,48.0
2020-02-23,9650.85,9990.0,9645.0,9936.4,37702.089843,1644.5999755859375,99.26000213623048,17.079999923706055,0.2549019607843137,51.0
2020-02-24,9936.4,9990.0,9473.56,9656.13,55796.59612,1672.4000244140625,99.29000091552734,25.030000686645508,0.011627906976744186,86.0
2020-02-25,9655.52,9675.0,9250.0,9315.84,54379.344552,1646.9000244140625,98.97000122070312,27.850000381469727,0.1511627906976744,86.0
2020-02-26,9316.48,9377.44,8633.63,8785.25,92130.345482,1640.0,99.0,27.559999465942383,-0.10227272727272728,88.0
2020-02-27,8786.0,8971.77,8531.0,8823.21,72483.578762,1640.0,98.44000244140624,39.15999984741211,0.11392405063291139,79.0
2020-02-28,8823.25,8900.0,8445.0,8692.91,71155.208977,1564.0999755859375,98.12999725341795,40.11000061035156,-0.18571428571428572,70.0
2020-02-29,8690.8,8790.0,8523.55,8523.61,36748.183035,1564.0999755859375,98.12999725341795,40.11000061035156,0.041666666666666664,48.0
2020-03-01,8523.61,8750.0,8411.0,8531.88,43892.201779,1564.0999755859375,98.12999725341795,40.11000061035156,-0.09259259259259259,54.0
2020-03-02,8530.3,8965.75,8498.0,8915.24,60401.31773,1592.300048828125,97.36000061035156,33.41999816894531,0.323943661971831,71.0
2020-03-03,8911.18,8919.65,8651.0,8760.07,55154.997282,1642.0999755859375,97.1500015258789,36.81999969482422,0.08333333333333333,72.0
2020-03-04,8760.07,8848.29,8660.0,8750.87,38696.482578,1641.0999755859375,97.33999633789062,31.989999771118164,0.27380952380952384,84.0
2020-03-05,8750.99,9159.42,8746.54,9054.68,58201.866355,1666.4000244140625,96.81999969482422,39.619998931884766,0.5108695652173914,92.0
2020-03-06,9054.64,9170.0,8985.5,9131.88,43782.948044,1670.800048828125,95.9499969482422,41.93999862670898,0.42857142857142855,77.0
2020-03-07,9130.89,9188.0,8835.0,8886.66,45422.204525,1670.800048828125,95.9499969482422,41.93999862670898,0.15,60.0
2020-03-08,8885.25,8886.76,8000.0,8033.31,77537.315166,1670.800048828125,95.9499969482422,41.93999862670898,-0.09259259259259259,54.0
2020-03-09,8034.76,8179.31,7632.01,7929.87,116968.863268,1674.5,94.9000015258789,54.459999084472656,-0.1553398058252427,103.0
2020-03-10,7929.87,8149.0,7728.01,7894.56,86783.443875,1659.0999755859375,96.41000366210938,47.29999923706055,0.16049382716049382,81.0
2020-03-11,7894.57,7980.0,7590.0,7934.52,79942.411172,1641.4000244140625,96.51000213623048,53.900001525878906,-0.189873417721519,79.0
2020-03-12,7934.58,7966.17,4410.0,4800.0,261505.608653,1589.300048828125,97.47000122070312,75.47000122070312,-0.38235294117647056,102.0
2020-03-13,4800.01,5955.0,3782.13,5578.6,402201.673764,1515.699951171875,98.75,57.83000183105469,-0.14545454545454545,110.0
2020-03-14,5576.05,5640.52,5055.13,5172.06,136910.135974,1515.699951171875,98.75,57.83000183105469,-0.14285714285714285,56.0
2020-03-15,5172.48,5940.0,5093.1,5361.3,139916.146534,1515.699951171875,98.75,57.83000183105469,0.0,49.0
2020-03-16,5360.33,5365.42,4442.12,5028.97,227276.92276,1485.9000244140625,98.08999633789062,82.69000244140625,-0.08235294117647059,85.0
2020-03-17,5028.86,5525.0,4921.45,5312.64,150089.926318,1524.9000244140625,99.58000183105467,75.91000366210938,0.19230769230769232,78.0
2020-03-18,5312.64,5436.17,5009.37,5393.04,137127.634894,1477.300048828125,101.16000366210938,76.44999694824219,0.05194805194805195,77.0
2020-03-19,5393.26,6400.0,5252.53,6162.37,199020.873439,1478.5999755859375,102.76000213623048,72.0,0.13953488372093023,86.0
2020-03-20,6162.05,6900.0,5670.0,6208.36,219298.329514,1484.0,102.81999969482422,66.04000091552734,0.3218390804597701,87.0
2020-03-21,6204.57,6456.98,5860.02,6186.98,128913.668363,1484.0,102.81999969482422,66.04000091552734,0.1724137931034483,58.0
2020-03-22,6187.04,6407.87,5734.01,5816.19,119115.990527,1484.0,102.81999969482422,66.04000091552734,0.3333333333333333,48.0
2020-03-23,5816.05,6600.0,5688.0,6467.31,164674.215785,1567.0,102.48999786376952,61.59000015258789,0.06896551724137931,87.0
2020-03-24,6465.25,6833.0,6371.33,6744.72,151138.009878,1660.199951171875,101.73999786376952,61.66999816894531,0.25757575757575757,66.0
2020-03-25,6744.69,6957.96,6450.0,6677.43,132155.734989,1632.300048828125,101.0500030517578,63.95000076293945,0.15492957746478872,71.0
2020-03-26,6677.42,6780.0,6510.0,6737.36,83026.555211,1650.0999755859375,99.41999816894533,61.0,0.010869565217391304,92.0
2020-03-27,6737.27,6842.59,6261.0,6359.11,82914.968354,1623.9000244140625,98.37000274658205,65.54000091552734,0.3373493975903614,83.0
2020-03-28,6359.11,6360.0,6024.0,6236.65,93159.693429,1623.9000244140625,98.37000274658205,65.54000091552734,-0.05,60.0
2020-03-29,6236.65,6266.0,5866.56,5881.42,63311.627714,1623.9000244140625,98.37000274658205,65.54000091552734,0.07692307692307693,52.0
2020-03-30,5880.5,6599.0,5857.76,6394.38,118889.549992,1622.0,99.18000030517578,57.08000183105469,0.2916666666666667,72.0
2020-03-31,6394.45,6523.23,6321.4,6410.44,72337.595259,1583.4000244140625,99.0500030517578,53.540000915527344,0.19480519480519481,77.0
2020-04-01,6412.14,6679.94,6150.11,6642.92,97500.7524,1578.199951171875,99.66999816894533,57.060001373291016,0.20238095238095238,84.0
2020-04-02,6643.36,7198.0,6551.0,6794.09,149299.906871,1625.699951171875,100.18000030517578,50.90999984741211,0.6292134831460674,89.0
2020-04-03,6793.86,7048.0,6602.1,6734.1,104080.276939,1633.699951171875,100.58000183105467,46.79999923706055,0.24752475247524752,101.0
2020-04-04,6732.97,6990.41,6650.01,6856.99,72990.861139,1633.699951171875,100.58000183105467,46.79999923706055,0.3225806451612903,62.0
2020-04-05,6857.41,6895.54,6677.52,6772.78,49685.356983,1633.699951171875,100.58000183105467,46.79999923706055,0.375,48.0
2020-04-06,6772.78,7355.14,6765.0,7329.9,118052.000832,1677.0,100.69000244140624,45.2400016784668,0.3218390804597701,87.0
2020-04-07,7329.9,7459.69,7077.0,7197.32,103585.168918,1664.800048828125,99.9800033569336,46.70000076293945,0.44047619047619047,84.0
2020-04-08,7197.32,7420.0,7150.0,7361.28,76059.145838,1665.4000244140625,100.12000274658205,43.34999847412109,0.35714285714285715,70.0
2020-04-09,7360.26,7371.92,7108.08,7283.54,61094.872417,1736.199951171875,99.5199966430664,41.66999816894531,0.2857142857142857,77.0
2020-04-10,7283.54,7295.75,6739.98,6858.92,104674.623375,1736.199951171875,99.5199966430664,41.66999816894531,0.1917808219178082,73.0
2020-04-11,6858.92,6944.3,6760.0,6876.83,45470.293206,1736.199951171875,99.5199966430664,41.66999816894531,0.08108108108108109,37.0
2020-04-12,6876.84,7177.0,6780.0,6903.79,73868.666501,1736.199951171875,99.5199966430664,41.66999816894531,0.03508771929824561,57.0
2020-04-13,6903.79,6903.79,6575.0,6837.91,96415.476573,1744.800048828125,99.3499984741211,41.16999816894531,0.06578947368421052,76.0
2020-04-14,6838.04,6978.0,6754.28,6868.7,69068.623285,1756.699951171875,98.88999938964844,37.7599983215332,0.18571428571428572,70.0
2020-04-15,6868.57,6933.0,6605.0,6621.24,61571.384994,1727.199951171875,99.45999908447266,40.84000015258789,0.0875,80.0
2020-04-16,6621.25,7190.0,6468.27,7101.94,125009.857539,1720.4000244140625,100.02999877929688,40.11000061035156,0.43617021276595747,94.0
2020-04-17,7101.99,7148.12,6972.98,7027.55,54126.509763,1689.199951171875,99.77999877929688,38.150001525878906,0.34210526315789475,76.0
2020-04-18,7026.78,7293.08,7014.4,7248.6,49488.542819,1689.199951171875,99.77999877929688,38.150001525878906,0.4791666666666667,48.0
2020-04-19,7248.6,7266.15,7055.6,7120.74,45664.86393,1689.199951171875,99.77999877929688,38.150001525878906,0.11538461538461539,52.0
2020-04-20,7121.4,7220.0,6751.0,6826.83,90149.49137,1701.5999755859375,99.95999908447266,43.83000183105469,0.1780821917808219,73.0
2020-04-21,6828.98,6940.0,6762.0,6841.37,60109.710808,1678.199951171875,100.26000213623048,45.40999984741211,0.01282051282051282,78.0
2020-04-22,6841.36,7156.38,6818.0,7125.14,61486.377334,1728.699951171875,100.38999938964844,41.97999954223633,0.27848101265822783,79.0
2020-04-23,7125.12,7738.0,7020.0,7482.39,102773.569561,1733.300048828125,100.43000030517578,41.380001068115234,0.5918367346938775,98.0
2020-04-24,7483.96,7615.96,7388.0,7505.0,60182.119939,1723.5,100.37999725341795,35.93000030517578,0.47368421052631576,95.0
2020-04-25,7505.0,7705.0,7431.07,7538.67,43874.427726,1723.5,100.37999725341795,35.93000030517578,0.4375,64.0
2020-04-26,7539.03,7700.0,7480.0,7693.1,50522.616209,1723.5,100.37999725341795,35.93000030517578,0.5111111111111111,45.0
2020-04-27,7693.1,7792.02,7606.0,7774.62,65441.339576,1711.9000244140625,100.04000091552734,33.290000915527344,0.2777777777777778,72.0
2020-04-28,7773.51,7780.0,7659.12,7738.98,46302.752638,1710.5,99.87000274658205,33.56999969482422,0.4246575342465753,73.0
2020-04-29,7738.58,8952.89,7710.05,8778.57,183546.887514,1703.4000244140625,99.56999969482422,31.229999542236328,0.5277777777777778,108.0
2020-04-30,8778.58,9460.0,8401.0,8620.0,206277.214124,1684.199951171875,99.0199966430664,34.150001525878906,0.5263157894736842,95.0
2020-05-01,8620.0,9059.18,8613.56,8826.96,91468.815059,1694.5,98.8000030517578,37.18999862670898,0.48484848484848486,99.0
2020-05-02,8825.67,9010.0,8753.0,8972.05,59002.08755,1694.5,98.8000030517578,37.18999862670898,0.10909090909090909,55.0
2020-05-03,8972.58,9200.0,8712.0,8894.16,90126.065643,1694.5,98.8000030517578,37.18999862670898,0.3870967741935484,62.0
2020-05-04,8894.15,8950.0,8522.0,8871.96,84418.512331,1706.9000244140625,99.4800033569336,35.970001220703125,0.24444444444444444,90.0
2020-05-05,8871.92,9118.58,8760.0,9021.83,76480.765342,1704.4000244140625,99.70999908447266,33.61000061035156,0.297029702970297,101.0
2020-05-06,9021.36,9395.0,8906.21,9142.92,105925.30242,1684.199951171875,100.08999633789062,34.119998931884766,0.43,100.0
2020-05-07,9143.4,10067.0,9021.0,9986.4,147154.611378,1721.800048828125,99.88999938964844,31.440000534057617,0.4596774193548387,124.0
2020-05-08,9986.3,10035.96,9705.0,9800.01,100683.7964,1709.9000244140625,99.7300033569336,27.979999542236328,0.616822429906542,107.0
2020-05-09,9800.02,9914.25,9520.0,9539.4,81950.679567,1709.9000244140625,99.7300033569336,27.979999542236328,0.390625,64.0
2020-05-10,9539.1,9574.83,8117.0,8722.77,183865.182028,1709.9000244140625,99.7300033569336,27.979999542236328,-0.1232876712328767,73.0
2020-05-11,8722.77,9168.0,8200.0,8561.52,168807.251832,1695.300048828125,100.23999786376952,27.56999969482422,0.4013605442176871,147.0
2020-05-12,8562.04,8978.26,8528.78,8810.79,86522.780066,1704.4000244140625,99.93000030517578,33.040000915527344,0.1590909090909091,88.0
2020-05-13,8810.99,9398.0,8792.99,9309.37,92466.274018,1713.9000244140625,100.23999786376952,35.279998779296875,0.41,100.0
2020-05-14,9309.35,9939.0,9256.76,9791.98,129565.37747,1738.0999755859375,100.47000122070312,32.61000061035156,0.47,100.0
2020-05-15,9791.97,9845.62,9150.0,9316.42,115890.761516,1753.4000244140625,100.4000015258789,31.88999938964844,0.0967741935483871,93.0
2020-05-16,9315.96,9588.0,9220.0,9381.27,59587.627862,1753.4000244140625,100.4000015258789,31.88999938964844,0.3333333333333333,54.0
2020-05-17,9380.81,9888.0,9322.1,9680.04,68647.764323,1753.4000244140625,100.4000015258789,31.88999938964844,0.3333333333333333,63.0
2020-05-18,9681.11,9950.0,9464.23,9733.93,82006.603583,1731.800048828125,99.66999816894533,29.299999237060547,0.3229166666666667,96.0
2020-05-19,9733.93,9897.21,9474.0,9775.53,78539.760454,1744.199951171875,99.37000274658205,30.530000686645508,0.2,100.0
2020-05-20,9775.13,9842.0,9326.0,9511.43,74923.73809,1750.5999755859375,99.12000274658205,27.989999771118164,0.2803738317757009,107.0
2020-05-21,9511.43,9578.47,8815.0,9068.65,108928.780969,1720.5,99.37000274658205,29.530000686645508,-0.009708737864077669,103.0
2020-05-22,9067.51,9271.0,8933.52,9170.0,58943.131024,1734.5999755859375,99.86000061035156,28.15999984741211,0.15625,96.0
2020-05-23,9170.0,9307.85,9070.0,9179.15,43526.296966,1734.5999755859375,99.86000061035156,28.15999984741211,0.18333333333333332,60.0
2020-05-24,9179.01,9298.0,8700.0,8720.34,70379.86645,1734.5999755859375,99.86000061035156,28.15999984741211,0.08,50.0
2020-05-25,8718.14,8979.66,8642.72,8900.35,62833.910949,1734.5999755859375,99.86000061035156,28.15999984741211,-0.043478260869565216,69.0
2020-05-26,8900.35,9017.67,8700.0,8841.18,58299.770138,1704.800048828125,98.91000366210938,28.01000022888184,0.1375,80.0
2020-05-27,8841.0,9225.0,8811.73,9204.07,68910.355514,1710.300048828125,99.05999755859376,27.6200008392334,0.20212765957446807,94.0
2020-05-28,9204.07,9625.47,9110.0,9575.89,74110.787662,1713.300048828125,98.37999725341795,28.59000015258789,0.4,90.0
2020-05-29,9575.87,9605.26,9330.0,9427.07,57374.362961,1736.9000244140625,98.33999633789062,27.51000022888184,0.3,80.0
2020-05-30,9426.6,9740.0,9331.23,9697.72,55665.27254,1736.9000244140625,98.33999633789062,27.51000022888184,0.4489795918367347,49.0
2020-05-31,9697.72,9700.0,9381.41,9448.27,48333.786403,1736.9000244140625,98.33999633789062,27.51000022888184,0.2608695652173913,46.0
2020-06-01,9448.27,10380.0,9421.67,10200.77,76649.12696,1737.800048828125,97.83000183105467,28.229999542236328,0.32558139534883723,86.0
2020-06-02,10202.71,10228.99,9266.0,9518.04,108970.773151,1725.199951171875,97.66999816894533,26.84000015258789,0.3076923076923077,91.0
2020-06-03,9518.02,9690.0,9365.21,9666.24,46252.644939,1697.800048828125,97.27999877929688,25.65999984741211,0.056074766355140186,107.0
2020-06-04,9666.32,9881.63,9450.0,9789.06,57456.100969,1718.9000244140625,96.68000030517578,25.809999465942383,0.2391304347826087,92.0
2020-06-05,9788.14,9854.75,9581.0,9621.16,47788.05005,1676.199951171875,96.94000244140624,24.520000457763672,0.3191489361702128,94.0
2020-06-06,9621.17,9735.0,9531.05,9666.3,32752.950893,1676.199951171875,96.94000244140624,24.520000457763672,0.08333333333333333,60.0
2020-06-07,9666.85,9802.0,9372.46,9746.99,57952.848385,1676.199951171875,96.94000244140624,24.520000457763672,0.27450980392156865,51.0
2020-06-08,9746.99,9800.0,9633.0,9782.01,40664.664125,1698.300048828125,96.62000274658205,25.809999465942383,0.2692307692307692,78.0
2020-06-09,9782.0,9877.0,9570.0,9772.43,46024.001289,1714.699951171875,96.31999969482422,27.56999969482422,0.47126436781609193,87.0
2020-06-10,9772.44,9992.72,9704.18,9885.0,47130.762982,1713.300048828125,95.95999908447266,27.56999969482422,0.24444444444444444,90.0
2020-06-11,9885.22,9964.0,9113.0,9280.4,94418.98473,1732.0,96.7300033569336,40.790000915527344,0.030612244897959183,98.0
2020-06-12,9278.88,9557.12,9232.51,9465.13,50119.066932,1729.300048828125,97.31999969482422,36.09000015258789,-0.1717171717171717,99.0
2020-06-13,9464.96,9494.73,9351.0,9473.34,27759.784851,1729.300048828125,97.31999969482422,36.09000015258789,0.26666666666666666,60.0
2020-06-14,9473.34,9480.99,9245.0,9342.1,30055.506608,1729.300048828125,97.31999969482422,36.09000015258789,0.1836734693877551,49.0
2020-06-15,9342.1,9495.0,8910.45,9426.02,86107.924707,1720.300048828125,96.68000030517578,34.400001525878906,0.039473684210526314,76.0
2020-06-16,9426.05,9589.0,9373.09,9525.59,52052.446927,1729.5999755859375,96.95999908447266,33.66999816894531,0.3793103448275862,87.0
2020-06-17,9526.97,9565.0,9236.61,9465.14,48046.411152,1729.199951171875,97.16000366210938,33.470001220703125,0.3076923076923077,78.0
2020-06-18,9465.13,9489.0,9280.0,9386.32,37381.953765,1724.800048828125,97.41999816894533,32.939998626708984,0.23595505617977527,89.0
2020-06-19,9386.32,9438.3,9215.79,9310.23,45330.983673,1745.9000244140625,97.62000274658205,35.119998931884766,0.16666666666666666,78.0
2020-06-20,9310.23,9395.0,9170.95,9358.95,30329.065384,1745.9000244140625,97.62000274658205,35.119998931884766,0.2,55.0
2020-06-21,9358.95,9422.0,9281.54,9294.69,24316.926234,1745.9000244140625,97.62000274658205,35.119998931884766,0.25,48.0
2020-06-22,9294.69,9780.0,9277.09,9685.69,57895.468343,1756.699951171875,97.04000091552734,31.770000457763672,0.26744186046511625,86.0
2020-06-23,9685.69,9720.0,9577.03,9624.89,41031.02938,1772.0999755859375,96.69000244140624,31.3700008392334,0.4722222222222222,72.0
2020-06-24,9624.33,9670.0,9208.0,9296.49,61571.561464,1765.800048828125,97.1500015258789,33.84000015258789,0.07228915662650602,83.0
2020-06-25,9298.33,9340.0,9009.69,9249.49,55831.619156,1762.0999755859375,97.43000030517578,32.220001220703125,-0.011235955056179775,89.0
2020-06-26,9249.49,9298.0,9045.45,9162.21,50292.298277,1772.5,97.5,34.72999954223633,0.11627906976744186,86.0
2020-06-27,9162.21,9196.24,8833.0,9012.0,46290.930113,1772.5,97.5,34.72999954223633,-0.01694915254237288,59.0
2020-06-28,9012.0,9191.0,8948.06,9116.35,30688.176421,1772.5,97.5,34.72999954223633,0.1,40.0
2020-06-29,9116.16,9238.0,9024.67,9192.56,42120.293261,1774.800048828125,97.54000091552734,31.780000686645508,-0.04878048780487805,82.0
2020-06-30,9192.93,9205.0,9064.89,9138.55,31463.162801,1793.0,97.38999938964844,30.43000030517578,0.20253164556962025,79.0
2020-07-01,9138.08,9292.0,9080.1,9232.0,38488.528699,1773.199951171875,97.1999969482422,28.6200008392334,0.38636363636363635,88.0
2020-07-02,9231.99,9261.96,8940.0,9086.54,45725.168076,1784.0,97.31999969482422,27.68000030517578,0.16346153846153846,104.0
2020-07-03,9086.54,9125.0,9037.47,9058.26,28943.420177,1784.0,97.31999969482422,27.68000030517578,0.17721518987341772,79.0
2020-07-04,9057.79,9190.0,9040.04,9135.46,26441.968484,1784.0,97.31999969482422,27.68000030517578,0.19047619047619047,42.0
2020-07-05,9135.0,9145.24,8893.03,9069.41,34073.653627,1784.0,97.31999969482422,27.68000030517578,-0.04081632653061224,49.0
2020-07-06,9069.41,9375.0,9055.92,9344.2,54463.132277,1788.5,96.79000091552734,27.940000534057617,0.35294117647058826,85.0
2020-07-07,9342.47,9379.42,9203.0,9257.39,34587.336678,1804.199951171875,96.87999725341795,29.43000030517578,0.2597402597402597,77.0
2020-07-08,9257.4,9470.0,9231.0,9436.06,56140.517781,1815.5,96.43000030517578,28.07999992370605,0.3614457831325301,83.0
2020-07-09,9436.06,9440.79,9160.0,9232.43,48044.450645,1799.199951171875,96.6999969482422,29.26000022888184,0.22105263157894736,95.0
2020-07-10,9232.42,9317.48,9125.0,9288.34,38295.494006,1798.199951171875,96.6500015258789,27.290000915527344,0.03896103896103896,77.0
2020-07-11,9288.34,9299.28,9178.25,9234.03,22561.366,1798.199951171875,96.6500015258789,27.290000915527344,0.21052631578947367,57.0
2020-07-12,9234.02,9345.0,9157.5,9302.75,30872.702286,1798.199951171875,96.6500015258789,27.290000915527344,0.1724137931034483,58.0
2020-07-13,9303.31,9343.82,9200.89,9242.62,42740.069115,1811.0,96.45999908447266,32.189998626708984,0.18292682926829268,82.0
2020-07-14,9242.61,9279.54,9113.0,9255.85,45772.552509,1810.5999755859373,96.26000213623048,29.520000457763672,0.29411764705882354,85.0
2020-07-15,9255.85,9276.49,9160.57,9197.6,39053.579665,1811.4000244140625,96.08000183105467,27.76000022888184,0.20430107526881722,93.0
2020-07-16,9197.6,9226.15,9047.25,9133.72,43375.571191,1798.699951171875,96.3499984741211,28.0,-0.14545454545454545,110.0
2020-07-17,9133.72,9186.83,9089.81,9154.32,28054.358741,1808.300048828125,95.94000244140624,25.68000030517578,0.06593406593406594,91.0
2020-07-18,9154.31,9219.3,9121.1,9170.28,22554.541457,1808.300048828125,95.94000244140624,25.68000030517578,0.20408163265306123,49.0
2020-07-19,9170.3,9232.27,9101.35,9208.99,26052.019417,1808.300048828125,95.94000244140624,25.68000030517578,-0.021739130434782608,46.0
2020-07-20,9208.99,9221.52,9131.0,9160.78,35458.764082,1815.9000244140625,95.83000183105467,24.459999084472656,0.17105263157894737,76.0
2020-07-21,9160.78,9437.73,9152.8,9390.0,60413.582486,1842.4000244140625,95.12000274658205,24.84000015258789,0.43333333333333335,60.0
2020-07-22,9390.0,9544.0,9261.0,9518.16,48815.004107,1864.0999755859373,94.97000122070312,24.31999969482422,0.34375,64.0
2020-07-23,9518.16,9664.0,9440.33,9603.27,51856.2335,1889.0999755859373,94.69000244140624,26.07999992370605,0.25806451612903225,62.0
2020-07-24,9603.27,9637.0,9463.44,9537.8,43931.136205,1897.300048828125,94.44000244140624,25.84000015258789,0.3548387096774194,62.0
2020-07-25,9538.1,9732.9,9513.0,9700.42,40679.545416,1897.300048828125,94.44000244140624,25.84000015258789,0.275,40.0
2020-07-26,9700.42,10111.0,9650.0,9931.54,65279.269319,1897.300048828125,94.44000244140624,25.84000015258789,0.43902439024390244,41.0
2020-07-27,9931.54,11394.86,9917.21,11029.96,150188.933144,1931.0,93.66999816894533,24.739999771118164,0.6097560975609756,82.0
2020-07-28,11029.96,11242.23,10565.0,10906.27,97267.734187,1944.699951171875,93.76000213623048,25.440000534057617,0.3877551020408163,98.0
2020-07-29,10906.27,11342.82,10812.0,11100.53,76838.094233,1953.5,93.26000213623048,24.100000381469727,0.4307692307692308,65.0
2020-07-30,11100.52,11170.0,10831.0,11099.61,60794.826456,1942.300048828125,93.0199966430664,24.76000022888184,0.47619047619047616,63.0
2020-07-31,11099.79,11444.0,10960.0,11335.46,70063.660974,1962.800048828125,93.48999786376952,24.459999084472656,0.3387096774193548,62.0
2020-08-01,11335.46,11861.0,11220.0,11801.17,85087.485126,1962.800048828125,93.48999786376952,24.459999084472656,0.5135135135135135,37.0
2020-08-02,11801.17,12123.46,10518.5,11071.35,97553.077604,1962.800048828125,93.48999786376952,24.459999084472656,0.21052631578947367,38.0
2020-08-03,11071.36,11473.0,10936.0,11219.81,56931.841475,1966.0,93.5,24.280000686645508,0.15873015873015872,63.0
2020-08-04,11219.68,11414.98,11000.0,11191.97,58629.113709,2001.199951171875,93.37999725341795,23.76000022888184,0.30434782608695654,69.0
2020-08-05,11191.99,11780.93,11093.0,11744.91,74970.256852,2031.0999755859373,92.83000183105467,22.989999771118164,0.44871794871794873,78.0
2020-08-06,11744.91,11900.0,11562.5,11762.46,63529.08502,2051.5,92.79000091552734,22.649999618530277,0.38235294117647056,68.0
2020-08-07,11762.47,11909.94,11322.0,11594.23,65755.926022,2010.0999755859373,93.44000244140624,22.209999084472656,0.4576271186440678,59.0
2020-08-08,11594.36,11808.27,11512.0,11761.41,41858.16104,2010.0999755859373,93.44000244140624,22.209999084472656,0.5789473684210527,38.0
2020-08-09,11761.02,11797.11,11521.97,11681.68,41493.067342,2010.0999755859373,93.44000244140624,22.209999084472656,0.3235294117647059,34.0
2020-08-10,11681.69,12067.35,11450.0,11892.92,84952.337887,2024.4000244140625,93.58000183105467,22.1299991607666,0.46296296296296297,54.0
2020-08-11,11892.9,11935.0,11125.0,11392.08,90748.284634,1932.5999755859373,93.62999725341795,24.030000686645508,0.34375,64.0
2020-08-12,11392.09,11617.52,11150.0,11564.33,64909.613644,1934.9000244140625,93.44000244140624,22.280000686645508,0.4745762711864407,59.0
2020-08-13,11564.34,11792.96,11270.36,11780.0,70132.491502,1956.699951171875,93.33999633789062,22.1299991607666,0.25757575757575757,66.0
2020-08-14,11779.77,11850.0,11634.03,11760.54,59818.852697,1937.0,93.0999984741211,22.049999237060547,0.5757575757575758,66.0
2020-08-15,11760.55,11980.0,11680.0,11852.4,56237.90505,1937.0,93.0999984741211,22.049999237060547,0.425,40.0
2020-08-16,11852.4,11931.72,11686.0,11911.0,41368.236906,1937.0,93.0999984741211,22.049999237060547,0.46875,32.0
2020-08-17,11910.99,12468.0,11769.78,12281.13,84734.21154,1985.0,92.8499984741211,21.350000381469727,0.5507246376811594,69.0
2020-08-18,12281.15,12387.77,11817.93,11945.01,75923.835527,1999.4000244140625,92.2699966430664,21.51000022888184,0.3880597014925373,67.0
2020-08-19,11945.1,12020.08,11561.0,11754.59,73940.169606,1958.699951171875,92.88999938964844,22.540000915527344,0.19298245614035087,57.0
2020-08-20,11754.38,11888.0,11668.0,11853.55,46085.254351,1933.800048828125,92.79000091552734,22.71999931335449,0.3389830508474576,59.0
2020-08-21,11853.54,11878.0,11485.81,11531.34,64448.306142,1934.5999755859373,93.25,22.540000915527344,-0.013888888888888888,72.0
2020-08-22,11531.23,11686.0,11376.81,11662.96,43678.701646,1934.5999755859373,93.25,22.540000915527344,0.0,37.0
2020-08-23,11663.51,11718.07,11514.13,11648.13,37900.00469,1934.5999755859373,93.25,22.540000915527344,0.0,37.0
2020-08-24,11648.12,11824.9,11585.09,11748.2,46212.391867,1927.699951171875,93.3000030517578,22.3700008392334,0.2727272727272727,66.0
2020-08-25,11748.19,11767.85,11117.64,11318.42,69590.923272,1911.800048828125,93.0199966430664,22.030000686645508,0.2,50.0
2020-08-26,11318.42,11539.32,11244.0,11461.43,53998.231231,1940.699951171875,93.01000213623048,23.270000457763672,-0.07936507936507936,63.0
2020-08-27,11461.42,11592.2,11125.0,11330.38,63246.036383,1921.5999755859373,93.01000213623048,24.46999931335449,0.12195121951219512,82.0
2020-08-28,11330.38,11542.65,11276.89,11526.91,45953.908365,1964.5999755859373,92.37000274658205,22.959999084472656,0.3880597014925373,67.0
2020-08-29,11526.9,11580.02,11417.04,11465.84,32973.7992,1964.5999755859373,92.37000274658205,22.959999084472656,0.3157894736842105,38.0
2020-08-30,11465.84,11719.0,11458.0,11711.16,43177.879054,1964.5999755859373,92.37000274658205,22.959999084472656,0.45714285714285713,35.0
2020-08-31,11711.17,11800.77,11570.0,11649.51,55353.617744,1967.5999755859373,92.13999938964844,26.40999984741211,0.22784810126582278,79.0
2020-09-01,11649.51,12050.85,11515.0,11921.97,78148.193668,1968.199951171875,92.33999633789062,26.1200008392334,0.5652173913043478,69.0
2020-09-02,11921.97,11954.57,11160.1,11388.54,87221.845602,1934.4000244140625,92.8499984741211,26.56999969482422,0.125,64.0
2020-09-03,11388.54,11462.6,9960.8,10140.85,121950.106015,1927.5999755859373,92.73999786376952,33.599998474121094,-0.2564102564102564,78.0
2020-09-04,10138.29,10627.05,9875.5,10446.25,92733.599113,1923.9000244140625,92.72000122070312,30.75,-0.25,64.0
2020-09-05,10446.25,10565.68,9825.0,10166.69,90001.605568,1923.9000244140625,92.72000122070312,30.75,-0.2391304347826087,46.0
2020-09-06,10166.69,10347.14,9994.86,10256.2,56368.788815,1923.9000244140625,92.72000122070312,30.75,0.05714285714285714,35.0
2020-09-07,10255.89,10410.75,9875.0,10373.44,62620.230676,1923.9000244140625,92.72000122070312,30.75,-0.1044776119402985,67.0
2020-09-08,10373.45,10438.0,9850.0,10126.65,73491.878418,1933.0,93.4800033569336,31.459999084472656,0.27058823529411763,85.0
2020-09-09,10126.66,10343.0,9981.01,10219.2,49347.113776,1944.699951171875,93.26000213623048,28.809999465942383,0.16176470588235295,68.0
2020-09-10,10219.29,10483.35,10070.83,10336.87,58253.75375,1954.199951171875,93.33999633789062,29.709999084472656,0.25806451612903225,62.0
2020-09-11,10336.86,10397.6,10200.0,10387.89,43830.254467,1937.800048828125,93.33000183105467,26.8700008392334,0.18867924528301888,53.0
2020-09-12,10387.89,10477.97,10269.25,10440.92,35379.153096,1937.800048828125,93.33000183105467,26.8700008392334,0.125,32.0
2020-09-13,10440.67,10580.11,10200.0,10332.83,43837.609865,1937.800048828125,93.33000183105467,26.8700008392334,0.13793103448275862,29.0
2020-09-14,10332.84,10750.0,10212.34,10671.77,67059.291361,1953.0999755859373,93.06999969482422,25.850000381469727,0.2830188679245283,53.0
2020-09-15,10671.77,10930.04,10606.48,10785.31,61822.452786,1956.300048828125,93.0500030517578,25.59000015258789,0.4307692307692308,65.0
2020-09-16,10785.23,11093.0,10661.22,10954.01,64991.51244,1960.199951171875,93.20999908447266,26.040000915527344,0.35443037974683544,79.0
2020-09-17,10954.01,11045.46,10745.83,10939.99,55601.614529,1940.0,92.97000122070312,26.459999084472656,0.4482758620689655,58.0
2020-09-18,10940.0,11038.03,10812.84,10933.39,47266.728275,1952.0999755859373,92.93000030517578,25.82999992370605,0.5172413793103449,58.0
2020-09-19,10933.4,11179.79,10887.37,11080.65,38440.036858,1952.0999755859373,92.93000030517578,25.82999992370605,0.35294117647058826,34.0
2020-09-20,11080.64,11080.64,10723.0,10920.28,39157.922565,1952.0999755859373,92.93000030517578,25.82999992370605,0.3225806451612903,31.0
2020-09-21,10920.28,10988.86,10296.35,10417.22,70683.431179,1901.199951171875,93.54000091552734,27.780000686645508,-0.015625,64.0
2020-09-22,10417.22,10572.71,10353.0,10529.61,43991.235476,1898.5999755859373,93.98999786376952,26.86000061035156,0.23880597014925373,67.0
2020-09-23,10529.61,10537.15,10136.82,10241.46,51876.568079,1859.9000244140625,94.38999938964844,28.57999992370605,0.22580645161290322,62.0
2020-09-24,10241.46,10795.24,10190.93,10736.32,57676.619427,1868.300048828125,94.3499984741211,28.51000022888184,0.328125,64.0
2020-09-25,10736.33,10760.53,10556.24,10686.67,48101.117008,1857.699951171875,94.58000183105467,26.3799991607666,0.41304347826086957,46.0
2020-09-26,10686.57,10820.94,10644.68,10728.6,28420.836659,1857.699951171875,94.58000183105467,26.3799991607666,0.030303030303030304,33.0
2020-09-27,10728.59,10799.0,10594.82,10774.25,30549.483253,1857.699951171875,94.58000183105467,26.3799991607666,0.2,25.0
2020-09-28,10774.26,10950.0,10626.0,10696.12,50095.251734,1872.800048828125,94.26000213623048,26.190000534057617,0.3617021276595745,47.0
2020-09-29,10696.11,10867.54,10635.87,10840.48,41874.898399,1894.300048828125,93.88999938964844,26.270000457763672,0.3888888888888889,54.0
2020-09-30,10840.58,10849.34,10665.13,10776.59,39596.027322,1887.5,93.88999938964844,26.3700008392334,0.4,65.0
2020-10-01,10776.59,10920.0,10437.0,10619.13,60866.332893,1908.4000244140625,93.70999908447266,26.700000762939453,0.45161290322580644,62.0
2020-10-02,10619.13,10664.64,10374.0,10570.4,50130.393705,1900.199951171875,93.83999633789062,27.6299991607666,-0.031746031746031744,63.0
2020-10-03,10570.4,10603.56,10496.46,10542.06,22298.221341,1900.199951171875,93.83999633789062,27.6299991607666,0.2972972972972973,37.0
2020-10-04,10542.07,10696.87,10517.87,10666.63,23212.001595,1900.199951171875,93.83999633789062,27.6299991607666,0.4074074074074074,27.0
2020-10-05,10666.62,10798.0,10615.64,10792.21,34025.761653,1912.5,93.51000213623048,27.959999084472656,0.1694915254237288,59.0
2020-10-06,10792.2,10800.0,10525.0,10599.66,48674.740471,1901.0999755859373,93.83000183105467,29.479999542236328,0.16363636363636364,55.0
2020-10-07,10599.65,10681.87,10546.17,10666.39,32811.990279,1883.5999755859373,93.62999725341795,28.059999465942383,0.22580645161290322,62.0
2020-10-08,10666.4,10950.0,10530.41,10925.57,51959.691572,1888.5999755859373,93.61000061035156,26.36000061035156,0.3230769230769231,65.0
2020-10-09,10925.44,11104.64,10829.0,11050.64,48240.073237,1919.5,93.05999755859376,25.0,0.4782608695652174,69.0
2020-10-10,11050.64,11491.0,11050.51,11293.22,43648.036943,1919.5,93.05999755859376,25.0,0.5609756097560976,41.0
2020-10-11,11293.22,11445.0,11221.0,11369.02,29043.851339,1919.5,93.05999755859376,25.0,0.4444444444444444,36.0
2020-10-12,11369.02,11720.01,11172.0,11528.25,52825.28371,1922.5,93.06999969482422,25.06999969482422,0.3815789473684211,76.0
2020-10-13,11528.24,11557.0,11300.0,11420.56,42205.283709,1888.5,93.52999877929688,26.06999969482422,0.5,78.0
2020-10-14,11420.57,11547.98,11280.0,11417.89,41415.106015,1901.300048828125,93.37999725341795,26.399999618530277,0.3493975903614458,83.0
2020-10-15,11417.89,11617.34,11250.83,11505.12,48760.717679,1903.199951171875,93.86000061035156,26.96999931335449,0.40963855421686746,83.0
2020-10-16,11505.13,11541.15,11200.0,11319.32,48797.749502,1900.800048828125,93.68000030517578,27.40999984741211,0.1267605633802817,71.0
2020-10-17,11319.24,11402.42,11255.0,11360.2,22368.915241,1900.800048828125,93.68000030517578,27.40999984741211,0.30434782608695654,46.0
2020-10-18,11360.31,11505.0,11346.22,11503.14,23284.041191,1900.800048828125,93.68000030517578,27.40999984741211,0.21428571428571427,42.0
2020-10-19,11503.14,11823.99,11407.96,11751.47,47414.534692,1906.4000244140625,93.43000030517578,29.18000030517578,0.2857142857142857,84.0
2020-10-20,11751.46,12038.38,11677.59,11909.99,62134.750663,1910.4000244140625,93.06999969482422,29.350000381469727,0.4050632911392405,79.0
2020-10-21,11910.0,13217.68,11886.95,12780.96,114584.456767,1924.5999755859373,92.61000061035156,28.649999618530277,0.5795454545454546,88.0
2020-10-22,12780.75,13185.0,12678.08,12968.52,70038.824144,1901.0999755859373,92.9499969482422,28.11000061035156,0.6494845360824743,97.0
2020-10-23,12968.84,13027.69,12720.08,12923.07,50386.999841,1902.0,92.7699966430664,27.549999237060547,0.6052631578947368,76.0
2020-10-24,12923.06,13166.73,12870.0,13111.73,35952.20907,1902.0,92.7699966430664,27.549999237060547,0.6470588235294118,51.0
2020-10-25,13111.73,13350.0,12888.0,13028.83,38481.579504,1902.0,92.7699966430664,27.549999237060547,0.40384615384615385,52.0
2020-10-26,13029.64,13238.81,12765.0,13052.19,60951.672986,1902.699951171875,93.0500030517578,32.459999084472656,0.4942528735632184,87.0
2020-10-27,13052.15,13789.29,13019.87,13636.17,80811.01945,1908.800048828125,92.94000244140624,33.349998474121094,0.49056603773584906,106.0
2020-10-28,13636.16,13859.48,12888.0,13266.4,94440.561226,1876.199951171875,93.41000366210938,40.27999877929688,0.2828282828282828,99.0
2020-10-29,13266.4,13642.91,12920.77,13455.7,74872.602132,1865.5999755859373,93.95999908447266,37.59000015258789,0.20689655172413793,87.0
2020-10-30,13455.69,13669.98,13115.0,13560.1,70657.778881,1877.4000244140625,94.04000091552734,38.02000045776367,0.30864197530864196,81.0
2020-10-31,13560.1,14100.0,13411.5,13791.0,67339.238515,1877.4000244140625,94.04000091552734,38.02000045776367,0.4909090909090909,55.0
2020-11-01,13791.0,13895.0,13603.0,13761.5,36285.648526,1877.4000244140625,94.04000091552734,38.02000045776367,0.32727272727272727,55.0
2020-11-02,13761.49,13830.0,13195.05,13549.37,64566.421908,1890.4000244140625,94.0500030517578,37.130001068115234,0.27058823529411763,85.0
2020-11-03,13549.63,14066.11,13284.99,14023.53,74115.630787,1908.5,93.5500030517578,35.54999923706055,0.10752688172043011,93.0
2020-11-04,14023.53,14259.0,13525.0,14144.01,93016.988262,1894.5999755859373,93.41000366210938,29.56999969482422,0.36666666666666664,90.0
2020-11-05,14144.01,15750.0,14093.56,15590.02,143741.522673,1945.300048828125,92.52999877929688,27.57999992370605,0.6730769230769231,104.0
2020-11-06,15590.02,15960.0,15166.0,15579.92,122618.197695,1950.300048828125,92.2300033569336,24.86000061035156,0.6304347826086957,92.0
2020-11-07,15579.93,15753.52,14344.22,14818.3,101431.206553,1950.300048828125,92.2300033569336,24.86000061035156,0.4745762711864407,59.0
2020-11-08,14818.3,15650.0,14703.88,15475.1,65547.178574,1950.300048828125,92.2300033569336,24.86000061035156,0.46,50.0
2020-11-09,15475.1,15840.0,14805.54,15328.41,108976.334134,1853.199951171875,92.7300033569336,25.75,0.3870967741935484,93.0
2020-11-10,15328.41,15460.0,15072.46,15297.21,61681.919606,1875.4000244140625,92.75,24.799999237060547,0.345679012345679,81.0
2020-11-11,15297.21,15965.0,15272.68,15684.24,78469.746458,1860.699951171875,93.04000091552734,23.450000762939453,0.40860215053763443,93.0
2020-11-12,15684.25,16340.7,15440.64,16291.86,102196.356592,1872.5999755859373,92.95999908447266,25.350000381469727,0.4051724137931034,116.0
2020-11-13,16291.85,16480.0,15952.35,16320.7,75691.881014,1885.699951171875,92.76000213623048,23.100000381469727,0.4444444444444444,90.0
2020-11-14,16320.04,16326.99,15670.0,16070.45,59116.347179,1885.699951171875,92.76000213623048,23.100000381469727,0.4423076923076923,52.0
2020-11-15,16069.56,16180.0,15774.72,15957.0,43596.841513,1885.699951171875,92.76000213623048,23.100000381469727,0.3829787234042553,47.0
2020-11-16,15957.0,16880.0,15864.0,16713.57,81300.675924,1887.300048828125,92.56999969482422,22.450000762939453,0.5287356321839081,87.0
2020-11-17,16713.08,17858.82,16538.0,17659.38,115221.403102,1884.5,92.41999816894533,22.709999084472656,0.7181818181818181,110.0
2020-11-18,17659.38,18476.93,17214.45,17776.12,149019.788134,1873.5,92.31999969482422,23.84000015258789,0.5855855855855856,111.0
2020-11-19,17777.75,18179.8,17335.65,17802.82,93009.561008,1861.0999755859373,92.29000091552734,23.11000061035156,0.49473684210526314,95.0
2020-11-20,17802.81,18815.22,17740.04,18655.67,88423.018489,1872.5999755859373,92.38999938964844,23.700000762939453,0.63,100.0
2020-11-21,18655.66,18965.9,18308.58,18703.8,75577.458394,1872.5999755859373,92.38999938964844,23.700000762939453,0.5454545454545454,55.0
2020-11-22,18703.8,18750.0,17610.86,18414.43,81645.737778,1872.5999755859373,92.38999938964844,23.700000762939453,0.38095238095238093,42.0
2020-11-23,18413.88,18766.0,18000.0,18368.0,82961.506093,1837.800048828125,92.51000213623048,22.65999984741211,0.5851063829787234,94.0
2020-11-24,18368.01,19418.97,18018.0,19160.01,113581.509241,1804.800048828125,92.2300033569336,21.63999938964844,0.6442307692307693,104.0
2020-11-25,19160.0,19484.21,18500.27,18719.11,93266.576887,1805.699951171875,91.98999786376952,21.25,0.45348837209302323,86.0
2020-11-26,18718.83,18915.03,16188.0,17149.47,181005.246693,1805.699951171875,91.98999786376952,21.25,0.06451612903225806,93.0
2020-11-27,17149.47,17457.62,16438.08,17139.52,85297.024787,1781.9000244140625,91.79000091552734,20.84000015258789,0.10344827586206896,87.0
2020-11-28,17139.53,17880.49,16865.56,17719.85,64910.69997,1781.9000244140625,91.79000091552734,20.84000015258789,0.2558139534883721,43.0
2020-11-29,17719.84,18360.05,17517.0,18184.99,55329.016303,1781.9000244140625,91.79000091552734,20.84000015258789,0.7209302325581395,43.0
2020-11-30,18185.0,19863.16,18184.99,19695.87,115463.466888,1775.699951171875,91.87000274658205,20.56999969482422,0.5546218487394958,119.0
2020-12-01,19695.87,19888.0,18001.12,18764.96,127698.762652,1814.0999755859373,91.30999755859376,20.770000457763672,0.4351851851851852,108.0
2020-12-02,18764.96,19342.0,18330.0,19204.09,75911.013478,1825.699951171875,91.12000274658205,21.170000076293945,0.3917525773195876,97.0
2020-12-03,19204.08,19598.0,18867.2,19421.9,66689.391279,1836.800048828125,90.70999908447266,21.280000686645508,0.5979381443298969,97.0
2020-12-04,19422.34,19527.0,18565.31,18650.52,71283.6682,1835.9000244140625,90.6999969482422,20.790000915527344,0.30337078651685395,89.0
2020-12-05,18650.51,19177.0,18500.0,19147.66,42922.748573,1835.9000244140625,90.6999969482422,20.790000915527344,0.3333333333333333,54.0
2020-12-06,19147.66,19420.0,18857.0,19359.4,37043.091861,1835.9000244140625,90.6999969482422,20.790000915527344,0.4473684210526316,38.0
2020-12-07,19358.67,19420.91,18902.88,19166.9,41372.296293,1861.800048828125,90.79000091552734,21.299999237060547,0.6136363636363636,88.0
2020-12-08,19166.9,19294.84,18200.0,18324.11,61626.947614,1870.800048828125,90.97000122070312,20.68000030517578,0.34951456310679613,103.0
2020-12-09,18324.11,18639.57,17650.0,18541.28,79585.553801,1834.5999755859373,91.08999633789062,22.270000457763672,0.23008849557522124,113.0
2020-12-10,18541.29,18557.32,17911.12,18254.63,52890.675094,1833.5999755859373,90.79000091552734,22.520000457763672,0.27906976744186046,86.0
2020-12-11,18254.81,18292.73,17572.33,18036.53,72610.724259,1839.800048828125,90.9800033569336,23.309999465942383,0.26136363636363635,88.0
2020-12-12,18036.53,18948.66,18020.7,18808.69,49519.978432,1839.800048828125,90.9800033569336,23.309999465942383,0.47619047619047616,42.0
2020-12-13,18808.69,19411.0,18711.12,19174.99,56560.821744,1839.800048828125,90.9800033569336,23.309999465942383,0.5208333333333334,48.0
2020-12-14,19174.99,19349.0,19000.0,19273.14,47257.201294,1828.699951171875,90.70999908447266,24.71999931335449,0.5476190476190477,84.0
2020-12-15,19273.69,19570.0,19050.0,19426.43,61834.366011,1852.300048828125,90.47000122070312,22.88999938964844,0.45454545454545453,99.0
2020-12-16,19426.43,21560.0,19278.6,21335.52,114306.33557,1856.0999755859373,90.4499969482422,22.5,0.6166666666666667,120.0
2020-12-17,21335.52,23800.0,21230.0,22797.16,184882.476748,1887.199951171875,89.81999969482422,21.93000030517578,0.6616541353383458,133.0
2020-12-18,22797.15,23285.18,22350.0,23107.39,79646.134315,1885.699951171875,90.0199966430664,21.56999969482422,0.5154639175257731,97.0
2020-12-19,23107.39,24171.47,22750.0,23821.61,86045.064677,1885.699951171875,90.0199966430664,21.56999969482422,0.42857142857142855,56.0
2020-12-20,23821.6,24295.0,23060.0,23455.52,76690.145685,1885.699951171875,90.0199966430664,21.56999969482422,0.6041666666666666,48.0
2020-12-21,23455.54,24102.77,21815.0,22719.71,88030.297243,1879.199951171875,90.04000091552734,25.15999984741211,0.25882352941176473,85.0
2020-12-22,22719.88,23837.1,22353.4,23810.79,87033.12616,1866.5999755859373,90.6500015258789,24.229999542236328,0.3068181818181818,88.0
2020-12-23,23810.79,24100.0,22600.0,23232.76,119047.259733,1874.699951171875,90.41000366210938,23.309999465942383,0.2676056338028169,71.0
2020-12-24,23232.39,23794.43,22703.42,23729.2,69013.834252,1879.9000244140625,90.33000183105467,21.530000686645508,0.21052631578947367,57.0
2020-12-25,23728.99,24789.86,23433.6,24712.47,79519.943569,1879.9000244140625,90.33000183105467,21.530000686645508,0.475,40.0
2020-12-26,24712.47,26867.03,24500.0,26493.39,97806.513386,1879.9000244140625,90.33000183105467,21.530000686645508,0.49019607843137253,51.0
2020-12-27,26493.4,28422.0,25700.0,26281.66,148455.586214,1879.9000244140625,90.33000183105467,21.530000686645508,0.6304347826086957,46.0
2020-12-28,26281.54,27500.0,26101.0,27079.41,79721.742496,1877.199951171875,90.33999633789062,21.700000762939453,0.5166666666666667,60.0
2020-12-29,27079.42,27410.0,25880.0,27385.0,69411.592606,1879.699951171875,90.01000213623047,23.07999992370605,0.4507042253521127,71.0
2020-12-30,27385.0,28996.0,27320.0,28875.54,95356.057826,1891.0,89.62999725341797,22.770000457763672,0.6470588235294118,68.0
2020-12-31,28875.55,29300.0,27850.0,28923.63,75508.505152,1893.0999755859373,89.94000244140625,22.75,0.3939393939393939,66.0
2021-01-01,28923.63,29600.0,28624.57,29331.69,54182.925011,1893.0999755859373,89.94000244140625,22.75,0.5454545454545454,44.0
2021-01-02,29331.7,33300.0,28946.53,32178.33,129993.873362,1893.0999755859373,89.94000244140625,22.75,0.5555555555555556,45.0
2021-01-03,32176.45,34778.11,31962.99,33000.05,120957.56675,1893.0999755859373,89.94000244140625,22.75,0.7368421052631579,57.0
2021-01-04,33000.05,33600.0,28130.0,31988.71,140899.88569,1944.699951171875,89.87999725341797,26.96999931335449,0.3333333333333333,78.0
2021-01-05,31989.75,34360.0,29900.0,33949.53,116049.997038,1952.699951171875,89.44000244140625,25.34000015258789,0.5555555555555556,99.0
2021-01-06,33949.53,36939.21,33288.0,36769.36,127139.20131,1906.9000244140625,89.52999877929688,25.06999969482422,0.594059405940594,101.0
2021-01-07,36769.36,40365.0,36300.0,39432.28,132825.700437,1912.300048828125,89.83000183105469,22.3700008392334,0.6608695652173913,115.0
2021-01-08,39432.48,41950.0,36500.0,40582.81,139789.957499,1834.0999755859373,90.0999984741211,21.559999465942383,0.6808510638297872,94.0
2021-01-09,40586.96,41380.0,38720.0,40088.22,75785.979675,1834.0999755859373,90.0999984741211,21.559999465942383,0.5102040816326531,49.0
2021-01-10,40088.22,41350.0,35111.11,38150.02,118209.544503,1834.0999755859373,90.0999984741211,21.559999465942383,0.32608695652173914,46.0
2021-01-11,38150.02,38264.74,30420.0,35404.47,251156.138287,1849.5999755859373,90.54000091552734,24.07999992370605,-0.0970873786407767,103.0
2021-01-12,35410.37,36628.0,32531.0,34051.24,133948.151996,1842.9000244140625,90.05000305175781,23.32999992370605,0.2641509433962264,106.0
2021-01-13,34049.15,37850.0,32380.0,37371.38,124477.914938,1853.5999755859373,90.31999969482422,22.209999084472656,0.14516129032258066,124.0
2021-01-14,37371.38,40100.0,36701.23,39144.5,102950.389421,1850.300048828125,90.23999786376952,23.25,0.5517241379310345,116.0
2021-01-15,39145.21,39747.76,34408.0,36742.22,118300.920916,1829.300048828125,90.77999877929688,24.34000015258789,0.25263157894736843,95.0
2021-01-16,36737.43,37950.0,35357.8,35994.98,86348.431508,1829.300048828125,90.77999877929688,24.34000015258789,0.2894736842105263,38.0
2021-01-17,35994.98,36852.5,33850.0,35828.61,80157.727384,1829.300048828125,90.77999877929688,24.34000015258789,0.29545454545454547,44.0
2021-01-18,35824.99,37469.83,34800.0,36631.27,70698.11875,1829.300048828125,90.77999877929688,24.34000015258789,0.1625,80.0
2021-01-19,36622.46,37850.0,35844.06,35891.49,79611.307769,1839.5,90.5,23.239999771118164,0.45348837209302323,86.0
2021-01-20,35901.94,36415.31,33400.0,35468.23,89368.422918,1865.9000244140625,90.47000122070312,21.57999992370605,0.19148936170212766,94.0
2021-01-21,35468.23,35600.0,30071.0,30850.13,135004.076658,1865.300048828125,90.12999725341795,21.31999969482422,0.010869565217391304,92.0
2021-01-22,30851.99,33826.53,28850.0,32945.17,142971.684049,1855.699951171875,90.23999786376952,21.90999984741211,0.19626168224299065,107.0
2021-01-23,32950.0,33456.0,31390.16,32078.0,64595.287675,1855.699951171875,90.23999786376952,21.90999984741211,0.3157894736842105,38.0
2021-01-24,32078.0,33071.0,30900.0,32259.9,57978.037966,1855.699951171875,90.23999786376952,21.90999984741211,0.21951219512195122,41.0
2021-01-25,32259.45,34875.0,31910.0,32254.2,88499.226921,1854.9000244140625,90.38999938964844,23.190000534057617,0.45652173913043476,92.0
2021-01-26,32254.19,32921.88,30837.37,32467.77,84972.20691,1850.699951171875,90.16999816894533,23.020000457763672,0.1836734693877551,98.0
2021-01-27,32464.01,32557.29,29241.72,30366.15,95911.961711,1844.9000244140625,90.6500015258789,37.209999084472656,0.10091743119266056,109.0
2021-01-28,30362.19,33783.98,29842.1,33364.86,92621.145617,1837.9000244140625,90.45999908447266,30.209999084472656,0.32098765432098764,81.0
2021-01-29,33368.18,38531.9,31915.4,34252.2,231827.005626,1847.300048828125,90.58000183105467,33.09000015258789,0.4639175257731959,97.0
2021-01-30,34246.28,34933.0,32825.0,34262.88,84889.68134,1847.300048828125,90.58000183105467,33.09000015258789,0.08823529411764706,34.0
2021-01-31,34262.89,34342.69,32171.67,33092.98,68742.280384,1847.300048828125,90.58000183105467,33.09000015258789,0.375,32.0
2021-02-01,33092.97,34717.27,32296.16,33526.37,82718.276882,1860.800048828125,91.0199966430664,30.239999771118164,0.575,80.0
2021-02-02,33517.09,35984.33,33418.0,35466.24,78056.65988,1830.5,91.1999969482422,25.559999465942383,0.525,80.0
2021-02-03,35472.71,37662.63,35362.38,37618.87,80784.333663,1832.199951171875,91.12000274658205,22.90999984741211,0.7238095238095238,105.0
2021-02-04,37620.26,38708.27,36161.95,36936.66,92080.735898,1788.9000244140625,91.52999877929688,21.770000457763672,0.5384615384615384,78.0
2021-02-05,36936.65,38310.12,36570.0,38290.24,66681.334275,1810.9000244140625,91.04000091552734,20.8700008392334,0.40594059405940597,101.0
2021-02-06,38289.32,40955.51,38215.94,39186.94,98757.311183,1810.9000244140625,91.04000091552734,20.8700008392334,0.5833333333333334,48.0
2021-02-07,39181.01,39700.0,37351.0,38795.69,84363.679763,1810.9000244140625,91.04000091552734,20.8700008392334,0.5,32.0
2021-02-08,38795.69,46794.45,37988.89,46374.87,138597.536914,1831.9000244140625,90.93000030517578,21.239999771118164,0.6132075471698113,106.0
2021-02-09,46374.86,48142.19,44961.09,46420.42,115499.861712,1835.300048828125,90.44000244140624,21.6299991607666,0.5858585858585859,99.0
2021-02-10,46420.42,47310.0,43727.0,44807.58,97154.1822,1840.5999755859373,90.37000274658205,21.989999771118164,0.4017857142857143,112.0
2021-02-11,44807.58,48678.9,43994.02,47969.51,89561.081454,1824.9000244140625,90.41999816894533,21.25,0.4188034188034188,117.0
2021-02-12,47968.66,48985.8,46125.0,47287.6,85870.035697,1821.5999755859373,90.4800033569336,19.96999931335449,0.6347826086956522,115.0
2021-02-13,47298.15,48150.0,46202.53,47153.69,63768.097399,1821.5999755859373,90.4800033569336,19.96999931335449,0.6458333333333334,48.0
2021-02-14,47156.78,49707.43,47014.17,48577.79,73735.475533,1821.5999755859373,90.4800033569336,19.96999931335449,0.6176470588235294,34.0
2021-02-15,48580.47,49010.92,45570.79,47911.1,79398.156784,1821.5999755859373,90.4800033569336,19.96999931335449,0.28125,64.0
2021-02-16,47911.1,50689.18,47003.62,49133.45,88813.266298,1797.199951171875,90.51000213623048,21.459999084472656,0.5625,96.0
2021-02-17,49133.45,52618.74,48947.0,52119.71,85743.637818,1771.0999755859375,90.9499969482422,21.5,0.6115702479338843,121.0
2021-02-18,52117.67,52530.0,50901.9,51552.6,60758.046954,1773.4000244140625,90.58999633789062,22.489999771118164,0.6,95.0
2021-02-19,51552.61,56368.0,50710.2,55906.0,79659.77802,1775.800048828125,90.36000061035156,22.049999237060547,0.6792452830188679,106.0
2021-02-20,55906.0,57700.46,53863.93,55841.19,80948.205314,1775.800048828125,90.36000061035156,22.049999237060547,0.6222222222222222,45.0
2021-02-21,55841.19,58352.8,55477.59,57408.57,58166.708511,1775.800048828125,90.36000061035156,22.049999237060547,0.6590909090909091,44.0
2021-02-22,57412.35,57508.47,47622.0,54087.67,134019.434944,1806.699951171875,90.01000213623047,23.450000762939453,-0.07777777777777778,90.0
2021-02-23,54087.67,54183.59,44892.56,48891.0,169375.025051,1804.4000244140625,90.16999816894533,23.11000061035156,-0.08737864077669903,103.0
2021-02-24,48891.0,51374.99,46988.69,49676.2,91881.209252,1796.4000244140625,90.18000030517578,21.34000015258789,0.40594059405940597,101.0
2021-02-25,49676.21,52041.73,46674.34,47073.73,83310.673121,1774.4000244140625,90.12999725341795,28.88999938964844,0.3333333333333333,87.0
2021-02-26,47073.73,48424.11,44106.78,46276.87,109423.200663,1728.0999755859375,90.93000030517578,27.950000762939453,0.2268041237113402,97.0
2021-02-27,46276.88,48394.0,45000.0,46106.43,66060.834292,1728.0999755859375,90.93000030517578,27.950000762939453,0.1111111111111111,45.0
2021-02-28,46103.67,46638.46,43000.0,45135.66,83055.369042,1728.0999755859375,90.93000030517578,27.950000762939453,-0.02564102564102564,39.0
2021-03-01,45134.11,49790.0,44950.53,49587.03,85086.111648,1722.5,91.04000091552734,23.350000381469727,0.44,100.0
2021-03-02,49595.76,50200.0,47047.6,48440.65,64221.06214,1733.0999755859375,90.79000091552734,24.100000381469727,0.7532467532467533,77.0
2021-03-03,48436.61,52640.0,48100.71,50349.37,81035.913705,1715.300048828125,90.9499969482422,26.670000076293945,0.6122448979591837,98.0
2021-03-04,50349.37,51773.88,47500.0,48374.09,82649.716829,1700.199951171875,91.62999725341795,28.56999969482422,0.30434782608695654,69.0
2021-03-05,48374.09,49448.93,46300.0,48751.71,78192.496372,1698.0,91.9800033569336,24.65999984741211,0.23333333333333334,90.0
2021-03-06,48746.81,49200.0,47070.0,48882.2,44399.234242,1698.0,91.9800033569336,24.65999984741211,0.45714285714285713,35.0
2021-03-07,48882.2,51450.03,48882.2,50971.75,55235.028032,1698.0,91.9800033569336,24.65999984741211,0.6341463414634146,41.0
2021-03-08,50959.11,52402.78,49274.67,52375.17,66987.359664,1677.699951171875,92.30999755859376,25.46999931335449,0.6582278481012658,79.0
2021-03-09,52375.18,54895.0,51789.41,54884.5,71656.737076,1716.5999755859375,91.95999908447266,24.030000686645508,0.6933333333333334,75.0
2021-03-10,54874.67,57387.69,53005.0,55851.59,84749.238943,1721.5,91.79000091552734,22.559999465942383,0.4358974358974359,78.0
2021-03-11,55851.59,58150.0,54272.82,57773.16,81914.812859,1722.300048828125,91.41999816894533,21.90999984741211,0.44680851063829785,94.0
2021-03-12,57773.15,58081.51,54962.84,57221.72,73405.406047,1719.5,91.68000030517578,20.690000534057617,0.48148148148148145,81.0
2021-03-13,57221.72,61844.0,56078.23,61188.39,83245.091346,1719.5,91.68000030517578,20.690000534057617,0.5476190476190477,42.0
2021-03-14,61188.38,61724.79,58966.78,58968.31,52601.05275,1719.5,91.68000030517578,20.690000534057617,0.75,24.0
2021-03-15,58976.08,60633.43,54600.0,55605.2,102771.427298,1728.9000244140625,91.83000183105467,20.030000686645508,0.24705882352941178,85.0
2021-03-16,55605.2,56938.29,53271.34,56900.75,77986.694355,1730.5999755859375,91.87000274658205,19.790000915527344,0.2708333333333333,96.0
2021-03-17,56900.74,58974.73,54123.69,58912.97,70421.620841,1726.800048828125,91.4000015258789,19.229999542236328,0.34579439252336447,107.0
2021-03-18,58912.97,60129.97,57023.0,57648.16,66580.406675,1732.199951171875,91.8499984741211,21.57999992370605,0.46875,96.0
2021-03-19,57641.0,59468.0,56270.74,58030.01,52392.652961,1741.4000244140625,91.91999816894533,20.950000762939453,0.5212765957446809,94.0
2021-03-20,58030.01,59880.0,57820.17,58102.28,44476.941776,1741.4000244140625,91.91999816894533,20.950000762939453,0.4583333333333333,24.0
2021-03-21,58100.02,58589.1,55450.11,57351.56,48564.470274,1741.4000244140625,91.91999816894533,20.950000762939453,0.16666666666666666,24.0
2021-03-22,57351.56,58430.73,53650.0,54083.25,62581.626169,1737.800048828125,91.8000030517578,18.8799991607666,0.44086021505376344,93.0
2021-03-23,54083.25,55830.9,53000.0,54340.89,59789.365427,1724.699951171875,92.33999633789062,20.299999237060547,0.13414634146341464,82.0
2021-03-24,54342.8,57200.0,51700.0,52303.65,83537.465021,1732.9000244140625,92.52999877929688,21.200000762939453,0.5416666666666666,96.0
2021-03-25,52303.66,53287.0,50427.56,51293.78,87400.534538,1724.9000244140625,92.87999725341795,19.809999465942383,-0.043478260869565216,92.0
2021-03-26,51293.78,55073.46,51214.6,55025.59,63813.774692,1732.199951171875,92.7699966430664,18.86000061035156,0.44,75.0
2021-03-27,55025.59,56700.36,53950.0,55817.14,50105.475055,1732.199951171875,92.7699966430664,18.86000061035156,0.34375,32.0
2021-03-28,55817.14,56559.75,54691.84,55777.63,39050.387511,1732.199951171875,92.7699966430664,18.86000061035156,0.40625,32.0
2021-03-29,55777.65,58405.82,54800.01,57635.47,67857.937398,1712.0999755859375,92.94000244140624,20.739999771118164,0.6197183098591549,71.0
2021-03-30,57635.46,59368.0,57071.35,58746.57,55122.443122,1683.9000244140625,93.3000030517578,19.61000061035156,0.6712328767123288,73.0
2021-03-31,58746.57,59800.0,56769.0,58740.55,60975.542666,1713.800048828125,93.2300033569336,19.399999618530277,0.4387755102040816,98.0
2021-04-01,58739.46,59490.0,57935.45,58720.44,47415.61722,1726.5,92.93000030517578,17.329999923706055,0.5783132530120482,83.0
2021-04-02,58720.45,60200.0,58428.57,58950.01,47382.418781,1726.5,92.93000030517578,17.329999923706055,0.5142857142857142,70.0
2021-04-03,58950.01,59791.72,56880.0,57051.94,47409.852113,1726.5,92.93000030517578,17.329999923706055,0.7586206896551724,29.0
2021-04-04,57051.95,58492.85,56388.0,58202.01,41314.081973,1726.5,92.93000030517578,17.329999923706055,0.5652173913043478,23.0
2021-04-05,58202.01,59272.0,56777.77,59129.99,54258.01579,1727.0,92.5999984741211,17.90999984741211,0.6222222222222222,90.0
2021-04-06,59129.99,59495.24,57413.02,57991.15,54201.000727,1741.5,92.33999633789062,18.1200008392334,0.6352941176470588,85.0
2021-04-07,57990.03,58655.0,55473.0,55953.45,71228.405659,1740.0999755859375,92.45999908447266,17.15999984741211,0.19047619047619047,84.0
2021-04-08,55953.44,58153.31,55700.0,58077.52,44283.147019,1756.800048828125,92.05999755859376,16.950000762939453,0.36046511627906974,86.0
2021-04-09,58077.52,58894.9,57654.0,58142.54,40831.884911,1743.300048828125,92.16000366210938,16.690000534057617,0.4230769230769231,78.0
2021-04-10,58142.55,61500.0,57900.01,59769.13,69906.424117,1743.300048828125,92.16000366210938,16.690000534057617,0.6511627906976745,43.0
2021-04-11,59769.13,60699.0,59232.52,60002.43,41156.715391,1743.300048828125,92.16000366210938,16.690000534057617,0.6216216216216216,37.0
2021-04-12,59998.8,61300.0,59350.59,59860.0,56375.037117,1731.199951171875,92.13999938964844,16.90999984741211,0.6265060240963856,83.0
2021-04-13,59860.01,63777.77,59805.15,63575.0,82848.688746,1746.199951171875,91.8499984741211,16.649999618530273,0.6770833333333334,96.0
2021-04-14,63575.01,64854.0,61301.0,62959.53,82616.343993,1734.9000244140625,91.69000244140624,16.989999771118164,0.5670103092783505,97.0
2021-04-15,62959.53,63800.0,62020.0,63159.98,51649.70034,1765.4000244140625,91.66999816894533,16.56999969482422,0.4891304347826087,92.0
2021-04-16,63158.74,63520.61,60000.0,61334.8,91764.139884,1779.0,91.55999755859376,16.25,0.33766233766233766,77.0
2021-04-17,61334.81,62506.05,59580.91,60006.66,58912.256128,1779.0,91.55999755859376,16.25,0.5357142857142857,28.0
2021-04-18,60006.67,60499.0,50931.3,56150.01,124882.131824,1779.0,91.55999755859376,16.25,-0.2,40.0
2021-04-19,56150.01,57526.81,54221.58,55633.14,78229.042267,1769.4000244140625,91.06999969482422,17.290000915527344,0.3287671232876712,73.0
2021-04-20,55633.14,57076.24,53329.96,56425.0,72744.482151,1777.300048828125,91.23999786376952,18.68000030517578,0.5135135135135135,74.0
2021-04-21,56425.0,56757.91,53536.02,53787.63,66984.756909,1792.300048828125,91.16000366210938,17.5,0.27941176470588236,68.0
2021-04-22,53787.62,55521.48,50500.0,51690.96,104656.631337,1781.199951171875,91.33000183105467,18.709999084472656,0.2708333333333333,96.0
2021-04-23,51690.95,52131.85,47500.0,51125.14,132230.780719,1777.0,90.86000061035156,17.329999923706055,-0.07954545454545454,88.0
2021-04-24,51110.56,51166.22,48657.14,50047.84,55361.512573,1777.0,90.86000061035156,17.329999923706055,0.0,36.0
2021-04-25,50047.84,50567.91,46930.0,49066.77,58255.645004,1777.0,90.86000061035156,17.329999923706055,0.22580645161290322,31.0
2021-04-26,49066.76,54356.62,48753.44,54001.39,86310.802124,1779.199951171875,90.80999755859376,17.639999389648438,0.5172413793103449,87.0
2021-04-27,54001.38,55460.0,53222.0,55011.97,54064.034675,1778.0,90.91000366210938,17.559999465942383,0.5217391304347826,92.0
2021-04-28,55011.97,56428.0,53813.16,54846.22,55130.459015,1773.199951171875,90.61000061035156,17.280000686645508,0.5238095238095238,84.0
2021-04-29,54846.23,55195.84,52330.94,53555.0,52486.019455,1768.0999755859375,90.61000061035156,17.610000610351562,0.3235294117647059,68.0
2021-04-30,53555.0,57963.0,53013.01,57694.27,68578.910045,1767.300048828125,91.27999877929688,18.61000061035156,0.4838709677419355,62.0
2021-05-01,57697.25,58458.07,56956.14,57800.37,42600.351836,1767.300048828125,91.27999877929688,18.61000061035156,0.6571428571428571,35.0
2021-05-02,57797.35,57911.02,56035.25,56578.21,36812.878863,1767.300048828125,91.27999877929688,18.61000061035156,0.2222222222222222,36.0
2021-05-03,56578.21,58981.44,56435.0,57169.39,57649.931286,1791.4000244140625,90.9499969482422,18.309999465942383,0.6818181818181818,66.0
2021-05-04,57169.39,57200.0,53046.69,53200.01,85324.625903,1775.800048828125,91.29000091552734,19.479999542236328,0.5,70.0
2021-05-05,53205.05,58069.82,52900.0,57436.11,77263.923439,1784.0999755859375,91.30999755859376,19.149999618530277,0.5733333333333334,75.0
2021-05-06,57436.11,58360.0,55200.0,56393.68,70181.671908,1815.5,90.9499969482422,18.38999938964844,0.75,84.0
2021-05-07,56393.68,58650.0,55241.63,57314.75,74542.747829,1831.0999755859373,90.2300033569336,16.690000534057617,0.46987951807228917,83.0
2021-05-08,57315.49,59500.0,56900.0,58862.05,69709.906028,1831.0999755859373,90.2300033569336,16.690000534057617,0.5714285714285714,28.0
2021-05-09,58866.53,59300.0,56235.66,58240.84,69806.11991,1831.0999755859373,90.2300033569336,16.690000534057617,0.5666666666666667,30.0
2021-05-10,58240.83,59500.0,53400.0,55816.14,89586.34925,1837.5,90.20999908447266,19.65999984741211,0.44047619047619047,84.0
2021-05-11,55816.14,56862.43,54370.0,56670.02,64329.54055,1835.9000244140625,90.13999938964844,21.84000015258789,0.4657534246575342,73.0
2021-05-12,56670.02,58000.01,48600.0,49631.32,99842.789836,1822.5999755859373,90.70999908447266,27.59000015258789,0.2441860465116279,86.0
2021-05-13,49537.15,51367.19,46000.0,49670.97,147332.002121,1823.800048828125,90.75,23.1299991607666,0.05825242718446602,103.0
2021-05-14,49671.92,51483.0,48799.75,49841.45,80082.204306,1837.9000244140625,90.31999969482422,18.809999465942383,0.1875,80.0
2021-05-15,49844.16,50700.0,46555.0,46762.99,89437.449359,1837.9000244140625,90.31999969482422,18.809999465942383,0.4838709677419355,31.0
2021-05-16,46762.99,49795.89,43825.39,46431.5,114269.812775,1837.9000244140625,90.31999969482422,18.809999465942383,0.21951219512195122,41.0
2021-05-17,46426.83,46686.0,42001.0,43538.04,166657.172736,1867.5,90.22000122070312,19.71999931335449,-0.21428571428571427,98.0
2021-05-18,43538.02,45799.29,42250.02,42849.78,116979.860784,1867.800048828125,89.75,21.34000015258789,0.24705882352941178,85.0
2021-05-19,42849.78,43584.9,30000.0,36690.09,354347.243161,1881.300048828125,90.19000244140624,22.18000030517578,-0.22935779816513763,109.0
2021-05-20,36671.23,42451.67,34850.0,40526.64,203017.596923,1881.800048828125,89.80999755859375,20.670000076293945,-0.024390243902439025,82.0
2021-05-21,40525.39,42200.0,33488.0,37252.01,202100.888258,1876.699951171875,90.0199966430664,20.149999618530277,0.012048192771084338,83.0
2021-05-22,37263.35,38829.0,35200.62,37449.73,126542.243689,1876.699951171875,90.0199966430664,20.149999618530277,0.17777777777777778,45.0
2021-05-23,37458.51,38270.64,31111.01,34655.25,217136.046593,1876.699951171875,90.0199966430664,20.149999618530277,-0.17073170731707318,41.0
2021-05-24,34681.44,39920.0,34031.0,38796.29,161630.893971,1884.5999755859373,89.83000183105469,18.399999618530277,0.25925925925925924,108.0
2021-05-25,38810.99,39791.77,36419.62,38324.72,111996.228404,1898.0999755859373,89.63999938964844,18.84000015258789,0.19047619047619047,105.0
2021-05-26,38324.72,40841.0,37800.44,39241.91,104780.773396,1901.300048828125,90.04000091552734,17.360000610351562,0.2545454545454545,110.0
2021-05-27,39241.92,40411.14,37134.27,38529.98,86547.158794,1895.699951171875,89.97000122070312,16.739999771118164,0.20202020202020202,99.0
2021-05-28,38529.99,38877.83,34684.0,35663.49,135377.62972,1902.5,90.02999877929688,16.760000228881836,0.0,74.0
2021-05-29,35661.79,37338.58,33632.76,34605.15,112663.092689,1902.5,90.02999877929688,16.760000228881836,0.4146341463414634,41.0
2021-05-30,34605.15,36488.0,33379.0,35641.27,73535.386967,1902.5,90.02999877929688,16.760000228881836,0.16666666666666666,30.0
2021-05-31,35641.26,37499.0,34153.84,37253.81,94160.735289,1902.5,90.02999877929688,16.760000228881836,0.23376623376623376,77.0
2021-06-01,37253.82,37894.81,35666.0,36693.09,81234.66377,1902.9000244140625,89.83000183105469,17.899999618530273,0.17777777777777778,90.0
2021-06-02,36694.85,38225.0,35920.0,37568.68,67587.372495,1907.5,89.9000015258789,17.479999542236328,0.4772727272727273,88.0
2021-06-03,37568.68,39476.0,37170.0,39246.79,75889.106011,1871.199951171875,90.5,18.040000915527344,0.3522727272727273,88.0
2021-06-04,39246.78,39289.07,35555.15,36829.0,91317.799245,1889.800048828125,90.13999938964844,16.420000076293945,0.03773584905660377,106.0
2021-06-05,36829.15,37925.0,34800.0,35513.2,70459.62149,1889.800048828125,90.13999938964844,16.420000076293945,0.3793103448275862,58.0
2021-06-06,35516.07,36480.0,35222.0,35796.31,47650.206637,1889.800048828125,90.13999938964844,16.420000076293945,0.35714285714285715,56.0
2021-06-07,35796.31,36900.0,33300.0,33552.79,77574.952573,1896.800048828125,89.94999694824219,16.420000076293945,0.28448275862068967,116.0
2021-06-08,33556.96,34068.01,31000.0,33380.81,123251.189037,1892.199951171875,90.08000183105467,17.06999969482422,-0.008333333333333333,120.0
2021-06-09,33380.8,37534.79,32396.82,37388.05,136607.597517,1893.199951171875,90.12000274658205,17.889999389648438,0.31746031746031744,126.0
2021-06-10,37388.05,38491.0,35782.0,36675.72,109527.284943,1894.199951171875,90.08000183105467,16.100000381469727,0.28225806451612906,124.0
2021-06-11,36677.83,37680.4,35936.77,37331.98,78466.0053,1877.4000244140625,90.55999755859376,15.649999618530272,-0.04504504504504504,111.0
2021-06-12,37331.98,37463.63,34600.36,35546.11,87717.54999,1877.4000244140625,90.55999755859376,15.649999618530272,0.21951219512195122,41.0
2021-06-13,35546.12,39380.0,34757.0,39020.57,86921.025555,1877.4000244140625,90.55999755859376,15.649999618530272,0.5106382978723404,47.0
2021-06-14,39020.56,41064.05,38730.0,40516.29,108522.391949,1864.0,90.5199966430664,16.389999389648438,0.5405405405405406,111.0
2021-06-15,40516.28,41330.0,39506.4,40144.04,80679.622838,1854.5,90.54000091552734,17.020000457763672,0.48484848484848486,99.0
2021-06-16,40143.8,40527.14,38116.01,38349.01,87771.976937,1859.5,91.12999725341795,18.149999618530277,0.3564356435643564,101.0
2021-06-17,38349.0,39559.88,37365.0,38092.97,79541.307119,1773.800048828125,91.88999938964844,17.75,0.22772277227722773,101.0
2021-06-18,38092.97,38202.84,35129.29,35819.84,95228.042935,1767.9000244140625,92.2300033569336,20.700000762939453,0.12280701754385964,114.0
2021-06-19,35820.48,36457.0,34803.52,35483.72,68712.449461,1767.9000244140625,92.2300033569336,20.700000762939453,-0.25,44.0
2021-06-20,35483.72,36137.72,33336.0,35600.16,89878.17085,1767.9000244140625,92.2300033569336,20.700000762939453,-0.14285714285714285,49.0
2021-06-21,35600.17,35750.0,31251.23,31608.93,168778.873159,1781.800048828125,91.86000061035156,17.889999389648438,-0.2767857142857143,112.0
2021-06-22,31614.12,33298.78,28805.0,32509.56,204208.179762,1776.300048828125,91.7300033569336,16.65999984741211,-0.24193548387096775,124.0
2021-06-23,32509.56,34881.0,31683.0,33678.07,126966.100563,1782.300048828125,91.8000030517578,16.31999969482422,0.35454545454545455,110.0
2021-06-24,33675.07,35298.0,32286.57,34663.09,86625.80426,1775.5999755859375,91.81999969482422,15.970000267028809,0.13513513513513514,111.0
2021-06-25,34663.08,35500.0,31275.0,31584.45,116061.130356,1776.5999755859375,91.80999755859376,15.619999885559082,0.2235294117647059,85.0
2021-06-26,31576.09,32730.0,30151.0,32283.65,107820.375287,1776.5999755859375,91.80999755859376,15.619999885559082,0.06666666666666667,45.0
2021-06-27,32283.65,34749.0,31973.45,34700.34,96613.244211,1776.5999755859375,91.80999755859376,15.619999885559082,0.2391304347826087,46.0
2021-06-28,34702.49,35297.71,33862.72,34494.89,82222.267819,1779.5999755859375,91.87999725341795,15.760000228881836,0.2761904761904762,105.0
2021-06-29,34494.89,36600.0,34225.43,35911.73,90788.79622,1762.800048828125,92.0500030517578,16.020000457763672,0.22321428571428573,112.0
2021-06-30,35911.72,36100.0,34017.55,35045.0,77152.197634,1770.800048828125,92.44000244140624,15.829999923706056,0.17094017094017094,117.0
2021-07-01,35045.0,35057.57,32711.0,33504.69,71708.266112,1775.9000244140625,92.5999984741211,15.479999542236328,0.2988505747126437,87.0
2021-07-02,33502.33,33977.04,32699.0,33786.55,56172.181378,1782.5999755859375,92.2300033569336,15.06999969482422,0.2976190476190476,84.0
2021-07-03,33786.54,34945.61,33316.73,34669.13,43044.578641,1782.5999755859375,92.2300033569336,15.06999969482422,0.26,50.0
2021-07-04,34669.12,35967.85,34357.15,35286.51,43703.475789,1782.5999755859375,92.2300033569336,15.06999969482422,0.5405405405405406,37.0
2021-07-05,35288.13,35293.78,33125.55,33690.14,64123.874245,1782.5999755859375,92.2300033569336,15.06999969482422,0.1891891891891892,74.0
2021-07-06,33690.15,35118.88,33532.0,34220.01,58210.596349,1793.5,92.5500030517578,16.440000534057617,0.04878048780487805,82.0
2021-07-07,34220.02,35059.09,33777.77,33862.12,53807.521675,1801.5,92.63999938964844,16.200000762939453,0.5068493150684932,73.0
2021-07-08,33862.11,33929.64,32077.0,32875.71,70136.48032,1799.5999755859375,92.36000061035156,19.0,0.09302325581395349,86.0
2021-07-09,32875.71,34100.0,32261.07,33815.81,47153.939899,1810.0,92.12999725341795,16.18000030517578,0.13861386138613863,101.0
2021-07-10,33815.81,34262.0,33004.78,33502.87,34761.175468,1810.0,92.12999725341795,16.18000030517578,-0.05405405405405406,37.0
2021-07-11,33502.87,34666.0,33306.47,34258.99,31572.647448,1810.0,92.12999725341795,16.18000030517578,0.12,25.0
2021-07-12,34259.0,34678.43,32658.34,33086.63,48181.403762,1805.5,92.2300033569336,16.170000076293945,0.2261904761904762,84.0
2021-07-13,33086.94,33340.0,32202.25,32729.77,41126.361008,1809.4000244140625,92.75,17.1200008392334,0.25,92.0
2021-07-14,32729.12,33114.03,31550.0,32820.02,46777.823484,1824.300048828125,92.41000366210938,16.329999923706055,0.10204081632653061,98.0
2021-07-15,32820.03,33185.25,31133.0,31880.0,51639.576353,1828.4000244140625,92.62000274658205,17.010000228881836,0.28735632183908044,87.0
2021-07-16,31874.49,32249.18,31020.0,31383.87,48499.864154,1814.5,92.69000244140624,18.450000762939453,0.23333333333333334,90.0
2021-07-17,31383.86,31955.92,31164.31,31520.07,34012.242132,1814.5,92.69000244140624,18.450000762939453,0.34285714285714286,35.0
2021-07-18,31520.07,32435.0,31108.97,31778.56,35923.716186,1814.5,92.69000244140624,18.450000762939453,0.2857142857142857,35.0
2021-07-19,31778.57,31899.0,30407.44,30839.65,47340.468499,1808.699951171875,92.88999938964844,22.5,-0.024096385542168676,83.0
2021-07-20,30839.65,31063.07,29278.0,29790.35,61034.049017,1810.9000244140625,92.97000122070312,19.729999542236328,-0.021739130434782608,92.0
2021-07-21,29790.34,32858.0,29482.61,32144.51,82796.265128,1802.9000244140625,92.75,17.90999984741211,0.43529411764705883,85.0
2021-07-22,32144.51,32591.35,31708.0,32287.83,46148.092433,1805.0,92.81999969482422,17.690000534057617,0.48598130841121495,107.0
2021-07-23,32287.58,33650.0,31924.32,33634.09,50112.863626,1801.4000244140625,92.91000366210938,17.200000762939453,0.5526315789473685,76.0
2021-07-24,33634.1,34500.0,33401.14,34258.14,47977.550138,1801.4000244140625,92.91000366210938,17.200000762939453,0.2222222222222222,36.0
2021-07-25,34261.51,35398.0,33851.12,35381.02,47852.928313,1801.4000244140625,92.91000366210938,17.200000762939453,0.5161290322580645,31.0
2021-07-26,35381.02,40550.0,35205.78,37237.6,152452.512724,1798.699951171875,92.6500015258789,17.579999923706055,0.5631067961165048,103.0
2021-07-27,37241.33,39542.61,36383.0,39457.87,88397.267015,1799.5,92.43000030517578,19.36000061035156,0.20987654320987653,81.0
2021-07-28,39456.61,40900.0,38772.0,40019.56,101344.528441,1799.5,92.31999969482422,18.309999465942383,0.3977272727272727,88.0
2021-07-29,40019.57,40640.0,39200.0,40016.48,53998.439283,1831.199951171875,91.86000061035156,17.700000762939453,0.5157894736842106,95.0
2021-07-30,40018.49,42316.71,38313.23,42206.37,73602.784805,1812.5999755859373,92.16999816894533,18.239999771118164,0.2777777777777778,72.0
2021-07-31,42206.36,42448.0,41000.15,41461.83,44849.791012,1812.5999755859373,92.16999816894533,18.239999771118164,0.5714285714285714,42.0
2021-08-01,41461.84,42599.0,39422.01,39845.44,53953.186326,1812.5999755859373,92.16999816894533,18.239999771118164,0.6333333333333333,30.0
2021-08-02,39850.27,40480.01,38690.0,39147.82,50837.351954,1818.0999755859373,92.0500030517578,19.459999084472656,0.5052631578947369,95.0
2021-08-03,39146.86,39780.0,37642.03,38207.05,57117.435853,1810.0999755859373,92.08000183105467,18.040000915527344,0.47368421052631576,95.0
2021-08-04,38207.04,39969.66,37508.56,39723.18,52329.35243,1810.5,92.2699966430664,17.969999313354492,0.2976190476190476,84.0
2021-08-05,39723.17,41350.0,37332.7,40862.46,84343.755621,1805.0999755859373,92.23999786376952,17.280000686645508,0.5,96.0
2021-08-06,40862.46,43392.43,39853.86,42836.87,75753.941347,1760.0,92.8000030517578,16.149999618530273,0.46153846153846156,78.0
2021-08-07,42836.87,44700.0,42446.41,44572.54,73396.740808,1760.0,92.8000030517578,16.149999618530273,0.40540540540540543,37.0
2021-08-08,44572.54,45310.0,43261.0,43794.37,69329.092698,1760.0,92.8000030517578,16.149999618530273,0.5428571428571428,35.0
2021-08-09,43794.36,46454.15,42779.0,46253.4,74587.884845,1723.4000244140625,92.9499969482422,16.719999313354492,0.5466666666666666,75.0
2021-08-10,46248.87,46700.0,44589.46,45584.99,53814.643421,1728.800048828125,93.05999755859376,16.790000915527344,0.6436781609195402,87.0
2021-08-11,45585.0,46743.47,45341.14,45511.0,52734.901977,1750.4000244140625,92.91000366210938,16.170000076293945,0.7252747252747253,91.0
2021-08-12,45510.67,46218.12,43770.0,44399.0,55266.108781,1749.0,93.04000091552734,15.59000015258789,0.5232558139534884,86.0
2021-08-13,44400.06,47886.0,44217.39,47800.0,48239.370431,1775.199951171875,92.5199966430664,15.449999809265137,0.35294117647058826,68.0
2021-08-14,47799.99,48144.0,45971.03,47068.51,46114.359022,1775.199951171875,92.5199966430664,15.449999809265137,0.5,44.0
2021-08-15,47068.5,47372.27,45500.0,46973.82,42110.711334,1775.199951171875,92.5199966430664,15.449999809265137,0.5777777777777777,45.0
2021-08-16,46973.82,48053.83,45660.0,45901.29,52480.574014,1786.9000244140625,92.62999725341795,16.1200008392334,0.4880952380952381,84.0
2021-08-17,45901.3,47160.0,44376.0,44695.95,57039.341629,1785.0,93.12999725341795,17.90999984741211,0.4175824175824176,91.0
2021-08-18,44695.95,46000.0,44203.28,44705.29,54099.415985,1781.5999755859375,93.13999938964844,21.56999969482422,0.2653061224489796,98.0
2021-08-19,44699.37,47033.0,43927.7,46760.62,53411.75392,1780.199951171875,93.56999969482422,21.670000076293945,0.21649484536082475,97.0
2021-08-20,46760.62,49382.99,46622.99,49322.47,56850.352228,1781.0,93.5,18.559999465942383,0.56,100.0
2021-08-21,49322.47,49757.04,48222.0,48821.87,46745.136584,1781.0,93.5,18.559999465942383,0.358974358974359,39.0
2021-08-22,48821.88,49500.0,48050.0,49239.22,37007.887795,1781.0,93.5,18.559999465942383,0.6060606060606061,33.0
2021-08-23,49239.22,50500.0,49029.0,49488.85,52462.541954,1803.199951171875,92.95999908447266,17.149999618530273,0.71875,96.0
2021-08-24,49488.85,49860.0,47600.0,47674.01,51014.594748,1805.5999755859373,92.88999938964844,17.219999313354492,0.41304347826086957,92.0
2021-08-25,47674.01,49264.3,47126.28,48973.32,44655.830342,1788.199951171875,92.83000183105467,16.790000915527344,0.40217391304347827,92.0
2021-08-26,48973.32,49352.84,46250.0,46843.87,49371.277774,1792.199951171875,93.05999755859376,18.84000015258789,0.325,80.0
2021-08-27,46843.86,49149.93,46348.0,49069.9,42068.104965,1816.5999755859373,92.69000244140624,16.389999389648438,0.5432098765432098,81.0
2021-08-28,49069.9,49299.0,48346.88,48895.35,26681.063786,1816.5999755859373,92.69000244140624,16.389999389648438,0.475,40.0
2021-08-29,48895.35,49632.27,47762.54,48767.83,32652.283473,1816.5999755859373,92.69000244140624,16.389999389648438,0.41304347826086957,46.0
2021-08-30,48767.84,48888.61,46853.0,46982.91,40288.35083,1809.0,92.6500015258789,16.190000534057617,0.20987654320987653,81.0
2021-08-31,46982.91,48246.11,46700.0,47100.89,48645.52737,1815.0,92.62999725341795,16.479999542236328,0.3225806451612903,93.0
2021-09-01,47100.89,49156.0,46512.0,48810.52,49904.65528,1813.0999755859373,92.4499969482422,16.110000610351562,0.4431818181818182,88.0
2021-09-02,48810.51,50450.13,48584.06,49246.64,54410.770538,1808.699951171875,92.2300033569336,16.40999984741211,0.5,74.0
2021-09-03,49246.63,51000.0,48316.84,49999.14,59025.644157,1830.9000244140625,92.04000091552734,16.40999984741211,0.49382716049382713,81.0
2021-09-04,49998.0,50535.69,49370.0,49915.64,34664.65959,1830.9000244140625,92.04000091552734,16.40999984741211,0.5227272727272727,44.0
2021-09-05,49917.54,51900.0,49450.0,51756.88,40544.835873,1830.9000244140625,92.04000091552734,16.40999984741211,0.325,40.0
2021-09-06,51756.88,52780.0,50969.33,52663.9,49249.667081,1830.9000244140625,92.04000091552734,16.40999984741211,0.7887323943661971,71.0
2021-09-07,52666.2,52920.0,42843.05,46863.73,123048.802719,1795.9000244140625,92.5199966430664,18.13999938964844,0.3387096774193548,124.0
2021-09-08,46868.57,47340.99,44412.02,46048.31,65069.3152,1790.699951171875,92.6500015258789,17.959999084472656,0.21100917431192662,109.0
2021-09-09,46048.31,47399.97,45513.08,46395.14,50651.66002,1797.4000244140625,92.4800033569336,18.799999237060547,0.39603960396039606,101.0
2021-09-10,46395.14,47033.0,44132.29,44850.91,49048.26618,1789.5999755859375,92.58000183105467,20.950000762939453,0.10144927536231885,69.0
2021-09-11,44842.2,45987.93,44722.22,45173.69,30440.4081,1789.5999755859375,92.58000183105467,20.950000762939453,0.19148936170212766,47.0
2021-09-12,45173.68,46460.0,44742.06,46025.24,32094.28052,1789.5999755859375,92.58000183105467,20.950000762939453,0.6304347826086957,46.0
2021-09-13,46025.23,46880.0,43370.0,44940.73,65429.15056,1792.0,92.62000274658205,19.3700008392334,0.3469387755102041,98.0
2021-09-14,44940.72,47250.0,44594.44,47111.52,44855.85099,1804.699951171875,92.6500015258789,19.459999084472656,0.4489795918367347,98.0
2021-09-15,47103.28,48500.0,46682.32,48121.41,43204.71174,1792.4000244140625,92.48999786376952,18.18000030517578,0.5309734513274337,113.0
2021-09-16,48121.4,48557.0,47021.1,47737.82,40725.08895,1754.5999755859375,92.86000061035156,18.690000534057617,0.3870967741935484,93.0
2021-09-17,47737.81,48150.0,46699.56,47299.98,34461.92776,1749.4000244140625,93.1999969482422,20.809999465942383,0.417910447761194,67.0
2021-09-18,47299.98,48843.2,47035.56,48292.74,30906.47038,1749.4000244140625,93.1999969482422,20.809999465942383,0.625,48.0
2021-09-19,48292.75,48372.83,46829.18,47241.75,29847.24349,1749.4000244140625,93.1999969482422,20.809999465942383,0.4838709677419355,31.0
2021-09-20,47241.75,47347.25,42500.0,43015.62,78003.524443,1761.800048828125,93.23999786376952,25.709999084472656,-0.11458333333333333,96.0
2021-09-21,43016.64,43639.0,39600.0,40734.38,84534.080485,1776.0,93.1999969482422,24.36000061035156,0.2018348623853211,109.0
2021-09-22,40734.09,44000.55,40565.39,43543.61,58349.05542,1776.699951171875,93.45999908447266,20.8700008392334,0.18584070796460178,113.0
2021-09-23,43546.37,44978.0,43069.09,44865.26,48699.57655,1747.699951171875,93.0999984741211,18.6299991607666,0.4166666666666667,96.0
2021-09-24,44865.26,45200.0,40675.0,42810.57,84113.426292,1749.699951171875,93.33000183105467,17.75,0.06060606060606061,99.0
2021-09-25,42810.58,42966.84,41646.28,42670.64,33594.57189,1749.699951171875,93.33000183105467,17.75,0.22448979591836735,49.0
2021-09-26,42670.63,43950.0,40750.0,43160.9,49879.99765,1749.699951171875,93.33000183105467,17.75,0.36363636363636365,44.0
2021-09-27,43160.9,44350.0,42098.0,42147.35,39776.84383,1750.0,93.37999725341795,18.76000022888184,0.3763440860215054,93.0
2021-09-28,42147.35,42787.38,40888.0,41026.54,43372.2624,1735.800048828125,93.7699966430664,23.25,0.0989010989010989,91.0
2021-09-29,41025.01,42590.0,40753.88,41524.28,33511.53487,1721.5,94.33999633789062,22.559999465942383,0.30952380952380953,84.0
2021-09-30,41524.29,44141.37,41410.17,43824.1,46381.22781,1755.300048828125,94.25,23.13999938964844,0.3918918918918919,74.0
2021-10-01,43820.01,48495.0,43283.03,48141.61,66244.87492,1757.0,94.04000091552734,21.100000381469727,0.625,80.0
2021-10-02,48141.6,48336.59,47430.18,47634.9,30508.98131,1757.0,94.04000091552734,21.100000381469727,0.3448275862068966,29.0
2021-10-03,47634.89,49228.08,47088.0,48200.01,30825.05601,1757.0,94.04000091552734,21.100000381469727,0.7894736842105263,19.0
2021-10-04,48200.01,49536.12,46891.0,49224.94,46796.49372,1766.199951171875,93.80999755859376,22.959999084472656,0.57,100.0
2021-10-05,49224.93,51886.3,49022.4,51471.99,52125.66793,1759.5999755859375,93.9800033569336,21.299999237060547,0.6363636363636364,88.0
2021-10-06,51471.99,55750.0,50382.41,55315.0,79877.545181,1760.5,94.2699966430664,21.0,0.6625,80.0
2021-10-07,55315.0,55332.31,53357.0,53785.22,54917.37766,1757.9000244140625,94.22000122070312,19.540000915527344,0.5,70.0
2021-10-08,53785.22,56100.0,53617.61,53951.43,46160.25785,1756.300048828125,94.06999969482422,18.770000457763672,0.6666666666666666,90.0
2021-10-09,53955.67,55489.0,53661.67,54949.72,55177.08013,1756.300048828125,94.06999969482422,18.770000457763672,0.5238095238095238,42.0
2021-10-10,54949.72,56561.31,54080.0,54659.0,89237.836128,1756.300048828125,94.06999969482422,18.770000457763672,0.5405405405405406,37.0
2021-10-11,54659.01,57839.04,54415.06,57471.35,52933.165751,1754.5999755859375,94.31999969482422,20.0,0.5581395348837209,86.0
2021-10-12,57471.35,57680.0,53879.0,55996.93,53471.2855,1758.300048828125,94.5199966430664,19.850000381469727,0.38961038961038963,77.0
2021-10-13,55996.91,57777.0,54167.19,57367.0,55808.44492,1793.699951171875,94.08000183105467,18.63999938964844,0.4631578947368421,95.0
2021-10-14,57370.83,58532.54,56818.05,57347.94,43053.336781,1796.699951171875,93.95999908447266,16.860000610351562,0.5,106.0
2021-10-15,57347.94,62933.0,56850.0,61672.42,82512.908022,1767.199951171875,93.94000244140624,16.299999237060547,0.7155963302752294,109.0
2021-10-16,61672.42,62378.42,60150.0,60875.57,35467.88096,1767.199951171875,93.94000244140624,16.299999237060547,0.4782608695652174,46.0
2021-10-17,60875.57,61718.39,58963.0,61528.33,39099.24124,1767.199951171875,93.94000244140624,16.299999237060547,0.38095238095238093,42.0
2021-10-18,61528.32,62695.78,59844.45,62009.84,51798.44844,1764.800048828125,93.9499969482422,16.309999465942383,0.5740740740740741,108.0
2021-10-19,62005.6,64486.0,61322.22,64280.59,53628.107744,1769.699951171875,93.79000091552734,15.699999809265137,0.528,125.0
2021-10-20,64280.59,67000.0,63481.4,66001.41,51428.934856,1784.0999755859375,93.55999755859376,15.489999771118164,0.7014925373134329,134.0
2021-10-21,66001.4,66639.74,62000.0,62193.15,68538.64537,1781.199951171875,93.7699966430664,15.010000228881836,0.5283018867924528,106.0
2021-10-22,62193.15,63732.39,60000.0,60688.22,52119.35886,1795.5,93.61000061035156,15.43000030517578,0.3125,80.0
2021-10-23,60688.23,61747.64,59562.15,61286.75,27626.93678,1795.5,93.61000061035156,15.43000030517578,0.5135135135135135,37.0
2021-10-24,61286.75,61500.0,59510.63,60852.22,31226.57676,1795.5,93.61000061035156,15.43000030517578,0.45454545454545453,33.0
2021-10-25,60852.22,63710.63,60650.0,63078.78,36853.83806,1806.0,93.80999755859376,15.239999771118164,0.5164835164835165,91.0
2021-10-26,63078.78,63293.48,59817.55,60328.81,40217.50083,1792.699951171875,93.9499969482422,15.979999542236328,0.6385542168674698,83.0
2021-10-27,60328.81,61496.0,58000.0,58413.44,62124.49016,1797.9000244140625,93.86000061035156,16.979999542236328,0.20652173913043478,92.0
2021-10-28,58413.44,62499.0,57820.0,60575.89,61056.35301,1801.5999755859373,93.3499984741211,16.530000686645508,0.5161290322580645,93.0
2021-10-29,60575.9,62980.0,60174.81,62253.71,43973.90414,1783.0,94.12000274658205,16.260000228881836,0.6885245901639344,61.0
2021-10-30,62253.7,62359.25,60673.0,61859.19,31478.12566,1783.0,94.12000274658205,16.260000228881836,0.7142857142857143,28.0
2021-10-31,61859.19,62405.3,59945.36,61299.8,39267.63794,1783.0,94.12000274658205,16.260000228881836,0.4594594594594595,37.0
2021-11-01,61299.81,62437.74,59405.0,60911.11,44687.66672,1795.0999755859375,93.87999725341795,16.40999984741211,0.7023809523809523,84.0
2021-11-02,60911.12,64270.0,60624.68,63219.99,46368.2841,1788.699951171875,94.08999633789062,16.030000686645508,0.625,72.0
2021-11-03,63220.57,63500.0,60382.76,62896.48,43336.09049,1763.5999755859375,93.86000061035156,15.100000381469728,0.6052631578947368,76.0
2021-11-04,62896.49,63086.31,60677.01,61395.01,35930.93314,1793.0,94.3499984741211,15.4399995803833,0.4,70.0
2021-11-05,61395.01,62595.72,60721.0,60937.12,31604.48749,1816.4000244140625,94.31999969482422,16.479999542236328,0.5394736842105263,76.0
2021-11-06,60940.18,61560.49,60050.0,61470.61,25590.57408,1816.4000244140625,94.31999969482422,16.479999542236328,0.5,26.0
2021-11-07,61470.62,63286.35,61322.78,63273.59,25515.6883,1816.4000244140625,94.31999969482422,16.479999542236328,0.36,25.0
2021-11-08,63273.58,67789.0,63273.58,67525.83,54442.094554,1827.4000244140625,94.0500030517578,17.219999313354492,0.717391304347826,92.0
2021-11-09,67525.82,68524.25,66222.4,66947.66,44661.378068,1830.199951171875,93.95999908447266,17.780000686645508,0.6067415730337079,89.0
2021-11-10,66947.67,69000.0,62822.9,64882.43,65171.504046,1847.5999755859373,94.8499984741211,18.729999542236328,0.5443037974683544,79.0
2021-11-11,64882.42,65600.07,64100.0,64774.26,37237.98058,1863.199951171875,95.18000030517578,17.65999984741211,0.4864864864864865,74.0
2021-11-12,64774.25,65450.7,62278.0,64122.23,44490.10816,1867.9000244140625,95.12999725341795,16.290000915527344,0.28,75.0
2021-11-13,64122.22,65000.0,63360.22,64380.0,22504.97383,1867.9000244140625,95.12999725341795,16.290000915527344,0.2,30.0
2021-11-14,64380.01,65550.51,63576.27,65519.1,25705.07347,1867.9000244140625,95.12999725341795,16.290000915527344,0.5128205128205128,39.0
2021-11-15,65519.11,66401.82,63400.0,63606.74,37829.37124,1866.0999755859373,95.41000366210938,16.489999771118164,0.4891304347826087,92.0
2021-11-16,63606.73,63617.31,58574.07,60058.87,77455.15609,1853.5999755859373,95.91999816894533,16.3700008392334,0.14285714285714285,98.0
2021-11-17,60058.87,60840.23,58373.0,60344.87,46289.38491,1869.699951171875,95.83000183105467,17.110000610351562,0.3157894736842105,95.0
2021-11-18,60344.86,60976.0,56474.26,56891.62,62146.99931,1861.0,95.54000091552734,17.59000015258789,0.3780487804878049,82.0
2021-11-19,56891.62,58320.0,55600.0,58052.24,50715.88726,1851.199951171875,96.06999969482422,17.90999984741211,0.22972972972972974,74.0
2021-11-20,58057.1,59845.0,57353.0,59707.51,33811.5901,1851.199951171875,96.06999969482422,17.90999984741211,0.38461538461538464,26.0
2021-11-21,59707.52,60029.76,58486.65,58622.02,31902.22785,1851.199951171875,96.06999969482422,17.90999984741211,0.5161290322580645,31.0
2021-11-22,58617.7,59444.0,55610.0,56247.18,51724.32047,1806.0,96.5,19.170000076293945,0.25,80.0
2021-11-23,56243.83,58009.99,55317.0,57541.27,49917.85017,1783.5,96.48999786376952,19.3799991607666,0.3,90.0
2021-11-24,57541.26,57735.0,55837.0,57138.29,39612.04964,1784.0999755859375,96.83999633789062,18.57999992370605,0.4482758620689655,58.0
2021-11-25,57138.29,59398.9,57000.0,58960.36,42153.51522,1784.0999755859375,96.83999633789062,18.57999992370605,0.4716981132075472,53.0
2021-11-26,58960.37,59150.0,53500.0,53726.53,65927.87066,1785.300048828125,96.08999633789062,28.6200008392334,0.15942028985507245,69.0
2021-11-27,53723.72,55280.0,53610.0,54721.03,29716.99957,1785.300048828125,96.08999633789062,28.6200008392334,0.3939393939393939,33.0
2021-11-28,54716.47,57445.05,53256.64,57274.88,36163.7137,1785.300048828125,96.08999633789062,28.6200008392334,0.0,21.0
2021-11-29,57274.89,58865.97,56666.67,57776.25,40125.28009,1782.300048828125,96.33999633789062,22.959999084472656,0.5681818181818182,88.0
2021-11-30,57776.25,59176.99,55875.55,56950.56,49161.05194,1773.5999755859375,95.98999786376952,27.190000534057617,0.345679012345679,81.0
2021-12-01,56950.56,59053.55,56458.01,57184.07,44956.63656,1781.5999755859375,96.0500030517578,31.1200008392334,0.5125,80.0
2021-12-02,57184.07,57375.47,55777.77,56480.34,37574.05976,1760.699951171875,96.12999725341795,27.950000762939453,0.3333333333333333,90.0
2021-12-03,56484.26,57600.0,51680.0,53601.05,58927.69027,1782.0,96.12000274658205,30.670000076293945,0.07246376811594203,69.0
2021-12-04,53601.05,53859.1,42000.3,49152.47,114203.373748,1782.0,96.12000274658205,30.670000076293945,0.02857142857142857,35.0
2021-12-05,49152.46,49699.05,47727.21,49396.33,45580.82012,1782.0,96.12000274658205,30.670000076293945,0.2413793103448276,29.0
2021-12-06,49396.32,50891.11,47100.0,50441.92,58571.21575,1777.5,96.29000091552734,27.18000030517578,-0.012345679012345678,81.0
2021-12-07,50441.91,51936.33,50039.74,50588.95,38253.46877,1782.5999755859375,96.37000274658205,21.88999938964844,0.34408602150537637,93.0
2021-12-08,50588.95,51200.0,48600.0,50471.19,38425.92466,1783.4000244140625,95.88999938964844,19.899999618530277,0.2777777777777778,72.0
2021-12-09,50471.19,50797.76,47320.0,47545.59,37692.68665,1774.5999755859375,96.2699966430664,21.57999992370605,0.367816091954023,87.0
2021-12-10,47535.9,50125.0,46852.0,47140.54,44233.57391,1782.9000244140625,96.0500030517578,18.690000534057617,0.0136986301369863,73.0
2021-12-11,47140.54,49485.71,46751.0,49389.99,28889.19358,1782.9000244140625,96.0500030517578,18.690000534057617,0.5555555555555556,27.0
2021-12-12,49389.99,50777.0,48638.0,50053.9,26017.93421,1782.9000244140625,96.0500030517578,18.690000534057617,0.23076923076923078,26.0
2021-12-13,50053.9,50189.97,45672.75,46702.75,50869.52093,1786.300048828125,96.31999969482422,20.309999465942383,0.1917808219178082,73.0
2021-12-14,46702.76,48700.41,46290.0,48343.28,39955.98445,1770.4000244140625,96.56999969482422,21.88999938964844,0.39080459770114945,87.0
2021-12-15,48336.95,49500.0,46547.0,48864.98,51629.181,1762.5999755859375,96.51000213623048,19.290000915527344,0.4567901234567901,81.0
2021-12-16,48864.98,49436.43,47511.0,47632.38,31949.86739,1796.5999755859375,96.04000091552734,20.56999969482422,0.4111111111111111,90.0
2021-12-17,47632.38,47995.96,45456.0,46131.2,43104.4887,1803.800048828125,96.56999969482422,21.56999969482422,0.14545454545454545,55.0
2021-12-18,46133.83,47392.37,45500.0,46834.48,25020.05271,1803.800048828125,96.56999969482422,21.56999969482422,0.16666666666666666,30.0
2021-12-19,46834.47,48300.01,46406.91,46681.23,29305.70665,1803.800048828125,96.56999969482422,21.56999969482422,0.36,25.0
2021-12-20,46681.24,47537.57,45558.85,46914.16,35848.50609,1793.699951171875,96.5500030517578,22.8700008392334,0.1076923076923077,65.0
2021-12-21,46914.17,49328.96,46630.0,48889.88,37713.92924,1787.9000244140625,96.48999786376952,21.01000022888184,0.5652173913043478,69.0
2021-12-22,48887.59,49576.13,48421.87,48588.16,27004.2022,1801.5999755859373,96.08000183105467,18.6299991607666,0.4,60.0
2021-12-23,48588.17,51375.0,47920.42,50838.81,35192.54046,1811.199951171875,96.0199966430664,17.959999084472656,0.4153846153846154,65.0
2021-12-24,50838.82,51810.0,50384.43,50820.0,31684.84269,1811.199951171875,96.0199966430664,17.959999084472656,0.7608695652173914,46.0
2021-12-25,50819.99,51156.23,50142.32,50399.66,19135.51613,1811.199951171875,96.0199966430664,17.959999084472656,0.55,20.0
2021-12-26,50399.67,51280.0,49412.0,50775.49,22569.88914,1811.199951171875,96.0199966430664,17.959999084472656,0.4,20.0
2021-12-27,50775.48,52088.0,50449.0,50701.44,28792.21566,1808.0999755859373,96.08999633789062,17.68000030517578,0.54,50.0
2021-12-28,50701.44,50704.05,47313.01,47543.74,45853.33924,1810.199951171875,96.1999969482422,17.540000915527344,0.12121212121212122,66.0
2021-12-29,47543.74,48139.08,46096.99,46464.66,39498.87,1805.0999755859373,95.93000030517578,16.950000762939453,0.4307692307692308,65.0
2021-12-30,46464.66,47900.0,45900.0,47120.87,30352.29569,1812.699951171875,95.97000122070312,17.329999923706055,0.2857142857142857,70.0
2021-12-31,47120.88,48548.26,45678.0,46216.93,34937.99796,1827.5,95.66999816894533,17.219999313354492,0.4523809523809524,42.0
2022-01-01,46216.93,47954.63,46208.37,47722.65,19604.46325,1827.5,95.66999816894533,17.219999313354492,0.0,24.0
2022-01-02,47722.66,47990.0,46654.0,47286.18,18340.4604,1827.5,95.66999816894533,17.219999313354492,0.625,24.0
2022-01-03,47286.18,47570.0,45696.0,46446.1,27662.0771,1799.4000244140625,96.23999786376952,16.600000381469727,0.4507042253521127,71.0
2022-01-04,46446.1,47557.54,45500.0,45832.01,35491.4136,1814.0,96.29000091552734,16.90999984741211,0.39705882352941174,68.0
2022-01-05,45832.01,47070.0,42500.0,43451.13,51784.11857,1824.5999755859373,96.19000244140624,19.729999542236328,0.2268041237113402,97.0
2022-01-06,43451.14,43816.0,42430.58,43082.31,38880.37305,1788.699951171875,96.25,19.61000061035156,-0.06741573033707865,89.0
2022-01-07,43082.3,43145.83,40610.0,41566.48,54836.50818,1797.0,95.73999786376952,18.76000022888184,0.02666666666666667,75.0
2022-01-08,41566.48,42300.0,40501.0,41679.74,32952.73111,1797.0,95.73999786376952,18.76000022888184,-0.041666666666666664,24.0
2022-01-09,41679.74,42786.7,41200.02,41864.62,22724.39426,1797.0,95.73999786376952,18.76000022888184,0.16,25.0
2022-01-10,41864.62,42248.5,39650.0,41822.49,50729.17019,1798.4000244140625,95.98999786376952,19.399999618530277,0.13095238095238096,84.0
2022-01-11,41822.49,43100.0,41268.93,42729.29,37296.43729,1818.5999755859373,95.62000274658205,18.40999984741211,0.31343283582089554,67.0
2022-01-12,42729.29,44322.0,42450.0,43902.66,33943.2928,1827.199951171875,95.0,17.6200008392334,0.49572649572649574,117.0
2022-01-13,43902.65,44500.0,42311.22,42560.11,34910.87762,1821.199951171875,94.79000091552734,20.309999465942383,0.5466666666666666,75.0
2022-01-14,42558.35,43448.78,41725.95,43059.96,32640.88292,1816.5,95.16999816894533,19.190000534057617,0.34615384615384615,78.0
2022-01-15,43059.96,43800.0,42555.0,43084.29,21936.05616,1816.5,95.16999816894533,19.190000534057617,0.8260869565217391,23.0
2022-01-16,43084.29,43475.0,42581.79,43071.66,20602.35271,1816.5,95.16999816894533,19.190000534057617,0.4090909090909091,22.0
2022-01-17,43071.66,43176.18,41540.42,42201.62,27562.08613,1816.5,95.16999816894533,19.190000534057617,0.44,50.0
2022-01-18,42201.63,42691.0,41250.0,42352.12,29324.08257,1812.300048828125,95.7300033569336,22.790000915527344,0.1875,64.0
2022-01-19,42352.12,42559.13,41138.56,41660.01,31685.72159,1843.0999755859373,95.51000213623048,23.850000381469727,0.3373493975903614,83.0
2022-01-20,41660.0,43505.0,40553.31,40680.91,42330.33953,1842.5,95.73999786376952,25.59000015258789,0.2702702702702703,74.0
2022-01-21,40680.92,41100.0,35440.45,36445.31,88860.891999,1831.800048828125,95.63999938964844,28.850000381469727,-0.24509803921568626,102.0
2022-01-22,36445.31,36835.22,34008.0,35071.42,90471.338961,1831.800048828125,95.63999938964844,28.850000381469727,-0.3333333333333333,27.0
2022-01-23,35071.42,36499.0,34601.01,36244.55,44279.52354,1831.800048828125,95.63999938964844,28.850000381469727,0.10714285714285714,28.0
2022-01-24,36244.55,37550.0,32917.17,36660.35,91904.753211,1841.699951171875,95.91999816894533,29.899999618530277,-0.04,75.0
2022-01-25,36660.35,37545.14,35701.0,36958.32,49232.40183,1852.699951171875,95.9499969482422,31.15999984741211,0.20192307692307693,104.0
2022-01-26,36958.32,38919.98,36234.63,36809.34,69830.16036,1829.9000244140625,96.48999786376952,31.959999084472656,0.29896907216494845,97.0
2022-01-27,36807.24,37234.47,35507.01,37160.1,53020.87934,1793.300048828125,97.26000213623048,30.489999771118164,0.029411764705882353,68.0
2022-01-28,37160.11,38000.0,36155.01,37716.56,42154.26956,1784.9000244140625,97.2699966430664,27.65999984741211,0.24175824175824176,91.0
2022-01-29,37716.57,38720.74,37268.44,38166.84,26129.49682,1784.9000244140625,97.2699966430664,27.65999984741211,0.18181818181818182,33.0
2022-01-30,38166.83,38359.26,37351.63,37881.76,21430.66527,1784.9000244140625,97.2699966430664,27.65999984741211,0.43333333333333335,30.0
2022-01-31,37881.75,38744.0,36632.61,38466.9,36855.2458,1795.0,96.54000091552734,24.82999992370605,0.13157894736842105,76.0
2022-02-01,38466.9,39265.2,38000.0,38694.59,34574.44663,1800.300048828125,96.38999938964844,21.959999084472656,0.45132743362831856,113.0
2022-02-02,38694.59,38855.92,36586.95,36896.36,35794.6813,1809.199951171875,95.94000244140624,22.09000015258789,0.31683168316831684,101.0
2022-02-03,36896.37,37387.0,36250.0,37311.61,32081.10999,1803.0,95.37999725341795,24.350000381469727,0.19318181818181818,88.0
2022-02-04,37311.98,41772.33,37026.73,41574.25,64703.95874,1806.5999755859373,95.4800033569336,23.21999931335449,0.4864864864864865,74.0
2022-02-05,41571.7,41913.69,40843.01,41382.59,32532.34372,1806.5999755859373,95.4800033569336,23.21999931335449,0.7272727272727273,33.0
2022-02-06,41382.6,42656.0,41116.56,42380.87,22405.16704,1806.5999755859373,95.4800033569336,23.21999931335449,0.6923076923076923,13.0
2022-02-07,42380.87,44500.5,41645.85,43839.99,51060.62006,1820.5999755859373,95.4000015258789,22.86000061035156,0.5247524752475248,101.0
2022-02-08,43839.99,45492.0,42666.0,44042.99,64880.29387,1826.5999755859373,95.63999938964844,21.440000534057617,0.42342342342342343,111.0
2022-02-09,44043.0,44799.0,43117.92,44372.72,34428.16729,1835.199951171875,95.48999786376952,19.959999084472656,0.5526315789473685,114.0
2022-02-10,44372.71,45821.0,43174.01,43495.44,62357.29091,1836.199951171875,95.5500030517578,23.90999984741211,0.25301204819277107,83.0
2022-02-11,43495.44,43920.0,41938.51,42373.73,44975.1687,1840.800048828125,96.08000183105467,27.36000061035156,0.33766233766233766,77.0
2022-02-12,42373.73,43079.49,41688.88,42217.87,26556.85681,1840.800048828125,96.08000183105467,27.36000061035156,0.02564102564102564,39.0
2022-02-13,42217.87,42760.0,41870.0,42053.66,17732.08113,1840.800048828125,96.08000183105467,27.36000061035156,0.76,25.0
2022-02-14,42053.65,42842.4,41550.56,42535.94,34010.1306,1868.0,96.37000274658205,28.32999992370605,0.23376623376623376,77.0
2022-02-15,42535.94,44751.4,42427.03,44544.86,38095.19576,1854.800048828125,95.98999786376952,25.700000762939453,0.4065934065934066,91.0
2022-02-16,44544.85,44549.97,43307.0,43873.56,28471.8727,1870.199951171875,95.6999969482422,24.290000915527344,0.297029702970297,101.0
2022-02-17,43873.56,44164.71,40073.21,40515.7,47245.99494,1900.699951171875,95.8000030517578,28.11000061035156,-0.10112359550561797,89.0
2022-02-18,40515.71,40959.88,39450.0,39974.44,43845.92241,1898.5999755859373,96.04000091552734,27.75,-0.06666666666666667,90.0
2022-02-19,39974.45,40444.32,39639.03,40079.17,18042.0551,1898.5999755859373,96.04000091552734,27.75,-0.24,25.0
2022-02-20,40079.17,40125.44,38000.0,38386.89,33439.29011,1898.5999755859373,96.04000091552734,27.75,0.18181818181818182,22.0
2022-02-21,38386.89,39494.35,36800.0,37008.16,62347.68496,1898.5999755859373,96.04000091552734,27.75,0.012345679012345678,81.0
2022-02-22,37008.16,38429.0,36350.0,38230.33,53785.94589,1906.0999755859373,96.02999877929688,28.809999465942383,-0.04938271604938271,81.0
2022-02-23,38230.33,39249.93,37036.79,37250.01,43560.732,1909.199951171875,96.19000244140624,31.020000457763672,0.07142857142857142,84.0
2022-02-24,37250.02,39843.0,34322.28,38327.21,120476.29458,1925.0999755859373,97.13999938964844,30.31999969482422,-0.2786885245901639,122.0
2022-02-25,38328.68,39683.53,38014.37,39219.17,56574.57125,1886.5,96.62000274658205,27.59000015258789,0.4803921568627451,102.0
2022-02-26,39219.16,40348.45,38573.18,39116.72,29361.2568,1886.5,96.62000274658205,27.59000015258789,0.3793103448275862,29.0
2022-02-27,39116.73,39855.7,37000.0,37699.07,46229.44719,1886.5,96.62000274658205,27.59000015258789,0.6129032258064516,31.0
2022-02-28,37699.08,44225.84,37450.17,43160.0,73945.63858,1899.4000244140625,96.70999908447266,30.149999618530277,0.24761904761904763,105.0
2022-03-01,43160.0,44949.0,42809.98,44421.2,61743.09873,1942.4000244140625,97.41000366210938,33.31999969482422,0.592,125.0
2022-03-02,44421.2,45400.0,43334.09,43892.98,57782.65081,1920.9000244140625,97.38999938964844,30.739999771118164,0.4946236559139785,93.0
2022-03-03,43892.99,44101.12,41832.28,42454.0,50940.61021,1934.4000244140625,97.79000091552734,30.479999542236328,0.2608695652173913,92.0
2022-03-04,42454.0,42527.3,38550.0,39148.66,61964.68498,1965.0999755859373,98.6500015258789,31.979999542236328,0.125,88.0
2022-03-05,39148.65,39613.24,38407.59,39397.96,30363.13341,1965.0999755859373,98.6500015258789,31.979999542236328,0.1111111111111111,36.0
2022-03-06,39397.97,39693.87,38088.57,38420.81,39677.26158,1965.0999755859373,98.6500015258789,31.979999542236328,0.0,27.0
2022-03-07,38420.8,39547.57,37155.0,37988.0,63994.11559,1993.9000244140625,99.29000091552734,36.45000076293945,0.09090909090909091,77.0
2022-03-08,37988.01,39362.08,37867.65,38730.63,55583.06638,2040.0999755859373,99.05999755859376,35.130001068115234,0.17647058823529413,85.0
2022-03-09,38730.63,42594.06,38656.45,41941.71,67392.58799,1985.9000244140625,97.97000122070312,32.45000076293945,0.5542168674698795,83.0
2022-03-10,41941.7,42039.63,38539.73,39422.0,71962.93154,1998.0999755859373,98.51000213623048,30.229999542236328,0.25925925925925924,81.0
2022-03-11,39422.01,40236.26,38223.6,38729.57,59018.7642,1982.699951171875,99.12000274658205,30.75,0.1,90.0
2022-03-12,38729.57,39486.71,38660.52,38807.36,24034.36432,1982.699951171875,99.12000274658205,30.75,0.15384615384615385,39.0
2022-03-13,38807.35,39310.0,37578.51,37777.34,32791.82359,1982.699951171875,99.12000274658205,30.75,0.16666666666666666,30.0
2022-03-14,37777.35,39947.12,37555.0,39671.37,46945.45375,1959.5999755859373,99.05999755859376,31.770000457763672,0.33663366336633666,101.0
2022-03-15,39671.37,39887.61,38098.33,39280.33,46015.54926,1928.5,99.06999969482422,29.82999992370605,0.23255813953488372,86.0
2022-03-16,39280.33,41718.0,38828.48,41114.0,88120.76167,1908.0,98.37999725341795,26.670000076293945,0.47126436781609193,87.0
2022-03-17,41114.01,41478.82,40500.0,40917.9,37189.38087,1942.0999755859373,98.01000213623048,25.670000076293945,0.5416666666666666,72.0
2022-03-18,40917.89,42325.02,40135.04,41757.51,45408.00969,1928.199951171875,98.2300033569336,23.8700008392334,0.4827586206896552,58.0
2022-03-19,41757.51,42400.0,41499.29,42201.13,29067.18108,1928.199951171875,98.2300033569336,23.8700008392334,0.5909090909090909,22.0
2022-03-20,42201.13,42296.26,40911.0,41262.11,30653.33468,1928.199951171875,98.2300033569336,23.8700008392334,0.1875,16.0
2022-03-21,41262.11,41544.22,40467.94,41002.25,39426.24877,1928.5999755859373,98.5,23.530000686645508,0.30864197530864196,81.0
2022-03-22,41002.26,43361.0,40875.51,42364.13,59454.94294,1920.699951171875,98.48999786376952,22.940000534057617,0.5057471264367817,87.0
2022-03-23,42364.13,43025.96,41751.47,42882.76,40828.87039,1936.5999755859373,98.62000274658205,23.56999969482422,0.2777777777777778,90.0
2022-03-24,42882.76,44220.89,42560.46,43991.46,56195.12374,1961.5999755859373,98.79000091552734,21.670000076293945,0.6153846153846154,104.0
2022-03-25,43991.46,45094.14,43579.0,44313.16,54614.43648,1953.800048828125,98.80999755859376,20.809999465942383,0.5869565217391305,92.0
2022-03-26,44313.16,44792.99,44071.97,44511.27,23041.61741,1953.800048828125,98.80999755859376,20.809999465942383,0.36363636363636365,33.0
2022-03-27,44511.27,46999.0,44421.46,46827.76,41874.91071,1953.800048828125,98.80999755859376,20.809999465942383,0.6206896551724138,29.0
2022-03-28,46827.76,48189.84,46663.56,47122.21,58949.2614,1939.5999755859373,99.08999633789062,19.6299991607666,0.5670103092783505,97.0
2022-03-29,47122.21,48096.47,46950.85,47434.8,36772.28457,1912.0,98.4000015258789,18.899999618530277,0.46078431372549017,102.0
2022-03-30,47434.79,47700.22,46445.42,47067.99,40947.2085,1933.5,97.79000091552734,19.32999992370605,0.4230769230769231,78.0
2022-03-31,47067.99,47600.0,45200.0,45510.34,48645.12667,1949.199951171875,98.30999755859376,20.559999465942383,0.5205479452054794,73.0
2022-04-01,45510.35,46720.09,44200.0,46283.49,56271.06474,1919.0999755859373,98.62999725341795,19.6299991607666,0.2,90.0
2022-04-02,46283.49,47213.0,45620.0,45811.0,37073.53582,1919.0999755859373,98.62999725341795,19.6299991607666,0.7272727272727273,22.0
2022-04-03,45810.99,47444.11,45530.92,46407.35,33394.67794,1919.0999755859373,98.62999725341795,19.6299991607666,0.4090909090909091,22.0
2022-04-04,46407.36,46890.71,45118.0,46580.51,44641.87514,1929.199951171875,98.98999786376952,18.56999969482422,0.3815789473684211,76.0
2022-04-05,46580.5,47200.0,45353.81,45497.55,42192.74852,1922.9000244140625,99.47000122070312,21.030000686645508,0.47706422018348627,109.0
2022-04-06,45497.54,45507.14,43121.0,43170.47,60849.32936,1918.4000244140625,99.5999984741211,22.100000381469727,0.13333333333333333,105.0
2022-04-07,43170.47,43900.99,42727.35,43444.19,37396.54156,1933.800048828125,99.75,21.549999237060547,0.27522935779816515,109.0
2022-04-08,43444.2,43970.62,42107.14,42252.01,42375.04203,1941.5999755859373,99.8000030517578,21.15999984741211,0.3559322033898305,118.0
2022-04-09,42252.02,42800.0,42125.48,42753.97,17891.66047,1941.5999755859373,99.8000030517578,21.15999984741211,0.23333333333333334,30.0
2022-04-10,42753.96,43410.3,41868.0,42158.85,22771.09403,1941.5999755859373,99.8000030517578,21.15999984741211,0.25806451612903225,31.0
2022-04-11,42158.85,42414.71,39200.0,39530.45,63560.44721,1944.300048828125,99.93000030517578,24.3700008392334,-0.25287356321839083,87.0
2022-04-12,39530.45,40699.0,39254.63,40074.94,57751.01778,1972.0999755859373,100.29000091552734,24.26000022888184,-0.075,80.0
2022-04-13,40074.95,41561.31,39588.54,41147.79,41342.27254,1981.0,99.87999725341795,21.81999969482422,0.06493506493506493,77.0
2022-04-14,41147.78,41500.0,39551.94,39942.38,36807.01401,1970.9000244140625,100.31999969482422,22.700000762939453,0.2537313432835821,67.0
2022-04-15,39942.37,40870.36,39766.4,40551.9,24026.35739,1970.9000244140625,100.31999969482422,22.700000762939453,0.058823529411764705,51.0
2022-04-16,40551.9,40709.35,39991.55,40378.71,15805.44718,1970.9000244140625,100.31999969482422,22.700000762939453,0.16666666666666666,24.0
2022-04-17,40378.7,40595.67,39546.17,39678.12,19988.49259,1970.9000244140625,100.31999969482422,22.700000762939453,0.08,25.0
2022-04-18,39678.11,41116.73,38536.51,40801.13,54243.49575,1982.9000244140625,100.77999877929688,22.170000076293945,-0.07352941176470588,68.0
2022-04-19,40801.13,41760.0,40571.0,41493.18,35788.85843,1955.699951171875,100.95999908447266,21.3700008392334,0.3380281690140845,71.0
2022-04-20,41493.19,42199.0,40820.0,41358.19,40877.35041,1952.300048828125,100.38999938964844,20.31999969482422,0.23529411764705882,85.0
2022-04-21,41358.19,42976.0,39751.0,40480.01,59316.27657,1944.9000244140625,100.58000183105467,22.68000030517578,0.3218390804597701,87.0
2022-04-22,40480.01,40795.06,39177.0,39709.18,46664.0196,1931.0,101.22000122070312,28.209999084472656,-0.14634146341463414,82.0
2022-04-23,39709.19,39980.0,39285.0,39441.6,20291.42375,1931.0,101.22000122070312,28.209999084472656,-0.15789473684210525,38.0
2022-04-24,39441.61,39940.0,38929.62,39450.13,26703.61186,1931.0,101.22000122070312,28.209999084472656,0.037037037037037035,27.0
2022-04-25,39450.12,40616.0,38200.0,40426.08,63037.12784,1893.199951171875,101.75,27.020000457763672,-0.08860759493670886,79.0
2022-04-26,40426.08,40797.31,37702.26,38112.65,66650.258,1901.4000244140625,102.3000030517578,33.52000045776367,0.3302752293577982,109.0
2022-04-27,38112.64,39474.72,37881.31,39235.72,57083.12272,1885.9000244140625,102.9499969482422,31.600000381469727,0.22764227642276422,123.0
2022-04-28,39235.72,40372.63,38881.43,39742.07,56086.6715,1888.699951171875,103.62000274658205,29.989999771118164,0.37398373983739835,123.0
2022-04-29,39742.06,39925.25,38175.0,38596.11,51453.65715,1909.300048828125,102.95999908447266,33.400001525878906,0.1702127659574468,94.0
2022-04-30,38596.11,38795.38,37578.2,37630.8,35321.18989,1909.300048828125,102.95999908447266,33.400001525878906,-0.08823529411764706,34.0
2022-05-01,37630.8,38675.0,37386.38,38468.35,38812.24104,1909.300048828125,102.95999908447266,33.400001525878906,-0.08108108108108109,37.0
2022-05-02,38468.35,39167.34,38052.0,38525.16,53200.92628,1861.800048828125,103.73999786376952,32.34000015258789,0.0,87.0
2022-05-03,38525.16,38651.51,37517.8,37728.95,40316.45358,1868.800048828125,103.47000122070312,29.25,0.07894736842105263,76.0
2022-05-04,37728.95,40023.77,37670.0,39690.0,62574.61736,1867.0,102.58999633789062,25.420000076293945,0.09482758620689655,116.0
2022-05-05,39690.0,39845.51,35571.9,36552.97,88722.43355,1874.0,103.75,31.200000762939453,0.19008264462809918,121.0
2022-05-06,36552.97,36675.63,35258.0,36013.77,68437.80187,1881.199951171875,103.66000366210938,30.190000534057617,-0.20512820512820512,117.0
2022-05-07,36013.77,36146.3,34785.0,35472.39,34281.70682,1881.199951171875,103.66000366210938,30.190000534057617,-0.024390243902439025,41.0
2022-05-08,35472.4,35514.22,33713.95,34038.4,72445.64344,1881.199951171875,103.66000366210938,30.190000534057617,-0.23809523809523808,42.0
2022-05-09,34038.39,34243.15,30033.33,30076.31,191876.926428,1857.0999755859373,103.6500015258789,34.75,-0.46218487394957986,119.0
2022-05-10,30074.23,32658.99,29730.4,31017.1,165532.00311,1839.9000244140625,103.91999816894533,32.9900016784668,-0.0847457627118644,118.0
2022-05-11,31017.11,32162.59,27785.0,29103.94,207063.739278,1852.5999755859373,103.8499984741211,32.560001373291016,-0.102803738317757,107.0
2022-05-12,29103.94,30243.0,26700.0,29029.75,204507.263138,1823.800048828125,104.8499984741211,31.770000457763672,-0.2733812949640288,139.0
2022-05-13,29029.74,31083.37,28751.67,29287.05,97872.36957,1807.4000244140625,104.55999755859376,28.8700008392334,0.09473684210526316,95.0
2022-05-14,29287.05,30343.27,28630.0,30086.74,51095.87863,1807.4000244140625,104.55999755859376,28.8700008392334,-0.14893617021276595,47.0
2022-05-15,30086.74,31460.0,29480.0,31328.89,46275.66912,1807.4000244140625,104.55999755859376,28.8700008392334,-0.06451612903225806,31.0
2022-05-16,31328.89,31328.9,29087.04,29874.01,73082.19658,1813.5,104.19000244140624,27.46999931335449,-0.03669724770642202,109.0
2022-05-17,29874.01,30788.37,29450.38,30444.93,56724.13307,1818.199951171875,103.36000061035156,26.100000381469727,-0.03333333333333333,90.0
2022-05-18,30444.93,30709.99,28654.47,28715.32,59749.15799,1815.9000244140625,103.80999755859376,30.959999084472656,-0.1232876712328767,73.0
2022-05-19,28715.33,30545.18,28691.38,30319.23,67877.36415,1841.199951171875,102.72000122070312,29.350000381469727,-0.05194805194805195,77.0
2022-05-20,30319.22,30777.33,28730.0,29201.01,60517.25325,1841.800048828125,103.1500015258789,29.43000030517578,0.013513513513513514,74.0
2022-05-21,29201.01,29656.18,28947.28,29445.06,20987.13124,1841.800048828125,103.1500015258789,29.43000030517578,0.0625,32.0
2022-05-22,29445.07,30487.99,29255.11,30293.94,36158.98748,1841.800048828125,103.1500015258789,29.43000030517578,-0.13513513513513514,37.0
2022-05-23,30293.93,30670.51,28866.35,29109.15,63901.49932,1847.800048828125,102.08000183105467,28.479999542236328,0.031578947368421054,95.0
2022-05-24,29109.14,29845.86,28669.0,29654.58,59442.96036,1865.0999755859373,101.86000061035156,29.450000762939453,0.0,83.0
2022-05-25,29654.58,30223.74,29294.21,29542.15,59537.38659,1846.199951171875,102.05999755859376,28.3700008392334,0.2247191011235955,89.0
2022-05-26,29542.14,29886.64,28019.56,29201.35,94581.65463,1847.4000244140625,101.83000183105467,27.5,0.0,86.0
2022-05-27,29201.35,29397.66,28282.9,28629.8,90998.5201,1851.300048828125,101.66999816894533,25.71999931335449,-0.1891891891891892,74.0
2022-05-28,28629.81,29266.0,28450.0,29031.33,34479.35127,1851.300048828125,101.66999816894533,25.71999931335449,-0.06451612903225806,31.0
2022-05-29,29031.33,29587.78,28839.21,29468.1,27567.34764,1851.300048828125,101.66999816894533,25.71999931335449,0.0,25.0
2022-05-30,29468.1,32222.0,29299.62,31734.22,96785.9476,1851.300048828125,101.66999816894533,25.71999931335449,0.3815789473684211,76.0
2022-05-31,31734.23,32399.0,31200.01,31801.04,62433.11632,1842.699951171875,101.75,26.190000534057617,0.4657534246575342,73.0
2022-06-01,31801.05,31982.97,29301.0,29805.83,103395.63382,1843.300048828125,102.5500030517578,25.690000534057617,0.012195121951219513,82.0
2022-06-02,29805.84,30689.0,29594.55,30452.62,56961.42928,1866.5,101.7699966430664,24.71999931335449,-0.08641975308641975,81.0
2022-06-03,30452.63,30699.0,29282.36,29700.21,54067.44727,1845.4000244140625,102.13999938964844,24.790000915527344,-0.042105263157894736,95.0
2022-06-04,29700.21,29988.88,29485.0,29864.04,25617.90113,1845.4000244140625,102.13999938964844,24.790000915527344,-0.17647058823529413,34.0
2022-06-05,29864.03,30189.0,29531.42,29919.21,23139.9281,1845.4000244140625,102.13999938964844,24.790000915527344,-0.05555555555555555,36.0
2022-06-06,29919.2,31765.64,29890.23,31373.1,68836.92456,1839.199951171875,102.44000244140624,25.06999969482422,0.3804347826086957,92.0
2022-06-07,31373.1,31589.6,29218.96,31125.33,110674.51658,1847.5,102.31999969482422,24.020000457763672,0.041666666666666664,120.0
2022-06-08,31125.32,31327.22,29843.88,30204.77,68542.61276,1851.9000244140625,102.54000091552734,23.959999084472656,0.05333333333333334,75.0
2022-06-09,30204.77,30700.0,29944.1,30109.93,46291.1865,1848.800048828125,103.22000122070312,26.09000015258789,0.11688311688311688,77.0
2022-06-10,30109.93,30382.8,28850.0,29091.88,76204.2498,1871.5,104.1500015258789,27.75,0.10891089108910891,101.0
2022-06-11,29091.87,29440.41,28099.99,28424.7,65901.39895,1871.5,104.1500015258789,27.75,0.08333333333333333,36.0
2022-06-12,28424.71,28544.96,26560.0,26574.53,92474.598809,1871.5,104.1500015258789,27.75,-0.1,30.0
2022-06-13,26574.53,26895.84,21925.77,22487.41,254611.034966,1828.0,105.08000183105467,34.02000045776367,-0.5,126.0
2022-06-14,22485.27,23362.88,20846.0,22136.41,187201.64671,1809.5,105.5199966430664,32.689998626708984,-0.3277310924369748,119.0
2022-06-15,22136.42,22800.0,20111.62,22583.72,200774.493467,1815.300048828125,105.16000366210938,29.6200008392334,-0.20754716981132076,106.0
2022-06-16,22583.72,22995.73,20232.0,20401.31,99673.59429,1845.699951171875,103.62999725341795,32.95000076293945,0.11224489795918367,98.0
2022-06-17,20400.6,21365.43,20246.66,20468.81,86694.33663,1835.5999755859373,104.6999969482422,31.1299991607666,-0.30851063829787234,94.0
2022-06-18,20468.81,20792.06,17622.0,18970.79,196441.655524,1835.5999755859373,104.6999969482422,31.1299991607666,-0.5,50.0
2022-06-19,18970.79,20815.95,17960.41,20574.0,128320.87595,1835.5999755859373,104.6999969482422,31.1299991607666,-0.18604651162790697,43.0
2022-06-20,20574.0,21090.0,19637.03,20573.89,109028.94154,1835.5999755859373,104.6999969482422,31.1299991607666,-0.04597701149425287,87.0
2022-06-21,20573.9,21723.0,20348.4,20723.52,104371.0749,1834.5999755859373,104.44000244140624,30.190000534057617,0.009345794392523364,107.0
2022-06-22,20723.51,20900.0,19770.51,19987.99,92133.97938,1834.300048828125,104.1999969482422,28.950000762939453,-0.1349206349206349,126.0
2022-06-23,19988.0,21233.0,19890.07,21110.13,83127.08716,1825.699951171875,104.43000030517578,29.049999237060547,0.05263157894736842,95.0
2022-06-24,21110.12,21558.41,20736.72,21237.69,77430.36622,1826.5,104.19000244140624,27.229999542236328,0.22580645161290322,93.0
2022-06-25,21237.68,21614.5,20906.62,21491.19,51431.67794,1826.5,104.19000244140624,27.229999542236328,0.03125,32.0
2022-06-26,21491.18,21888.0,20964.73,21038.07,53278.10464,1826.5,104.19000244140624,27.229999542236328,0.2413793103448276,29.0
2022-06-27,21038.08,21539.85,20510.0,20742.56,64475.0013,1820.9000244140625,103.94000244140624,26.950000762939453,-0.15853658536585366,82.0
2022-06-28,20742.57,21212.1,20202.01,20281.29,63801.0832,1817.5,104.51000213623048,28.36000061035156,-0.12359550561797752,89.0
2022-06-29,20281.28,20432.31,19854.92,20123.01,77309.04379,1813.699951171875,105.11000061035156,28.15999984741211,-0.21904761904761905,105.0
2022-06-30,20123.0,20179.08,18626.0,19942.21,93846.64806,1804.0999755859373,104.69000244140624,28.709999084472656,-0.3007518796992481,133.0
2022-07-01,19942.21,20918.35,18975.0,19279.8,111844.59494,1798.9000244140625,105.13999938964844,26.700000762939453,-0.1721311475409836,122.0
2022-07-02,19279.8,19467.39,18977.01,19252.81,46180.3021,1798.9000244140625,105.13999938964844,26.700000762939453,-0.02702702702702703,37.0
2022-07-03,19252.82,19647.63,18781.0,19315.83,51087.46631,1798.9000244140625,105.13999938964844,26.700000762939453,-0.16129032258064516,31.0
2022-07-04,19315.83,20354.01,19055.31,20236.71,74814.04601,1798.9000244140625,105.13999938964844,26.700000762939453,-0.08333333333333333,72.0
2022-07-05,20236.71,20750.0,19304.4,20175.83,96041.13756,1761.800048828125,106.5,27.540000915527344,-0.09090909090909091,110.0
2022-07-06,20175.84,20675.22,19761.25,20564.51,82439.5808,1734.9000244140625,107.0999984741211,26.729999542236328,0.15384615384615385,91.0
2022-07-07,20564.51,21838.1,20251.68,21624.98,85014.58261,1737.9000244140625,107.12999725341795,26.07999992370605,0.12371134020618557,97.0
2022-07-08,21624.99,22527.37,21189.26,21594.75,403081.57349,1740.5999755859375,107.01000213623048,24.63999938964844,0.18556701030927836,97.0
2022-07-09,21594.75,21980.0,21322.12,21591.83,178417.84468,1740.5999755859375,107.01000213623048,24.63999938964844,0.05714285714285714,35.0
2022-07-10,21592.15,21607.65,20655.0,20862.47,192188.21556,1740.5999755859375,107.01000213623048,24.63999938964844,0.06666666666666667,30.0
2022-07-11,20861.11,20868.48,19875.23,19963.61,137535.40724,1730.0,108.0199966430664,26.170000076293945,-0.2111111111111111,90.0
2022-07-12,19963.61,20059.42,19240.0,19328.75,139506.45862,1723.300048828125,108.06999969482422,27.290000915527344,-0.35353535353535354,99.0
2022-07-13,19331.28,20366.61,18910.94,20234.87,209250.24888,1734.199951171875,107.95999908447266,26.81999969482422,-0.3076923076923077,104.0
2022-07-14,20234.87,20900.0,19616.07,20588.84,174809.21696,1704.5,108.54000091552734,26.399999618530277,0.10638297872340426,94.0
2022-07-15,20588.84,21200.0,20382.29,20830.04,143343.3049,1702.4000244140625,108.05999755859376,24.229999542236328,0.21333333333333335,75.0
2022-07-16,20830.04,21588.94,20478.61,21195.6,121011.67393,1702.4000244140625,108.05999755859376,24.229999542236328,-0.1891891891891892,37.0
2022-07-17,21195.6,21684.54,20750.01,20798.16,118229.4525,1702.4000244140625,108.05999755859376,24.229999542236328,0.0,27.0
2022-07-18,20799.58,22777.63,20762.45,22432.58,239942.73132,1709.199951171875,107.37000274658205,25.299999237060547,0.2807017543859649,114.0
2022-07-19,22432.58,23800.0,21579.54,23396.62,263770.76574,1710.0,106.68000030517578,24.5,0.23893805309734514,113.0
2022-07-20,23398.48,24276.74,22906.19,23223.3,238762.17094,1699.5,107.08000183105467,23.8799991607666,0.20952380952380953,105.0
2022-07-21,23223.3,23442.77,22341.46,23152.19,184817.68191,1712.699951171875,106.91000366210938,23.11000061035156,0.0,98.0
2022-07-22,23152.19,23756.49,22500.0,22684.83,171598.43966,1727.0999755859375,106.7300033569336,23.030000686645508,0.09090909090909091,88.0
2022-07-23,22684.83,23000.77,21934.57,22451.07,122137.77375,1727.0999755859375,106.7300033569336,23.030000686645508,0.26666666666666666,30.0
2022-07-24,22448.58,23014.64,22257.15,22579.68,115189.67277,1727.0999755859375,106.7300033569336,23.030000686645508,-0.03571428571428571,28.0
2022-07-25,22577.13,22666.0,21250.0,21310.9,180344.76643,1719.0,106.4800033569336,23.36000061035156,-0.07692307692307693,78.0
2022-07-26,21310.9,21347.82,20706.5,21254.67,177817.24326,1717.699951171875,107.19000244140624,24.690000534057617,0.0196078431372549,102.0
2022-07-27,21254.67,23112.63,21042.53,22952.45,210971.19796,1719.0999755859375,106.4499969482422,23.239999771118164,0.06493506493506493,77.0
2022-07-28,22954.31,24199.72,22582.13,23842.93,236029.0741,1750.300048828125,106.3499984741211,22.32999992370605,0.19402985074626866,67.0
2022-07-29,23845.25,24442.66,23414.03,23773.75,198298.50623,1762.9000244140625,105.9000015258789,21.32999992370605,0.2894736842105263,76.0
2022-07-30,23777.28,24668.0,23502.25,23643.51,151060.13211,1762.9000244140625,105.9000015258789,21.32999992370605,0.2857142857142857,28.0
2022-07-31,23644.64,24194.82,23227.31,23293.32,127743.32483,1762.9000244140625,105.9000015258789,21.32999992370605,0.034482758620689655,29.0
2022-08-01,23296.36,23509.68,22850.0,23268.01,144210.16219,1769.0,105.4499969482422,22.84000015258789,0.18072289156626506,83.0
2022-08-02,23266.9,23459.89,22654.37,22987.79,158073.28225,1771.0999755859375,106.23999786376952,23.93000030517578,-0.0963855421686747,83.0
2022-08-03,22985.93,23647.68,22681.22,22818.37,145948.80995,1758.0,106.51000213623048,21.950000762939453,0.32967032967032966,91.0
2022-08-04,22816.91,23223.32,22400.0,22622.98,154854.67016,1788.5,105.69000244140624,21.440000534057617,0.2261904761904762,84.0
2022-08-05,22622.41,23472.86,22586.95,23312.42,175251.69749,1772.9000244140625,106.62000274658205,21.149999618530277,0.1650485436893204,103.0
2022-08-06,23313.56,23354.36,22909.52,22954.21,83911.80307,1772.9000244140625,106.62000274658205,21.149999618530277,0.25,32.0
2022-08-07,22954.21,23402.0,22844.62,23174.39,88890.00877,1772.9000244140625,106.62000274658205,21.149999618530277,0.2413793103448276,29.0
2022-08-08,23174.39,24245.0,23154.25,23810.0,170958.44152,1786.800048828125,106.44000244140624,21.290000915527344,0.2222222222222222,81.0
2022-08-09,23810.98,23933.25,22865.0,23149.95,143182.50858,1794.0,106.37000274658205,21.770000457763672,0.13636363636363635,88.0
2022-08-10,23151.32,24226.0,22664.69,23954.05,208916.54953,1795.5999755859375,105.1999969482422,19.739999771118164,0.3333333333333333,72.0
2022-08-11,23954.05,24918.54,23852.13,23934.39,249759.79557,1789.699951171875,105.08999633789062,20.200000762939453,0.4177215189873418,79.0
2022-08-12,23933.09,24456.5,23583.0,24403.68,174207.5704,1798.5999755859375,105.62999725341795,19.530000686645508,0.1791044776119403,67.0
2022-08-13,24401.7,24888.0,24291.22,24441.38,152852.25435,1798.5999755859375,105.62999725341795,19.530000686645508,0.21212121212121213,33.0
2022-08-14,24443.06,25047.56,24144.0,24305.24,151206.14473,1798.5999755859375,105.62999725341795,19.530000686645508,0.2857142857142857,21.0
2022-08-15,24305.25,25211.32,23773.22,24094.82,242539.54758,1781.4000244140625,106.5500030517578,19.950000762939453,0.01639344262295082,61.0
2022-08-16,24093.04,24247.49,23671.22,23854.74,179324.94821,1773.199951171875,106.5,19.690000534057617,-0.16216216216216217,74.0
2022-08-17,23856.15,24446.71,23180.4,23342.66,210668.68766,1760.300048828125,106.56999969482422,19.899999618530277,-0.18888888888888888,90.0
2022-08-18,23342.66,23600.0,23111.04,23191.2,144185.97011,1755.300048828125,107.4800033569336,19.559999465942383,-0.2916666666666667,72.0
2022-08-19,23191.45,23208.67,20783.57,20834.39,283995.87747,1747.5999755859375,108.16999816894533,20.600000381469727,-0.5465116279069767,86.0
2022-08-20,20834.39,21382.85,20761.9,21140.07,183041.68363,1747.5999755859375,108.16999816894533,20.600000381469727,-0.16129032258064516,31.0
2022-08-21,21140.07,21800.0,21069.11,21515.61,159200.6841,1747.5999755859375,108.16999816894533,20.600000381469727,0.0,28.0
2022-08-22,21516.7,21548.71,20890.18,21399.83,222222.04526,1734.0,109.0500030517578,23.799999237060547,-0.2235294117647059,85.0
2022-08-23,21400.75,21684.87,20890.14,21529.12,200967.77164,1746.800048828125,108.62000274658205,24.11000061035156,-0.11235955056179775,89.0
2022-08-24,21529.11,21900.0,21145.0,21368.08,174383.22046,1747.800048828125,108.68000030517578,22.81999969482422,0.16883116883116883,77.0
2022-08-25,21368.05,21819.88,21310.15,21559.04,169915.78301,1757.699951171875,108.47000122070312,21.780000686645508,0.17105263157894737,76.0
2022-08-26,21559.04,21886.77,20107.9,20241.05,273811.61955,1736.0999755859375,108.8000030517578,25.559999465942383,-0.17333333333333334,75.0
2022-08-27,20239.14,20402.93,19800.0,20037.6,162582.46032,1736.0999755859375,108.8000030517578,25.559999465942383,-0.6216216216216216,37.0
2022-08-28,20037.6,20171.18,19520.0,19555.61,139307.95976,1736.0999755859375,108.8000030517578,25.559999465942383,-0.1875,32.0
2022-08-29,19555.61,20433.62,19550.79,20285.73,210509.49545,1736.5999755859375,108.83999633789062,26.209999084472656,-0.0963855421686747,83.0
2022-08-30,20287.2,20576.25,19540.0,19811.66,256634.35529,1723.199951171875,108.7699966430664,26.209999084472656,0.014285714285714285,70.0
2022-08-31,19813.03,20490.0,19797.94,20050.02,276946.60765,1712.800048828125,108.6999969482422,25.8700008392334,-0.22988505747126436,87.0
2022-09-01,20048.44,20208.37,19565.66,20131.46,245289.97263,1696.5999755859375,109.69000244140624,25.559999465942383,-0.2988505747126437,87.0
2022-09-02,20132.64,20441.26,19755.29,19951.86,245986.6033,1709.800048828125,109.52999877929688,25.46999931335449,0.0125,80.0
2022-09-03,19950.98,20055.93,19652.72,19831.9,146639.03204,1709.800048828125,109.52999877929688,25.46999931335449,-0.06666666666666667,30.0
2022-09-04,19832.45,20029.23,19583.1,20000.3,145588.77893,1709.800048828125,109.52999877929688,25.46999931335449,-0.09090909090909091,33.0
2022-09-05,20000.3,20057.27,19633.83,19796.84,222543.01057,1709.800048828125,109.52999877929688,25.46999931335449,-0.06153846153846154,65.0
2022-09-06,19795.34,20180.0,18649.51,18790.61,356315.05718,1700.4000244140625,110.20999908447266,26.90999984741211,0.15217391304347827,92.0
2022-09-07,18790.61,19464.06,18510.77,19292.84,287394.7788,1715.300048828125,109.83999633789062,24.63999938964844,-0.1111111111111111,117.0
2022-09-08,19292.85,19458.25,19012.0,19319.77,262813.28273,1708.0,109.70999908447266,23.61000061035156,0.01,100.0
2022-09-09,19320.54,21597.22,19291.75,21360.11,428919.74652,1716.199951171875,109.0,22.790000915527344,0.3838383838383838,99.0
2022-09-10,21361.62,21810.8,21111.13,21648.34,307997.33504,1716.199951171875,109.0,22.790000915527344,0.16129032258064516,31.0
2022-09-11,21647.21,21860.0,21350.0,21826.87,280702.55149,1716.199951171875,109.0,22.790000915527344,0.4444444444444444,36.0
2022-09-12,21826.87,22488.0,21538.51,22395.74,395395.61828,1728.0999755859375,108.33000183105467,23.8700008392334,0.28,100.0
2022-09-13,22395.44,22799.0,19860.0,20173.57,431915.03333,1705.0,109.81999969482422,27.270000457763672,0.102803738317757,107.0
2022-09-14,20173.62,20541.48,19617.62,20226.71,340826.40151,1696.5,109.66000366210938,26.15999984741211,-0.10344827586206896,87.0
2022-09-15,20227.17,20330.24,19497.0,19701.88,333069.76076,1665.4000244140625,109.73999786376952,26.270000457763672,-0.12658227848101267,79.0
2022-09-16,19701.88,19890.0,19320.01,19803.3,283791.07064,1671.699951171875,109.76000213623048,26.299999237060547,-0.3026315789473684,76.0
2022-09-17,19803.3,20189.0,19748.08,20113.62,179350.24338,1671.699951171875,109.76000213623048,26.299999237060547,0.3333333333333333,33.0
2022-09-18,20112.61,20117.26,19335.62,19416.18,254217.46904,1671.699951171875,109.76000213623048,26.299999237060547,0.05263157894736842,19.0
2022-09-19,19417.45,19686.2,18232.56,19537.02,380512.40306,1666.199951171875,109.73999786376952,25.76000022888184,-0.17721518987341772,79.0
2022-09-20,19537.02,19634.62,18711.87,18875.0,324098.3286,1659.699951171875,110.22000122070312,27.15999984741211,0.045454545454545456,88.0
2022-09-21,18874.31,19956.0,18125.98,18461.36,385034.10021,1664.5999755859375,110.63999938964844,27.989999771118164,-0.20212765957446807,94.0
2022-09-22,18461.36,19550.17,18356.39,19401.63,379321.72111,1670.800048828125,111.3499984741211,27.350000381469727,-0.19444444444444445,72.0
2022-09-23,19401.63,19500.0,18531.42,19289.91,385886.91829,1645.300048828125,113.19000244140624,29.920000076293945,0.07246376811594203,69.0
2022-09-24,19288.57,19316.14,18805.34,18920.5,239496.56746,1645.300048828125,113.19000244140624,29.920000076293945,0.17647058823529413,34.0
2022-09-25,18921.99,19180.21,18629.2,18807.38,191191.4492,1645.300048828125,113.19000244140624,29.920000076293945,0.03571428571428571,28.0
2022-09-26,18809.13,19318.96,18680.72,19227.82,439239.21943,1623.300048828125,114.0999984741211,32.2599983215332,0.13114754098360656,61.0
2022-09-27,19226.68,20385.86,18816.32,19079.13,593260.74161,1626.699951171875,114.11000061035156,32.599998474121094,0.20430107526881722,93.0
2022-09-28,19078.1,19790.0,18471.28,19412.82,521385.45547,1660.4000244140625,112.5999984741211,30.18000030517578,-0.049019607843137254,102.0
2022-09-29,19412.82,19645.52,18843.01,19591.51,406424.93256,1658.5,112.25,31.84000015258789,0.13186813186813187,91.0
2022-09-30,19590.54,20185.0,19155.36,19422.61,444322.9534,1662.4000244140625,112.12000274658205,31.6200008392334,0.1388888888888889,72.0
2022-10-01,19422.61,19484.0,19159.42,19310.95,165625.13959,1662.4000244140625,112.12000274658205,31.6200008392334,0.0,24.0
2022-10-02,19312.24,19395.91,18920.35,19056.8,206812.47032,1662.4000244140625,112.12000274658205,31.6200008392334,0.10714285714285714,28.0
2022-10-03,19057.74,19719.1,18959.68,19629.08,293585.75212,1692.9000244140625,111.75,30.100000381469727,0.24050632911392406,79.0
2022-10-04,19629.08,20475.0,19490.6,20337.82,327012.00127,1721.0999755859375,110.06999969482422,29.06999969482422,0.39622641509433965,106.0
2022-10-05,20337.82,20365.6,19730.0,20158.26,312239.75224,1711.4000244140625,111.06999969482422,28.549999237060547,0.3191489361702128,94.0
2022-10-06,20158.26,20456.6,19853.0,19960.67,320122.1702,1711.699951171875,112.26000213623048,30.520000457763672,0.20202020202020202,99.0
2022-10-07,19960.67,20068.82,19320.0,19530.09,220874.83913,1700.5,112.8000030517578,31.36000061035156,-0.10344827586206896,87.0
2022-10-08,19530.09,19627.38,19237.14,19417.96,102480.09842,1700.5,112.8000030517578,31.36000061035156,-0.11904761904761904,42.0
2022-10-09,19416.52,19558.0,19316.04,19439.02,113900.82681,1700.5,112.8000030517578,31.36000061035156,0.26666666666666666,30.0
2022-10-10,19439.96,19525.0,19020.25,19131.87,212509.09849,1667.300048828125,113.13999938964844,32.45000076293945,0.18181818181818182,88.0
2022-10-11,19131.87,19268.09,18860.0,19060.0,243473.84286,1678.699951171875,113.22000122070312,33.630001068115234,0.14655172413793102,116.0
2022-10-12,19060.0,19238.31,18965.88,19155.53,213826.26731,1670.300048828125,113.31999969482422,33.56999969482422,0.031578947368421054,95.0
2022-10-13,19155.1,19513.79,18190.0,19375.13,399756.68337,1670.0,112.36000061035156,31.940000534057617,-0.15306122448979592,98.0
2022-10-14,19375.58,19951.87,19070.37,19176.93,351634.32601,1641.699951171875,113.30999755859376,32.02000045776367,0.21428571428571427,98.0
2022-10-15,19176.93,19227.68,18975.18,19069.39,113847.64232,1641.699951171875,113.30999755859376,32.02000045776367,0.0,35.0
2022-10-16,19068.4,19425.84,19063.74,19262.98,131894.61885,1641.699951171875,113.30999755859376,32.02000045776367,-0.15625,32.0
2022-10-17,19262.98,19676.96,19152.03,19549.86,222813.87634,1657.0,112.04000091552734,31.3700008392334,0.1411764705882353,85.0
2022-10-18,19548.48,19706.66,19091.0,19327.44,260313.07848,1649.0,112.12999725341795,30.5,0.13829787234042554,94.0
2022-10-19,19327.44,19360.16,19065.97,19123.97,186137.29538,1627.5,112.9800033569336,30.76000022888184,-0.02197802197802198,91.0
2022-10-20,19123.35,19347.82,18900.0,19041.92,223530.13068,1630.800048828125,112.87999725341795,29.979999542236328,0.10309278350515463,97.0
2022-10-21,19041.92,19250.0,18650.0,19164.37,269310.75769,1651.0,112.01000213623048,29.690000534057617,0.025,80.0
2022-10-22,19164.37,19257.0,19112.72,19204.35,110403.90837,1651.0,112.01000213623048,29.690000534057617,0.1891891891891892,37.0
2022-10-23,19204.29,19695.0,19070.11,19570.4,167057.20184,1651.0,112.01000213623048,29.690000534057617,0.0,35.0
2022-10-24,19570.4,19601.15,19157.0,19329.72,256168.14467,1648.699951171875,111.98999786376952,29.850000381469727,0.1836734693877551,98.0
2022-10-25,19330.6,20415.87,19237.0,20080.07,326370.67061,1652.800048828125,110.9499969482422,28.459999084472656,0.18269230769230768,104.0
2022-10-26,20079.02,21020.0,20050.41,20771.59,380492.69576,1664.0,109.6999969482422,27.280000686645508,0.4111111111111111,90.0
2022-10-27,20771.61,20872.21,20200.0,20295.11,328643.57791,1660.699951171875,110.58999633789062,27.38999938964844,0.17073170731707318,82.0
2022-10-28,20295.11,20750.0,20000.09,20591.84,287039.94569,1639.5999755859375,110.66999816894533,25.75,0.02531645569620253,79.0
2022-10-29,20591.84,21085.0,20554.01,20809.67,254881.77755,1639.5999755859375,110.66999816894533,25.75,0.4117647058823529,34.0
2022-10-30,20809.68,20931.21,20515.0,20627.48,192795.60886,1639.5999755859375,110.66999816894533,25.75,0.41379310344827586,29.0
2022-10-31,20627.48,20845.92,20237.95,20490.74,303567.61628,1635.9000244140625,111.52999877929688,25.8799991607666,0.1978021978021978,91.0
2022-11-01,20490.74,20700.0,20330.74,20483.62,279932.43771,1645.0,111.4800033569336,25.809999465942383,0.3645833333333333,96.0
2022-11-02,20482.81,20800.0,20048.04,20151.84,373716.27299,1645.699951171875,111.3499984741211,25.86000061035156,0.09433962264150944,106.0
2022-11-03,20151.84,20393.32,20031.24,20207.82,319185.1544,1627.300048828125,112.93000030517578,25.299999237060547,0.1919191919191919,99.0
2022-11-04,20207.12,21302.05,20180.96,21148.52,453694.39165,1672.5,110.87999725341795,24.549999237060547,0.2857142857142857,77.0
2022-11-05,21148.52,21480.65,21080.65,21299.37,245621.98525,1672.5,110.87999725341795,24.549999237060547,0.375,32.0
2022-11-06,21299.37,21365.27,20886.13,20905.58,230036.97217,1672.5,110.87999725341795,24.549999237060547,-0.1111111111111111,27.0
2022-11-07,20905.58,21069.77,20384.89,20591.13,386977.60337,1676.5,110.12000274658205,24.350000381469727,0.012658227848101266,79.0
2022-11-08,20590.67,20700.88,17166.83,18547.23,760705.362783,1712.0999755859375,109.62000274658205,25.540000915527344,-0.30434782608695654,92.0
2022-11-09,18545.38,18587.76,15588.0,15922.81,731926.929729,1710.0999755859375,110.5500030517578,26.09000015258789,-0.4659090909090909,88.0
2022-11-10,15922.68,18199.0,15754.26,17601.15,608448.36432,1750.300048828125,108.20999908447266,23.530000686645508,-0.358695652173913,92.0
2022-11-11,17602.45,17695.0,16361.6,17070.31,393552.86492,1766.0,106.29000091552734,22.520000457763672,-0.14814814814814814,81.0
2022-11-12,17069.98,17119.1,16631.39,16812.08,167819.96035,1766.0,106.29000091552734,22.520000457763672,-0.4166666666666667,24.0
2022-11-13,16813.16,16954.28,16229.0,16329.85,184960.78846,1766.0,106.29000091552734,22.520000457763672,-0.2222222222222222,18.0
2022-11-14,16331.78,17190.0,15815.21,16619.46,380210.7775,1773.5999755859375,106.66000366210938,23.729999542236328,-0.12,75.0
2022-11-15,16617.72,17134.69,16527.72,16900.57,282461.84391,1773.800048828125,106.4000015258789,24.540000915527344,-0.16,75.0
2022-11-16,16900.57,17015.92,16378.61,16662.76,261493.40809,1773.0,106.27999877929688,24.11000061035156,-0.3815789473684211,76.0
2022-11-17,16661.61,16751.0,16410.74,16692.56,228038.97873,1760.800048828125,106.69000244140624,23.93000030517578,-0.11627906976744186,86.0
2022-11-18,16692.56,17011.0,16546.04,16700.45,214224.18184,1751.9000244140625,106.93000030517578,23.1200008392334,-0.25675675675675674,74.0
2022-11-19,16699.43,16822.41,16553.53,16700.68,104963.15558,1751.9000244140625,106.93000030517578,23.1200008392334,-0.3448275862068966,29.0
2022-11-20,16700.68,16753.33,16180.0,16280.23,154842.13478,1751.9000244140625,106.93000030517578,23.1200008392334,-0.17857142857142858,28.0
2022-11-21,16279.5,16319.0,15476.0,15781.29,324096.997753,1737.4000244140625,107.83999633789062,22.36000061035156,-0.45,100.0
2022-11-22,15781.29,16315.0,15616.63,16226.94,239548.06623,1738.300048828125,107.22000122070312,21.290000915527344,-0.34065934065934067,91.0
2022-11-23,16227.96,16706.0,16160.2,16603.11,264927.70408,1744.9000244140625,106.08000183105467,20.350000381469727,0.08080808080808081,99.0
2022-11-24,16603.11,16812.63,16458.05,16598.95,206565.92346,1744.9000244140625,106.08000183105467,20.350000381469727,-0.06451612903225806,62.0
2022-11-25,16599.55,16666.0,16342.81,16522.14,182089.49533,1753.300048828125,105.95999908447266,20.5,-0.08571428571428572,70.0
2022-11-26,16521.35,16701.99,16385.0,16458.57,181804.81666,1753.300048828125,105.95999908447266,20.5,-0.037037037037037035,27.0
2022-11-27,16457.61,16600.0,16401.0,16428.78,162025.47607,1753.300048828125,105.95999908447266,20.5,-0.027777777777777776,36.0
2022-11-28,16428.77,16487.04,15995.27,16212.91,252695.40367,1740.0999755859375,106.68000030517578,22.209999084472656,-0.4050632911392405,79.0
2022-11-29,16212.18,16548.71,16100.0,16442.53,248106.25009,1748.4000244140625,106.81999969482422,21.88999938964844,0.028985507246376812,69.0
2022-11-30,16442.91,17249.0,16428.3,17163.64,303019.80719,1746.0,105.9499969482422,20.57999992370605,-0.025,80.0
2022-12-01,17165.53,17324.0,16855.01,16977.37,232818.18218,1801.0999755859375,104.7300033569336,19.84000015258789,0.19672131147540983,61.0
2022-12-02,16978.0,17105.73,16787.85,17092.74,202372.2062,1795.9000244140625,104.5500030517578,19.059999465942383,-0.14754098360655737,61.0
2022-12-03,17092.13,17188.98,16858.74,16885.2,154542.57306,1795.9000244140625,104.5500030517578,19.059999465942383,0.10344827586206896,29.0
2022-12-04,16885.2,17202.84,16878.25,17105.7,178619.13387,1795.9000244140625,104.5500030517578,19.059999465942383,-0.04,25.0
2022-12-05,17106.65,17424.25,16867.0,16966.35,233703.29225,1767.4000244140625,105.29000091552734,20.75,0.0759493670886076,79.0
2022-12-06,16966.35,17107.01,16906.37,17088.96,218730.76883,1769.300048828125,105.58000183105467,22.170000076293945,-0.1625,80.0
2022-12-07,17088.96,17142.21,16678.83,16836.64,220657.41334,1785.5,105.0999984741211,22.68000030517578,-0.12987012987012986,77.0
2022-12-08,16836.64,17299.0,16733.49,17224.1,236417.97804,1788.699951171875,104.7699966430664,22.290000915527344,-0.16393442622950818,61.0
2022-12-09,17224.1,17360.0,17058.21,17128.56,238422.06465,1798.0999755859375,104.80999755859376,22.82999992370605,0.06944444444444445,72.0
2022-12-10,17128.56,17227.72,17092.0,17127.49,140573.97937,1798.0999755859375,104.80999755859376,22.82999992370605,-0.18518518518518517,27.0
2022-12-11,17127.49,17270.99,17071.0,17085.05,155286.47871,1798.0999755859375,104.80999755859376,22.82999992370605,0.047619047619047616,21.0
2022-12-12,17085.05,17241.89,16871.85,17209.83,226227.49694,1780.5,105.12999725341795,25.0,-0.07142857142857142,70.0
2022-12-13,17208.93,18000.0,17080.14,17774.7,284462.9139,1813.9000244140625,103.9800033569336,22.549999237060547,0.06741573033707865,89.0
2022-12-14,17775.82,18387.95,17660.94,17803.15,266681.22209,1807.5,103.7699966430664,21.13999938964844,-0.012345679012345678,81.0
2022-12-15,17804.01,17854.82,17275.51,17356.34,223701.96882,1777.199951171875,104.55999755859376,22.82999992370605,-0.0273972602739726,73.0
2022-12-16,17356.96,17531.73,16527.32,16632.12,253379.04116,1790.0,104.6999969482422,22.6200008392334,-0.2537313432835821,67.0
2022-12-17,16631.5,16796.82,16579.85,16776.52,144825.66684,1790.0,104.6999969482422,22.6200008392334,-0.4482758620689655,29.0
2022-12-18,16777.54,16863.26,16663.07,16738.21,112619.31646,1790.0,104.6999969482422,22.6200008392334,-0.037037037037037035,27.0
2022-12-19,16739.0,16815.99,16256.3,16438.88,179094.28305,1787.699951171875,104.72000122070312,22.420000076293945,-0.11428571428571428,70.0
2022-12-20,16438.88,17061.27,16397.2,16895.56,248808.92324,1815.9000244140625,103.97000122070312,21.479999542236328,-0.2222222222222222,81.0
2022-12-21,16896.15,16925.0,16723.0,16824.67,156810.96362,1815.9000244140625,104.16000366210938,20.06999969482422,-0.3020833333333333,96.0
2022-12-22,16824.68,16868.52,16559.85,16821.43,176044.27235,1787.0,104.43000030517578,21.96999931335449,-0.05333333333333334,75.0
2022-12-23,16821.9,16955.14,16731.13,16778.5,161612.00947,1795.9000244140625,104.30999755859376,20.8700008392334,0.0,63.0
2022-12-24,16778.52,16869.99,16776.62,16836.12,100224.29096,1795.9000244140625,104.30999755859376,20.8700008392334,0.0,25.0
2022-12-25,16835.73,16857.96,16721.0,16832.11,125441.07202,1795.9000244140625,104.30999755859376,20.8700008392334,-0.038461538461538464,26.0
2022-12-26,16832.11,16944.52,16791.0,16919.39,124564.00656,1795.9000244140625,104.30999755859376,20.8700008392334,0.0,53.0
2022-12-27,16919.39,16972.83,16592.37,16706.36,173749.58616,1814.800048828125,104.18000030517578,21.649999618530277,-0.03333333333333333,60.0
2022-12-28,16706.06,16785.19,16465.33,16547.31,193037.56577,1807.9000244140625,104.45999908447266,22.13999938964844,-0.04285714285714286,70.0
2022-12-29,16547.32,16664.41,16488.91,16633.47,160998.47158,1819.5,103.83999633789062,21.440000534057617,-0.06060606060606061,66.0
2022-12-30,16633.47,16677.35,16333.0,16607.48,164916.31174,1819.699951171875,103.5199966430664,21.670000076293945,-0.27941176470588236,68.0
2022-12-31,16607.48,16644.09,16470.0,16542.4,114490.42864,1819.699951171875,103.5199966430664,21.670000076293945,-0.16666666666666666,24.0
2023-01-01,16541.77,16628.0,16499.01,16616.75,96925.41374,1819.699951171875,103.5199966430664,21.670000076293945,0.0,20.0
2023-01-02,16617.17,16799.23,16548.7,16672.87,121888.57191,1819.699951171875,103.5199966430664,21.670000076293945,-0.19298245614035087,57.0
2023-01-03,16672.78,16778.4,16605.28,16675.18,159541.53733,1839.699951171875,104.5199966430664,22.899999618530277,0.08333333333333333,72.0
2023-01-04,16675.65,16991.87,16652.66,16850.36,220362.18862,1852.800048828125,104.25,22.01000022888184,0.12359550561797752,89.0
2023-01-05,16850.36,16879.82,16753.0,16831.85,163473.56641,1834.800048828125,105.04000091552734,22.459999084472656,-0.23529411764705882,51.0
2023-01-06,16831.85,17041.0,16679.0,16950.65,207401.28415,1864.199951171875,103.87999725341795,21.1299991607666,-0.057971014492753624,69.0
2023-01-07,16950.31,16981.91,16908.0,16943.57,104526.5688,1864.199951171875,103.87999725341795,21.1299991607666,0.05,20.0
2023-01-08,16943.83,17176.99,16911.0,17127.83,135155.89695,1864.199951171875,103.87999725341795,21.1299991607666,0.0,19.0
2023-01-09,17127.83,17398.8,17104.66,17178.26,266211.52723,1872.699951171875,103.0,21.96999931335449,0.32051282051282054,78.0
2023-01-10,17179.04,17499.0,17146.34,17440.66,221382.42581,1871.5999755859373,103.23999786376952,20.57999992370605,0.08695652173913043,69.0
2023-01-11,17440.64,18000.0,17315.6,17943.26,262221.60653,1874.5999755859373,103.19000244140624,21.09000015258789,0.2028985507246377,69.0
2023-01-12,17943.26,19117.04,17892.05,18846.62,454568.32178,1895.5,102.25,18.82999992370605,0.2717391304347826,92.0
2023-01-13,18846.62,20000.0,18714.12,19930.01,368615.87823,1918.4000244140625,102.1999969482422,18.350000381469727,0.4024390243902439,82.0
2023-01-14,19930.01,21258.0,19888.05,20954.92,393913.74951,1918.4000244140625,102.1999969482422,18.350000381469727,0.4878048780487805,41.0
2023-01-15,20952.76,21050.74,20551.01,20871.5,178542.22549,1918.4000244140625,102.1999969482422,18.350000381469727,0.034482758620689655,29.0
2023-01-16,20872.99,21474.05,20611.48,21185.65,293078.08262,1918.4000244140625,102.1999969482422,18.350000381469727,0.3373493975903614,83.0
2023-01-17,21185.65,21647.45,20841.31,21134.81,275407.74409,1907.199951171875,102.38999938964844,19.36000061035156,0.19318181818181818,88.0
2023-01-18,21132.29,21650.0,20407.15,20677.47,350916.01949,1904.4000244140625,102.36000061035156,20.34000015258789,0.13953488372093023,86.0
2023-01-19,20677.47,21192.0,20659.19,21071.59,251385.84925,1922.0999755859373,102.05999755859376,20.520000457763672,-0.1724137931034483,87.0
2023-01-20,21071.59,22755.93,20861.28,22667.21,338079.13659,1926.4000244140625,102.01000213623048,19.850000381469727,0.12162162162162163,74.0
2023-01-21,22666.0,23371.8,22422.0,22783.55,346445.48432,1926.4000244140625,102.01000213623048,19.850000381469727,0.41025641025641024,39.0
2023-01-22,22783.35,23078.71,22292.37,22707.88,253577.75286,1926.4000244140625,102.01000213623048,19.850000381469727,0.3181818181818182,22.0
2023-01-23,22706.02,23180.0,22500.0,22916.45,293588.37938,1927.0999755859373,102.13999938964844,19.809999465942383,0.26744186046511625,86.0
2023-01-24,22917.81,23162.2,22462.93,22632.89,293158.78254,1933.9000244140625,101.91999816894533,19.200000762939453,0.21568627450980393,102.0
2023-01-25,22631.94,23816.73,22300.0,23060.94,346042.83223,1941.199951171875,101.63999938964844,19.07999992370605,0.10752688172043011,93.0
2023-01-26,23060.42,23282.47,22850.01,23009.65,288924.43581,1929.0999755859373,101.83999633789062,18.729999542236328,0.23333333333333334,90.0
2023-01-27,23009.65,23500.0,22534.88,23074.16,280833.86315,1928.5999755859373,101.93000030517578,18.51000022888184,0.08974358974358974,78.0
2023-01-28,23074.16,23189.0,22878.46,23022.6,148115.71085,1928.5999755859373,101.93000030517578,18.51000022888184,0.18518518518518517,27.0
2023-01-29,23021.4,23960.54,22967.76,23742.3,295688.79204,1928.5999755859373,101.93000030517578,18.51000022888184,0.3181818181818182,22.0
2023-01-30,23743.37,23800.51,22500.0,22826.15,302405.90121,1922.9000244140625,102.27999877929688,19.940000534057617,0.28431372549019607,102.0
2023-01-31,22827.38,23320.0,22714.77,23125.13,264649.34909,1929.5,102.0999984741211,19.399999618530277,0.21568627450980393,102.0
2023-02-01,23125.13,23812.66,22760.23,23732.66,310790.42271,1927.800048828125,101.22000122070312,17.8700008392334,0.20430107526881722,93.0
2023-02-02,23731.41,24255.0,23363.27,23488.94,364177.20751,1916.300048828125,101.75,18.729999542236328,0.2976190476190476,84.0
2023-02-03,23489.33,23715.7,23204.62,23431.9,332571.02904,1862.9000244140625,102.91999816894533,18.32999992370605,0.0,75.0
2023-02-04,23431.9,23587.78,23253.96,23326.84,166126.47295,1862.9000244140625,102.91999816894533,18.32999992370605,-0.12,25.0
2023-02-05,23327.66,23433.33,22743.0,22932.91,209251.33917,1862.9000244140625,102.91999816894533,18.32999992370605,-0.16666666666666666,18.0
2023-02-06,22932.91,23158.25,22628.13,22762.52,265371.6069,1866.199951171875,103.62000274658205,19.43000030517578,0.029850746268656716,67.0
2023-02-07,22762.52,23350.25,22745.78,23240.46,308006.72482,1871.699951171875,103.43000030517578,18.65999984741211,0.2,65.0
2023-02-08,23242.42,23452.0,22665.85,22963.0,280056.30717,1877.4000244140625,103.41000366210938,19.6299991607666,0.1111111111111111,63.0
2023-02-09,22961.85,23011.39,21688.0,21796.35,402894.6955,1866.199951171875,103.22000122070312,20.709999084472656,-0.10810810810810811,74.0
2023-02-10,21797.83,21938.16,21451.0,21625.19,338591.94247,1862.800048828125,103.62999725341795,20.530000686645508,-0.17391304347826086,69.0
2023-02-11,21625.19,21906.32,21599.78,21862.55,177021.58433,1862.800048828125,103.62999725341795,20.530000686645508,0.047619047619047616,21.0
2023-02-12,21862.02,22090.0,21630.0,21783.54,204435.65163,1862.800048828125,103.62999725341795,20.530000686645508,0.13333333333333333,30.0
2023-02-13,21782.37,21894.99,21351.07,21773.97,295730.76791,1851.9000244140625,103.3499984741211,20.34000015258789,0.0,64.0
2023-02-14,21774.63,22319.08,21532.77,22199.84,361958.40109,1854.0,103.2300033569336,18.90999984741211,0.03225806451612903,62.0
2023-02-15,22199.84,24380.0,22047.28,24324.05,375669.16111,1834.199951171875,103.91999816894533,18.229999542236328,0.410958904109589,73.0
2023-02-16,24322.87,25250.0,23505.25,23517.72,450080.68366,1842.0,103.86000061035156,20.170000076293945,0.325,80.0
2023-02-17,23517.72,25021.11,23339.37,24569.97,496813.21376,1840.4000244140625,103.86000061035156,20.020000457763672,0.1896551724137931,58.0
2023-02-18,24568.24,24877.0,24430.0,24631.95,216917.25213,1840.4000244140625,103.86000061035156,20.020000457763672,0.20689655172413793,29.0
2023-02-19,24632.05,25192.0,24192.57,24271.76,300395.99542,1840.4000244140625,103.86000061035156,20.020000457763672,0.28,25.0
2023-02-20,24272.51,25121.23,23840.83,24842.2,346938.56997,1840.4000244140625,103.86000061035156,20.020000457763672,0.17857142857142858,56.0
2023-02-21,24843.89,25250.0,24148.34,24452.16,376000.82868,1833.0,104.18000030517578,22.8700008392334,0.20689655172413793,58.0
2023-02-22,24450.67,24476.05,23574.69,24182.21,379425.75365,1832.0,104.58999633789062,22.290000915527344,0.2727272727272727,55.0
2023-02-23,24182.21,24599.59,23608.0,23940.2,398400.45437,1818.0,104.5999984741211,21.13999938964844,0.05357142857142857,56.0
2023-02-24,23940.2,24132.35,22841.19,23185.29,343582.57453,1808.800048828125,105.20999908447266,21.670000076293945,-0.08771929824561403,57.0
2023-02-25,23184.04,23219.13,22722.0,23157.07,191311.8101,1808.800048828125,105.20999908447266,21.670000076293945,-0.1388888888888889,36.0
2023-02-26,23157.07,23689.99,23059.18,23554.85,202323.73623,1808.800048828125,105.20999908447266,21.670000076293945,0.3076923076923077,13.0
2023-02-27,23554.85,23897.99,23106.77,23492.09,283706.0859,1817.0,104.66999816894533,20.950000762939453,-0.06329113924050633,79.0
2023-02-28,23492.09,23600.0,23020.97,23141.57,264140.99894,1828.9000244140625,104.87000274658205,20.700000762939453,-0.078125,64.0
2023-03-01,23141.57,24000.0,23020.03,23628.97,315287.41737,1837.699951171875,104.4800033569336,20.57999992370605,0.16393442622950818,61.0
2023-03-02,23629.76,23796.93,23195.9,23465.32,239315.45219,1833.5,105.02999877929688,19.59000015258789,0.05128205128205128,78.0
2023-03-03,23465.32,23476.95,21971.13,22354.34,319954.19785,1847.699951171875,104.5199966430664,18.489999771118164,-0.3,80.0
2023-03-04,22354.34,22410.0,22157.08,22346.57,121257.38132,1847.699951171875,104.5199966430664,18.489999771118164,0.07142857142857142,28.0
2023-03-05,22346.57,22662.09,22189.22,22430.24,154841.75786,1847.699951171875,104.5199966430664,18.489999771118164,0.11764705882352941,17.0
2023-03-06,22430.24,22602.19,22258.0,22410.0,203751.82957,1847.9000244140625,104.3499984741211,18.61000061035156,-0.05263157894736842,95.0
2023-03-07,22409.41,22557.91,21927.0,22197.96,292519.80912,1813.9000244140625,105.62000274658205,19.59000015258789,0.0,76.0
2023-03-08,22198.56,22287.0,21580.0,21705.44,301460.57272,1812.699951171875,105.66000366210938,19.11000061035156,-0.05128205128205128,78.0
2023-03-09,21704.37,21834.99,20042.72,20362.22,443658.28584,1829.300048828125,105.30999755859376,22.61000061035156,-0.22857142857142856,70.0
2023-03-10,20362.21,20367.78,19549.09,20150.69,618456.4671,1862.0,104.58000183105467,24.799999237060547,-0.47619047619047616,63.0
2023-03-11,20150.69,20686.51,19765.03,20455.73,427831.82133,1862.0,104.58000183105467,24.799999237060547,-0.17647058823529413,34.0
2023-03-12,20455.73,22150.0,20270.6,21997.11,430944.94288,1862.0,104.58000183105467,24.799999237060547,0.16,25.0
2023-03-13,21998.05,24500.0,21813.88,24113.48,687889.31259,1911.699951171875,103.5999984741211,26.520000457763672,0.35802469135802467,81.0
2023-03-14,24112.27,26386.87,23976.42,24670.41,699360.93423,1906.199951171875,103.5999984741211,23.729999542236328,0.33783783783783783,74.0
2023-03-15,24670.41,25196.97,23896.95,24285.66,581450.72984,1926.5999755859373,104.6500015258789,26.13999938964844,-0.039473684210526314,76.0
2023-03-16,24285.66,25167.4,24123.0,24998.78,439421.32998,1919.0,104.41999816894533,22.989999771118164,0.18518518518518517,54.0
2023-03-17,24998.78,27756.84,24890.0,27395.13,624460.68091,1969.800048828125,103.70999908447266,25.51000022888184,0.5223880597014925,67.0
2023-03-18,27395.13,27724.85,26578.0,26907.49,371238.97174,1969.800048828125,103.70999908447266,25.51000022888184,0.46875,32.0
2023-03-19,26907.49,28390.1,26827.22,27972.87,372066.99054,1969.800048828125,103.70999908447266,25.51000022888184,0.20512820512820512,39.0
2023-03-20,27972.87,28472.0,27124.47,27717.01,477378.23373,1979.199951171875,103.27999877929688,24.149999618530277,0.35294117647058826,85.0
2023-03-21,27717.01,28438.55,27303.1,28105.47,420929.7422,1938.0,103.26000213623048,21.3799991607666,0.3958333333333333,96.0
2023-03-22,28107.81,28868.05,26601.8,27250.97,224113.41296,1946.800048828125,102.3499984741211,22.26000022888184,0.34831460674157305,89.0
2023-03-23,27250.97,28750.0,27105.0,28295.41,128649.60818,1993.800048828125,102.52999877929688,22.61000061035156,0.25,52.0
2023-03-24,28295.42,28374.3,27000.0,27454.47,86242.06544,1982.0999755859373,103.12000274658205,21.739999771118164,0.1891891891891892,74.0
2023-03-25,27454.46,27787.33,27156.09,27462.95,50844.08102,1982.0999755859373,103.12000274658205,21.739999771118164,0.10256410256410256,39.0
2023-03-26,27462.96,28194.4,27417.76,27968.05,49671.70353,1982.0999755859373,103.12000274658205,21.739999771118164,0.36,25.0
2023-03-27,27968.05,28023.86,26508.14,27124.91,88039.46898,1952.4000244140625,102.86000061035156,20.600000381469727,0.10126582278481013,79.0
2023-03-28,27124.9,27520.0,26631.78,27261.07,78602.44341,1972.4000244140625,102.43000030517578,19.96999931335449,0.11940298507462686,67.0
2023-03-29,27261.06,28650.0,27240.1,28348.6,89486.16008,1966.0999755859373,102.63999938964844,19.1200008392334,0.3090909090909091,55.0
2023-03-30,28348.6,29184.68,27686.0,28028.53,98865.43256,1980.300048828125,102.13999938964844,19.020000457763672,0.4225352112676056,71.0
2023-03-31,28028.53,28656.69,27511.71,28465.36,78198.12139,1969.0,102.51000213623048,18.700000762939453,0.2222222222222222,72.0
2023-04-01,28465.36,28819.71,28220.27,28452.73,30238.44753,1969.0,102.51000213623048,18.700000762939453,0.42857142857142855,35.0
2023-04-02,28452.74,28530.0,27856.43,28171.87,37365.65692,1969.0,102.51000213623048,18.700000762939453,-0.047619047619047616,21.0
2023-04-03,28171.87,28500.99,27200.24,27800.0,79180.01405,1983.9000244140625,102.08999633789062,18.549999237060547,0.2839506172839506,81.0
2023-04-04,27800.0,28444.44,27662.79,28165.47,49722.55691,2022.199951171875,101.58999633789062,19.0,0.38461538461538464,78.0
2023-04-05,28165.47,28775.0,27805.1,28170.01,60737.64732,2020.9000244140625,101.8499984741211,19.07999992370605,0.49019607843137253,102.0
2023-04-06,28170.01,28182.05,27711.0,28033.82,40118.94963,2011.9000244140625,101.81999969482422,18.399999618530277,0.2619047619047619,84.0
2023-04-07,28033.83,28100.0,27766.94,27906.33,24762.09387,2011.9000244140625,101.81999969482422,18.399999618530277,0.14925373134328357,67.0
2023-04-08,27906.34,28154.99,27859.02,27938.38,19479.96735,2011.9000244140625,101.81999969482422,18.399999618530277,0.24,25.0
2023-04-09,27938.38,28530.0,27800.0,28323.76,32531.16101,2011.9000244140625,101.81999969482422,18.399999618530277,0.16,25.0
2023-04-10,28323.76,29770.0,28170.0,29637.34,67754.0622,1989.0999755859373,102.58000183105467,18.96999931335449,0.37662337662337664,77.0
2023-04-11,29637.35,30550.0,29590.0,30200.42,67990.07621,2004.800048828125,102.1999969482422,19.100000381469727,0.5,124.0
2023-04-12,30200.43,30486.0,29637.4,29888.07,62049.48451,2010.9000244140625,101.5,19.09000015258789,0.0970873786407767,103.0
2023-04-13,29888.07,30595.0,29854.59,30373.84,51934.11731,2041.300048828125,101.01000213623048,17.799999237060547,0.5164835164835165,91.0
2023-04-14,30373.84,31000.0,29966.0,30466.93,75984.19452,2002.199951171875,101.5500030517578,17.06999969482422,0.40789473684210525,76.0
2023-04-15,30466.93,30595.6,30202.0,30295.09,25429.81247,2002.199951171875,101.5500030517578,17.06999969482422,0.2222222222222222,36.0
2023-04-16,30295.1,30549.99,30120.0,30304.65,26431.99322,2002.199951171875,101.5500030517578,17.06999969482422,0.26666666666666666,15.0
2023-04-17,30304.66,30316.06,29240.65,29430.27,56441.81127,1994.199951171875,102.0999984741211,16.950000762939453,0.20212765957446807,94.0
2023-04-18,29430.27,30485.0,29096.78,30380.01,62004.89434,2007.4000244140625,101.75,16.829999923706055,0.3595505617977528,89.0
2023-04-19,30380.01,30413.53,28520.0,28797.1,86575.48656,1995.199951171875,101.97000122070312,16.459999084472656,0.0,92.0
2023-04-20,28797.1,29088.3,28010.0,28243.65,76879.09372,2007.5999755859373,101.83999633789062,17.170000076293945,0.02564102564102564,78.0
2023-04-21,28243.65,28374.02,27125.0,27262.84,77684.7679,1979.5,101.81999969482422,16.770000457763672,-0.024096385542168676,83.0
2023-04-22,27262.84,27882.72,27140.35,27816.85,36023.69686,1979.5,101.81999969482422,16.770000457763672,0.1935483870967742,31.0
2023-04-23,27816.85,27816.85,27311.25,27590.6,34812.09581,1979.5,101.81999969482422,16.770000457763672,-0.03333333333333333,30.0
2023-04-24,27590.59,28000.0,26942.82,27510.93,53111.56874,1989.0999755859373,101.3499984741211,16.889999389648438,0.0851063829787234,94.0
2023-04-25,27510.93,28399.99,27192.0,28300.79,52325.14637,1994.0,101.86000061035156,18.76000022888184,-0.11538461538461539,78.0
2023-04-26,28300.8,30036.0,27235.0,28415.29,129228.40403,1985.699951171875,101.47000122070312,18.84000015258789,0.36607142857142855,112.0
2023-04-27,28415.29,29890.0,28378.86,29472.77,95430.82431,1989.9000244140625,101.5,17.030000686645508,0.11688311688311688,77.0
2023-04-28,29472.77,29599.54,28891.0,29311.7,54298.16578,1990.0999755859373,101.66999816894533,15.779999732971191,0.2631578947368421,95.0
2023-04-29,29311.69,29448.88,29031.0,29230.45,20466.83058,1990.0999755859373,101.66999816894533,15.779999732971191,0.52,25.0
2023-04-30,29230.45,29969.39,29079.59,29233.21,39752.5372,1990.0999755859373,101.66999816894533,15.779999732971191,0.29545454545454547,44.0
2023-05-01,29233.2,29337.34,27666.95,28068.26,64433.65958,1983.4000244140625,102.1500015258789,16.079999923706055,-0.027777777777777776,72.0
2023-05-02,28068.26,28879.88,27872.0,28669.86,50824.5224,2014.300048828125,101.95999908447266,17.780000686645508,0.17857142857142858,84.0
2023-05-03,28669.85,29266.66,28113.69,29026.16,64615.79213,2028.5999755859373,101.33999633789062,18.34000015258789,0.1941747572815534,103.0
2023-05-04,29026.16,29379.83,28663.64,28838.16,42575.47501,2048.0,101.4000015258789,20.09000015258789,0.3,90.0
2023-05-05,28838.16,29677.0,28800.0,29505.61,58415.83048,2017.4000244140625,101.20999908447266,17.190000534057617,0.2638888888888889,72.0
2023-05-06,29505.6,29820.0,28300.0,28848.2,49249.28459,2017.4000244140625,101.20999908447266,17.190000534057617,0.3333333333333333,27.0
2023-05-07,28848.19,29138.29,28395.23,28430.1,30003.41028,2017.4000244140625,101.20999908447266,17.190000534057617,0.06451612903225806,31.0
2023-05-08,28430.09,28631.01,27262.0,27668.79,68244.36179,2026.300048828125,101.37000274658205,16.979999542236328,-0.072,125.0
2023-05-09,27668.8,27818.0,27353.0,27628.27,40113.31069,2036.199951171875,101.63999938964844,17.709999084472656,-0.017857142857142856,112.0
2023-05-10,27628.28,28331.42,26777.0,27598.75,71155.11355,2030.5,101.4800033569336,16.940000534057617,0.16981132075471697,106.0
2023-05-11,27598.74,27630.14,26702.05,26968.62,47635.31365,2014.699951171875,102.05999755859376,16.93000030517578,-0.1511627906976744,86.0
2023-05-12,26968.61,27091.12,25811.46,26795.01,67207.93494,2014.5,102.68000030517578,17.030000686645508,-0.12643678160919541,87.0
2023-05-13,26795.01,27045.45,26692.03,26775.28,22814.90421,2014.5,102.68000030517578,17.030000686645508,-0.025,40.0
2023-05-14,26775.27,27200.0,26560.53,26917.62,21594.8036,2014.5,102.68000030517578,17.030000686645508,0.14285714285714285,35.0
2023-05-15,26917.61,27663.59,26726.0,27162.14,40430.08333,2018.0,102.43000030517578,17.1200008392334,0.30337078651685395,89.0
2023-05-16,27162.15,27296.89,26852.11,27033.84,33270.45451,1988.4000244140625,102.55999755859376,17.989999771118164,0.14583333333333334,96.0
2023-05-17,27033.85,27500.0,26544.71,27405.61,42958.97785,1980.699951171875,102.87999725341795,16.8700008392334,0.27058823529411763,85.0
2023-05-18,27405.62,27485.33,26361.2,26821.28,49198.65143,1956.5,103.58000183105467,16.049999237060547,0.28735632183908044,87.0
2023-05-19,26821.28,27183.6,26630.0,26880.26,28754.13544,1978.699951171875,103.1999969482422,16.809999465942383,0.08045977011494253,87.0
2023-05-20,26880.26,27150.0,26825.11,27102.43,14434.54718,1978.699951171875,103.1999969482422,16.809999465942383,0.34782608695652173,46.0
2023-05-21,27102.42,27277.55,26666.03,26747.78,21347.87279,1978.699951171875,103.1999969482422,16.809999465942383,0.3055555555555556,36.0
2023-05-22,26747.78,27099.89,26538.21,26849.27,26458.83828,1974.800048828125,103.1999969482422,17.209999084472656,0.12371134020618557,97.0
2023-05-23,26849.28,27495.83,26798.11,27219.61,38700.83858,1972.4000244140625,103.48999786376952,18.530000686645508,0.18518518518518517,81.0
2023-05-24,27219.61,27219.61,26080.5,26329.01,54393.0657,1962.800048828125,103.88999938964844,20.030000686645508,0.024390243902439025,82.0
2023-05-25,26329.0,26631.98,25871.89,26473.79,37435.44895,1943.0999755859373,104.20999908447266,19.13999938964844,0.033707865168539325,89.0
2023-05-26,26473.8,26932.16,26327.24,26705.92,35061.18713,1944.0999755859373,104.20999908447266,17.950000762939453,0.17142857142857143,70.0
2023-05-27,26705.93,26895.0,26551.0,26854.27,15095.6867,1944.0999755859373,104.20999908447266,17.950000762939453,0.2,30.0
2023-05-28,26854.28,28261.32,26764.36,28065.0,43916.00855,1944.0999755859373,104.20999908447266,17.950000762939453,0.3888888888888889,36.0
2023-05-29,28065.01,28447.14,27524.6,27736.4,42385.41945,1944.0999755859373,104.20999908447266,17.950000762939453,0.36619718309859156,71.0
2023-05-30,27736.39,28038.59,27554.0,27694.4,32686.75371,1958.0,104.16999816894533,17.459999084472656,0.19148936170212766,94.0
2023-05-31,27694.39,27835.51,26839.01,27210.35,46588.80573,1963.9000244140625,104.31999969482422,17.940000534057617,0.15384615384615385,78.0
2023-06-01,27210.36,27350.0,26605.05,26817.93,39217.8088,1978.0,103.55999755859376,15.649999618530272,0.1375,80.0
2023-06-02,26817.93,27300.0,26505.0,27242.59,36380.90269,1952.4000244140625,104.0199966430664,14.600000381469728,0.34444444444444444,90.0
2023-06-03,27242.59,27333.29,26914.93,27069.22,16595.34117,1952.4000244140625,104.0199966430664,14.600000381469728,0.20512820512820512,39.0
2023-06-04,27069.22,27455.02,26951.0,27115.21,19258.41049,1952.4000244140625,104.0199966430664,14.600000381469728,0.13793103448275862,29.0
2023-06-05,27115.2,27129.33,25388.0,25728.2,65805.60305,1958.0,104.0,14.729999542236328,0.028169014084507043,71.0
2023-06-06,25728.2,27355.33,25351.02,27230.08,68392.60438,1965.5,104.12999725341795,13.960000038146973,-0.08955223880597014,67.0
2023-06-07,27230.07,27391.77,26125.01,26339.34,59619.44364,1942.699951171875,104.0999984741211,13.9399995803833,0.07894736842105263,76.0
2023-06-08,26339.34,26810.0,26210.0,26498.61,31075.51083,1963.5999755859373,103.33999633789062,13.649999618530272,0.0,71.0
2023-06-09,26498.62,26783.33,26269.91,26477.81,27934.7097,1962.199951171875,103.55999755859376,13.829999923706056,-0.08196721311475409,61.0
2023-06-10,26477.8,26533.87,25358.0,25841.21,64944.60108,1962.199951171875,103.55999755859376,13.829999923706056,-0.15,20.0
2023-06-11,25841.22,26206.88,25634.7,25925.55,30014.29595,1962.199951171875,103.55999755859376,13.829999923706056,0.043478260869565216,23.0
2023-06-12,25925.54,26106.48,25602.11,25905.19,29900.50893,1955.300048828125,103.62999725341795,15.010000228881836,-0.06896551724137931,58.0
2023-06-13,25905.2,26433.21,25712.57,25934.25,41065.60853,1944.5999755859373,103.33999633789062,14.609999656677246,0.10989010989010989,91.0
2023-06-14,25934.24,26098.0,24820.56,25128.6,45077.31608,1955.300048828125,103.01000213623048,13.880000114440918,0.10909090909090909,110.0
2023-06-15,25128.6,25759.01,24800.0,25598.49,48664.86063,1957.800048828125,102.12000274658205,14.5,-0.10091743119266056,109.0
2023-06-16,25598.49,26518.0,25175.56,26345.0,51596.91662,1958.4000244140625,102.3000030517578,13.539999961853027,0.313953488372093,86.0
2023-06-17,26345.01,26839.99,26181.0,26516.99,27842.2195,1958.4000244140625,102.3000030517578,13.539999961853027,0.15625,32.0
2023-06-18,26516.99,26700.0,26255.85,26339.97,21538.31022,1958.4000244140625,102.3000030517578,13.539999961853027,0.3829787234042553,47.0
2023-06-19,26339.98,27068.09,26256.61,26844.35,35872.65974,1958.4000244140625,102.3000030517578,13.539999961853027,0.296875,64.0
2023-06-20,26844.35,28402.74,26652.0,28307.99,69666.95525,1935.5,102.54000091552734,13.880000114440918,0.45535714285714285,112.0
2023-06-21,28308.0,30800.0,28257.99,29993.89,108926.40412,1933.300048828125,102.06999969482422,13.199999809265137,0.5763888888888888,144.0
2023-06-22,29993.89,30500.0,29525.61,29884.92,59054.5646,1912.699951171875,102.38999938964844,12.90999984741211,0.4878048780487805,123.0
2023-06-23,29884.92,31431.94,29800.0,30688.5,73931.89635,1919.0999755859373,102.9000015258789,13.4399995803833,0.45132743362831856,113.0
2023-06-24,30688.51,30800.0,30250.0,30527.43,30513.30135,1919.0999755859373,102.9000015258789,13.4399995803833,0.3617021276595745,47.0
2023-06-25,30527.44,31046.01,30277.49,30462.66,30223.44801,1919.0999755859373,102.9000015258789,13.4399995803833,0.37142857142857144,35.0
2023-06-26,30462.67,30666.0,29930.0,30267.99,45180.41489,1923.699951171875,102.69000244140624,14.25,0.3275862068965517,116.0
2023-06-27,30267.99,30994.97,30226.17,30692.44,42699.64157,1914.0,102.48999786376952,13.739999771118164,0.5172413793103449,116.0
2023-06-28,30692.44,30709.74,29858.8,30077.41,40463.51937,1912.300048828125,102.91000366210938,13.43000030517578,0.47058823529411764,119.0
2023-06-29,30077.4,30843.98,30049.98,30447.31,36330.62903,1909.199951171875,103.33999633789062,13.539999961853027,0.4,90.0
2023-06-30,30447.31,31282.0,29500.0,30472.0,89419.07618,1921.0999755859373,102.91000366210938,13.59000015258789,0.2826086956521739,92.0
2023-07-01,30471.99,30661.6,30320.57,30585.9,17501.75075,1921.0999755859373,102.91000366210938,13.59000015258789,0.4772727272727273,44.0
2023-07-02,30585.9,30791.0,30155.0,30617.03,23286.41019,1921.0999755859373,102.91000366210938,13.59000015258789,0.125,32.0
2023-07-03,30617.02,31380.0,30570.27,31156.2,43761.64311,1921.699951171875,102.98999786376952,13.56999969482422,0.5333333333333333,105.0
2023-07-04,31156.2,31350.69,30620.0,30766.51,33206.11943,1921.699951171875,102.98999786376952,13.56999969482422,0.6344086021505376,93.0
2023-07-05,30766.52,30878.07,30200.0,30504.81,33215.67122,1919.5999755859373,103.37000274658205,14.18000030517578,0.5087719298245614,114.0
2023-07-06,30504.8,31500.0,29850.45,29895.43,71319.6261,1908.699951171875,103.16999816894533,15.4399995803833,0.4645669291338583,127.0
2023-07-07,29895.42,30449.0,29701.02,30344.7,34070.53895,1926.199951171875,102.2699966430664,14.829999923706056,0.33884297520661155,121.0
2023-07-08,30344.7,30386.81,30044.47,30284.63,13094.59042,1926.199951171875,102.2699966430664,14.829999923706056,0.2916666666666667,48.0
2023-07-09,30284.63,30445.52,30061.12,30160.71,15388.50196,1926.199951171875,102.2699966430664,14.829999923706056,0.4418604651162791,43.0
2023-07-10,30160.71,31045.78,29950.0,30411.57,41262.87652,1925.0,101.97000122070312,15.06999969482422,0.27049180327868855,122.0
2023-07-11,30411.57,30813.63,30300.0,30622.1,28476.83311,1931.300048828125,101.7300033569336,14.84000015258789,0.384,125.0
2023-07-12,30622.1,30983.25,30210.0,30380.0,38108.99669,1956.199951171875,100.5199966430664,13.539999961853027,0.4358974358974359,117.0
2023-07-13,30380.0,31804.2,30251.0,31454.23,70772.51836,1959.199951171875,99.7699966430664,13.609999656677246,0.4594594594594595,111.0
2023-07-14,31454.23,31630.0,29900.0,30312.01,60749.48424,1960.0999755859373,99.91000366210938,13.34000015258789,0.41379310344827586,87.0
2023-07-15,30312.0,30390.9,30200.0,30289.52,14118.55329,1960.0999755859373,99.91000366210938,13.34000015258789,0.375,24.0
2023-07-16,30289.52,30441.46,30064.29,30231.99,15760.1281,1960.0999755859373,99.91000366210938,13.34000015258789,0.42857142857142855,28.0
2023-07-17,30232.0,30336.96,29659.2,30138.0,30882.76839,1952.4000244140625,99.83999633789062,13.479999542236328,0.39361702127659576,94.0
2023-07-18,30138.01,30239.78,29512.0,29859.13,30003.8601,1977.199951171875,99.94000244140624,13.300000190734863,0.45263157894736844,95.0
2023-07-19,29859.14,30189.09,29761.96,29909.21,25657.36137,1977.5,100.27999877929688,13.760000228881836,0.39,100.0
2023-07-20,29909.21,30417.46,29570.96,29800.0,37540.68193,1968.300048828125,100.87999725341795,13.989999771118164,0.4117647058823529,102.0
2023-07-21,29800.0,30061.7,29726.34,29901.72,23881.40865,1964.300048828125,101.06999969482422,13.600000381469728,0.14414414414414414,111.0
2023-07-22,29901.72,29999.0,29625.1,29794.0,14660.40467,1964.300048828125,101.06999969482422,13.600000381469728,0.4166666666666667,48.0
2023-07-23,29793.99,30350.0,29730.0,30083.75,18292.78637,1964.300048828125,101.06999969482422,13.600000381469728,0.15555555555555556,45.0
2023-07-24,30083.75,30099.58,28861.9,29176.5,39628.99691,1960.300048828125,101.3499984741211,13.90999984741211,0.16964285714285715,112.0
2023-07-25,29176.5,29376.0,29047.65,29228.91,21565.7478,1962.0999755859373,101.3499984741211,13.859999656677246,0.15315315315315314,111.0
2023-07-26,29228.91,29690.0,29096.94,29351.96,33931.63366,1968.9000244140625,100.88999938964844,13.1899995803833,0.2807017543859649,114.0
2023-07-27,29351.95,29567.49,29083.85,29222.78,22476.47626,1945.4000244140625,101.7699966430664,14.40999984741211,0.375,96.0
2023-07-28,29222.78,29542.22,29123.12,29314.14,23993.61627,1960.4000244140625,101.62000274658205,13.329999923706056,0.23958333333333334,96.0
2023-07-29,29314.14,29406.92,29256.18,29352.9,10851.36844,1960.4000244140625,101.62000274658205,13.329999923706056,0.30434782608695654,46.0
2023-07-30,29352.9,29449.0,29033.24,29281.09,15706.97441,1960.4000244140625,101.62000274658205,13.329999923706056,0.2777777777777778,36.0
2023-07-31,29281.09,29530.0,29101.8,29232.25,22605.48964,1970.5,101.86000061035156,13.630000114440918,0.15447154471544716,123.0
2023-08-01,29232.26,29739.25,28585.7,29705.99,44719.65162,1940.699951171875,102.3000030517578,13.93000030517578,0.11,100.0
2023-08-02,29705.99,30047.5,28927.5,29186.01,48181.65141,1937.4000244140625,102.58999633789062,16.09000015258789,0.4473684210526316,152.0
2023-08-03,29186.0,29433.33,28968.0,29193.64,26476.91994,1932.0,102.54000091552734,15.920000076293944,0.31666666666666665,120.0
2023-08-04,29193.65,29333.08,28807.54,29113.99,23551.95217,1939.5999755859373,102.0199966430664,17.100000381469727,0.3364485981308411,107.0
2023-08-05,29114.0,29152.23,28978.64,29072.13,11645.52018,1939.5999755859373,102.0199966430664,17.100000381469727,0.40384615384615385,52.0
2023-08-06,29072.13,29205.09,28991.88,29088.42,13178.1972,1939.5999755859373,102.0199966430664,17.100000381469727,0.3888888888888889,36.0
2023-08-07,29088.43,29276.78,28701.03,29211.06,30966.87746,1933.5,102.0500030517578,15.770000457763672,0.17073170731707318,123.0
2023-08-08,29211.06,30244.0,29146.45,29770.42,45700.53392,1924.0999755859373,102.52999877929688,15.989999771118164,0.453125,128.0
2023-08-09,29770.41,30160.0,29376.67,29581.99,38003.88725,1915.4000244140625,102.48999786376952,15.960000038146973,0.631578947368421,133.0
2023-08-10,29581.99,29738.0,29320.2,29455.75,23463.45373,1914.4000244140625,102.5199966430664,15.850000381469728,0.40350877192982454,114.0
2023-08-11,29455.76,29564.52,29252.45,29426.03,20637.0443,1912.9000244140625,102.83999633789062,14.84000015258789,0.3333333333333333,105.0
2023-08-12,29426.02,29481.35,29381.56,29430.17,8971.48068,1912.9000244140625,102.83999633789062,14.84000015258789,0.35555555555555557,45.0
2023-08-13,29430.18,29474.65,29272.32,29303.84,11101.70947,1912.9000244140625,102.83999633789062,14.84000015258789,0.5434782608695652,46.0
2023-08-14,29303.85,29695.32,29102.45,29430.93,31443.11532,1910.5999755859373,103.19000244140624,14.81999969482422,0.408,125.0
2023-08-15,29430.92,29499.26,29059.6,29200.0,27503.87691,1902.5,103.20999908447266,16.459999084472656,0.5,116.0
2023-08-16,29200.01,29259.85,28723.08,28730.51,32996.69854,1896.0999755859373,103.41999816894533,16.780000686645508,0.2288135593220339,118.0
2023-08-17,28730.51,28783.48,25166.0,26623.41,100271.54033,1884.0999755859373,103.44000244140624,17.889999389648438,-0.014084507042253521,142.0
2023-08-18,26623.41,26832.6,25619.0,26054.0,69790.65711,1886.0999755859373,103.37999725341795,17.299999237060547,-0.47107438016528924,121.0
2023-08-19,26054.0,26281.0,25801.09,26100.01,26160.75343,1886.0999755859373,103.37999725341795,17.299999237060547,0.015625,64.0
2023-08-20,26100.01,26299.0,25971.05,26189.99,19056.91209,1886.0999755859373,103.37999725341795,17.299999237060547,0.0,66.0
2023-08-21,26190.0,26258.42,25812.0,26126.92,30267.24233,1893.300048828125,103.33000183105467,17.1299991607666,0.14166666666666666,120.0
2023-08-22,26126.92,26139.42,25300.0,26056.0,34247.06688,1896.4000244140625,103.55999755859376,16.969999313354492,-0.1,110.0
2023-08-23,26055.99,26819.27,25812.82,26432.72,44023.69978,1918.5,103.36000061035156,15.979999542236328,0.06382978723404255,141.0
2023-08-24,26432.71,26577.87,25864.0,26180.05,30205.22116,1918.199951171875,103.9800033569336,17.200000762939453,0.31654676258992803,139.0
2023-08-25,26180.05,26314.05,25777.15,26060.01,27753.33772,1911.0999755859373,104.08000183105467,15.68000030517578,0.1652892561983471,121.0
2023-08-26,26060.0,26125.77,25985.92,26017.37,10022.22322,1911.0999755859373,104.08000183105467,15.68000030517578,0.2727272727272727,66.0
2023-08-27,26017.38,26182.23,25966.11,26101.77,12099.64216,1911.0999755859373,104.08000183105467,15.68000030517578,0.30612244897959184,49.0
2023-08-28,26101.78,26253.99,25864.5,26120.0,22692.62655,1917.9000244140625,104.05999755859376,15.079999923706056,0.0196078431372549,102.0
2023-08-29,26120.0,28142.85,25922.0,27716.34,74251.99488,1936.5,103.5500030517578,14.449999809265137,0.4666666666666667,165.0
2023-08-30,27716.34,27768.57,27017.24,27299.99,35448.25848,1944.300048828125,103.16000366210938,13.880000114440918,0.551948051948052,154.0
2023-08-31,27299.99,27587.51,25655.01,25940.78,51032.80401,1938.199951171875,103.62000274658205,13.56999969482422,0.2746478873239437,142.0
2023-09-01,25940.77,26156.0,25333.75,25805.05,41032.15056,1939.800048828125,104.23999786376952,13.09000015258789,0.00909090909090909,110.0
2023-09-02,25805.04,25987.5,25752.47,25869.51,16250.77698,1939.800048828125,104.23999786376952,13.09000015258789,0.19672131147540983,61.0
2023-09-03,25869.52,26135.0,25800.0,25971.21,17474.47667,1939.800048828125,104.23999786376952,13.09000015258789,0.26666666666666666,60.0
2023-09-04,25971.21,26108.02,25631.21,25826.02,21777.59609,1939.800048828125,104.23999786376952,13.09000015258789,0.3486238532110092,109.0
2023-09-05,25826.03,25915.49,25562.62,25792.1,21323.39337,1926.199951171875,104.80999755859376,14.010000228881836,0.1504424778761062,113.0
2023-09-06,25792.11,26040.0,25372.51,25759.95,27262.52386,1918.0999755859373,104.86000061035156,14.449999809265137,0.2835820895522388,134.0
2023-09-07,25759.95,26443.14,25615.38,26255.0,27687.49567,1917.5,105.05999755859376,14.399999618530272,0.15833333333333333,120.0
2023-09-08,26255.0,26445.5,25647.26,25910.5,28999.76471,1918.4000244140625,105.08999633789062,13.84000015258789,0.35135135135135137,111.0
2023-09-09,25910.5,25945.09,25796.64,25901.61,10980.62277,1918.4000244140625,105.08999633789062,13.84000015258789,0.17391304347826086,46.0
2023-09-10,25901.6,26033.66,25570.57,25841.61,18738.26914,1918.4000244140625,105.08999633789062,13.84000015258789,0.14285714285714285,42.0
2023-09-11,25841.6,25900.69,24901.0,25162.52,41682.32,1923.300048828125,104.56999969482422,13.800000190734863,-0.18032786885245902,122.0
2023-09-12,25162.53,26567.0,25131.48,25840.1,56434.38537,1911.300048828125,104.70999908447266,14.229999542236328,0.15846994535519127,183.0
2023-09-13,25840.1,26405.22,25764.17,26222.0,31610.82753,1909.0999755859373,104.7699966430664,13.479999542236328,0.2734375,128.0
2023-09-14,26222.0,26860.49,26126.77,26522.73,38333.1725,1910.0,105.41000366210938,12.81999969482422,0.4298245614035088,114.0
2023-09-15,26522.73,26888.0,26224.0,26600.0,26227.29369,1923.699951171875,105.31999969482422,13.789999961853027,0.5408163265306123,98.0
2023-09-16,26599.99,26777.0,26445.0,26559.67,13960.93351,1923.699951171875,105.31999969482422,13.789999961853027,0.3111111111111111,45.0
2023-09-17,26559.67,26623.25,26399.0,26527.51,12998.10277,1923.699951171875,105.31999969482422,13.789999961853027,0.631578947368421,38.0
2023-09-18,26527.5,27409.0,26377.35,26762.51,43000.43256,1931.5,105.1999969482422,14.0,0.5688073394495413,109.0
2023-09-19,26762.5,27483.57,26667.79,27210.26,36190.52187,1932.0,105.1999969482422,14.109999656677246,0.4140625,128.0
2023-09-20,27210.25,27388.63,26800.0,27125.0,34207.21867,1945.5999755859373,105.16000366210938,15.140000343322754,0.42201834862385323,109.0
2023-09-21,27125.01,27159.6,26377.7,26568.08,34476.82662,1919.199951171875,105.36000061035156,17.540000915527344,0.13953488372093023,129.0
2023-09-22,26568.08,26743.38,26468.77,26580.14,18198.2292,1925.4000244140625,105.58000183105467,17.200000762939453,0.23577235772357724,123.0
2023-09-23,26580.14,26632.81,26509.0,26575.96,9440.7026,1925.4000244140625,105.58000183105467,17.200000762939453,0.4,60.0
2023-09-24,26575.97,26738.54,26122.08,26248.38,15706.65771,1925.4000244140625,105.58000183105467,17.200000762939453,0.47761194029850745,67.0
2023-09-25,26248.39,26446.15,25990.46,26304.81,26266.2039,1916.5999755859373,106.0,16.899999618530273,0.26119402985074625,134.0
2023-09-26,26304.8,26397.46,26088.34,26221.67,18495.35066,1900.4000244140625,106.2300033569336,18.940000534057617,0.25735294117647056,136.0
2023-09-27,26221.68,26850.0,26112.06,26372.99,34771.57978,1871.5999755859373,106.66999816894533,18.21999931335449,0.13178294573643412,129.0
2023-09-28,26373.0,27308.48,26342.4,27021.39,44517.83491,1860.4000244140625,106.22000122070312,17.34000015258789,0.36,125.0
2023-09-29,27021.39,27244.89,26665.16,26906.96,28478.76219,1848.0999755859373,106.16999816894533,17.520000457763672,0.47540983606557374,122.0
2023-09-30,26906.96,27094.99,26886.31,26962.56,12804.62307,1848.0999755859373,106.16999816894533,17.520000457763672,0.225,40.0
2023-10-01,26962.57,28065.51,26954.09,27992.57,24602.81468,1848.0999755859373,106.16999816894533,17.520000457763672,0.4897959183673469,49.0
2023-10-02,27992.58,28580.0,27281.44,27494.51,57071.14241,1830.0,106.9000015258789,17.610000610351562,0.5625,128.0
2023-10-03,27494.51,27676.52,27160.5,27426.46,28928.96555,1824.5999755859373,107.0,19.780000686645508,0.24603174603174602,126.0
2023-10-04,27426.45,27839.72,27202.0,27778.57,29816.142,1818.5,106.8000030517578,18.57999992370605,0.33613445378151263,119.0
2023-10-05,27778.57,28120.39,27352.0,27410.39,30681.49619,1816.5999755859373,106.33000183105467,18.489999771118164,0.47863247863247865,117.0
2023-10-06,27410.39,28295.0,27175.94,27931.09,37983.24277,1830.199951171875,106.04000091552734,17.450000762939453,0.3826086956521739,115.0
2023-10-07,27931.1,28029.67,27842.08,27956.67,13348.83825,1830.199951171875,106.04000091552734,17.450000762939453,0.37735849056603776,53.0
2023-10-08,27956.67,28095.14,27687.5,27917.05,19693.56921,1830.199951171875,106.04000091552734,17.450000762939453,0.23076923076923078,39.0
2023-10-09,27917.06,27987.93,27260.0,27590.12,31534.74639,1849.5,106.08000183105467,17.700000762939453,0.20967741935483872,124.0
2023-10-10,27590.12,27735.0,27298.0,27390.12,22776.84383,1861.0,105.83000183105467,17.030000686645508,0.272,125.0
2023-10-11,27390.12,27477.39,26538.66,26875.52,37349.44706,1872.800048828125,105.81999969482422,16.09000015258789,0.0948905109489051,137.0
2023-10-12,26875.52,26947.04,26555.0,26759.63,23428.64112,1869.300048828125,106.56999969482422,16.690000534057617,-0.023255813953488372,129.0
2023-10-13,26759.63,27130.0,26685.0,26862.0,24115.76499,1927.4000244140625,106.6500015258789,19.31999969482422,0.16806722689075632,119.0
2023-10-14,26862.0,26989.58,26789.0,26852.48,10417.25576,1927.4000244140625,106.6500015258789,19.31999969482422,0.3888888888888889,54.0
2023-10-15,26852.48,27293.33,26808.25,27154.15,15274.6917,1927.4000244140625,106.6500015258789,19.31999969482422,0.46153846153846156,52.0
2023-10-16,27154.14,30000.0,27112.66,28500.78,78399.22445,1921.0999755859373,106.23999786376952,17.209999084472656,0.47333333333333333,150.0
2023-10-17,28500.77,28613.65,28069.32,28395.91,38428.44532,1922.699951171875,106.25,17.8799991607666,0.381294964028777,139.0
2023-10-18,28395.91,28982.36,28142.87,28320.0,32162.47591,1955.300048828125,106.56999969482422,19.21999931335449,0.3617021276595745,141.0
2023-10-19,28320.0,28916.89,28100.66,28713.71,35895.50179,1968.4000244140625,106.25,21.399999618530277,0.5033557046979866,149.0
2023-10-20,28713.71,30207.55,28578.29,29669.04,59422.0992,1982.5,106.16000366210938,21.709999084472656,0.556390977443609,133.0
2023-10-21,29669.05,30379.99,29464.77,29909.8,27517.51897,1982.5,106.16000366210938,21.709999084472656,0.5616438356164384,73.0
2023-10-22,29909.8,30248.0,29640.0,29992.46,22852.54563,1982.5,106.16000366210938,21.709999084472656,0.265625,64.0
2023-10-23,29992.46,34741.91,29883.6,33069.99,93513.64246,1976.300048828125,105.54000091552734,20.3700008392334,0.5689655172413793,174.0
2023-10-24,33069.99,35280.0,32832.34,33922.73,115265.02418,1975.0,106.2699966430664,18.96999931335449,0.5943396226415094,212.0
2023-10-25,33922.73,35132.85,33679.05,34496.05,54887.02529,1984.0999755859373,106.52999877929688,20.190000534057617,0.5307262569832403,179.0
2023-10-26,34496.05,34824.13,33751.0,34151.66,39744.66255,1987.199951171875,106.5999984741211,20.68000030517578,0.5634517766497462,197.0
2023-10-27,34151.66,34245.0,33390.95,33892.02,32330.40106,1988.5999755859373,106.55999755859376,21.270000457763672,0.5517241379310345,145.0
2023-10-28,33892.01,34493.33,33860.0,34081.0,16880.13144,1988.5999755859373,106.55999755859376,21.270000457763672,0.4411764705882353,68.0
2023-10-29,34081.01,34750.11,33930.0,34525.89,20685.52176,1988.5999755859373,106.55999755859376,21.270000457763672,0.6,60.0
2023-10-30,34525.88,34856.0,34062.84,34474.73,33657.95976,1996.199951171875,106.12000274658205,19.75,0.6308724832214765,149.0
2023-10-31,34474.74,34720.49,34025.0,34639.77,32737.89822,1985.199951171875,106.66000366210938,18.13999938964844,0.6381578947368421,152.0
2023-11-01,34639.78,35582.0,34097.39,35421.43,53473.28165,1978.800048828125,106.87999725341795,16.8700008392334,0.5298507462686567,134.0
2023-11-02,35421.43,35984.99,34300.0,34941.59,48015.57732,1985.5999755859373,106.12000274658205,15.65999984741211,0.6358381502890174,173.0
2023-11-03,34941.58,34946.5,34120.0,34716.78,39071.20644,1991.5,105.0199966430664,14.90999984741211,0.39552238805970147,134.0
2023-11-04,34716.78,35255.0,34585.18,35062.07,18377.55545,1991.5,105.0199966430664,14.90999984741211,0.5932203389830508,59.0
2023-11-05,35062.06,35380.0,34448.0,35011.88,24528.73376,1991.5,105.0199966430664,14.90999984741211,0.6538461538461539,52.0
2023-11-06,35011.89,35276.33,34725.9,35046.09,22346.47086,1981.5999755859373,105.22000122070312,14.890000343322754,0.5072463768115942,138.0
2023-11-07,35046.09,35888.0,34523.06,35399.12,38688.73692,1966.800048828125,105.54000091552734,14.8100004196167,0.39705882352941174,136.0
2023-11-08,35399.13,36106.0,35100.0,35624.72,33401.34137,1951.5,105.58999633789062,14.449999809265137,0.6272727272727273,110.0
2023-11-09,35624.72,37972.24,35534.05,36701.09,82537.88885,1964.199951171875,105.91000366210938,15.289999961853027,0.6451612903225806,155.0
2023-11-10,36701.1,37526.0,36324.71,37301.63,43414.04898,1932.5999755859373,105.86000061035156,14.170000076293944,0.684931506849315,146.0
2023-11-11,37301.63,37408.26,36666.93,37130.0,22984.97235,1932.5999755859373,105.86000061035156,14.170000076293944,0.703125,64.0
2023-11-12,37129.99,37222.22,36731.1,37064.13,17687.18874,1932.5999755859373,105.86000061035156,14.170000076293944,0.7333333333333333,60.0
2023-11-13,37064.13,37417.99,36333.0,36462.93,32798.18252,1945.5,105.66000366210938,14.760000228881836,0.40384615384615385,156.0
2023-11-14,36462.93,36744.0,34800.0,35551.19,45503.68416,1961.800048828125,104.11000061035156,14.15999984741211,0.19047619047619047,126.0
2023-11-15,35551.2,37980.0,35360.0,37858.2,53569.13385,1960.0999755859373,104.38999938964844,14.18000030517578,0.2777777777777778,126.0
2023-11-16,37858.2,37929.54,35500.0,36163.51,47490.39566,1983.9000244140625,104.37000274658205,14.31999969482422,0.6016949152542372,118.0
2023-11-17,36163.51,36800.0,35861.1,36613.92,38283.61112,1981.5999755859373,103.81999969482422,13.800000190734863,0.5222929936305732,157.0
2023-11-18,36613.91,36845.49,36178.58,36568.1,17102.24186,1981.5999755859373,103.81999969482422,13.800000190734863,0.6212121212121212,66.0
2023-11-19,36568.11,37500.0,36384.02,37359.86,21246.34648,1981.5999755859373,103.81999969482422,13.800000190734863,0.5396825396825397,63.0
2023-11-20,37359.85,37750.0,36677.0,37448.78,36022.70291,1977.699951171875,103.47000122070312,13.40999984741211,0.6814814814814815,135.0
2023-11-21,37448.79,37649.44,35735.0,35741.65,47646.54804,1999.300048828125,103.58999633789062,13.350000381469728,0.5,120.0
2023-11-22,35741.65,37861.1,35632.01,37408.34,45051.30697,1991.4000244140625,103.91999816894533,12.850000381469728,0.34057971014492755,138.0
2023-11-23,37408.35,37653.44,36870.0,37294.28,23827.92882,1991.4000244140625,103.91999816894533,12.850000381469728,0.4961832061068702,131.0
2023-11-24,37294.27,38414.0,37251.51,37713.57,44680.80646,2002.199951171875,103.4000015258789,12.460000038146973,0.3900709219858156,141.0
2023-11-25,37713.57,37888.0,37591.1,37780.67,11396.14464,2002.199951171875,103.4000015258789,12.460000038146973,0.7792207792207793,77.0
2023-11-26,37780.67,37814.63,37150.0,37447.43,21264.53723,2002.199951171875,103.4000015258789,12.460000038146973,0.4423076923076923,52.0
2023-11-27,37447.42,37569.23,36707.0,37242.7,30001.07376,2011.800048828125,103.1999969482422,12.6899995803833,0.3383458646616541,133.0
2023-11-28,37242.7,38377.0,36868.41,37818.87,37544.46667,2039.699951171875,102.75,12.6899995803833,0.5231788079470199,151.0
2023-11-29,37818.88,38450.0,37570.0,37854.64,32994.19107,2047.0999755859373,102.7699966430664,12.979999542236328,0.4935897435897436,156.0
2023-11-30,37854.65,38145.85,37500.0,37723.96,24740.29147,2038.0999755859373,103.5,12.920000076293944,0.3803680981595092,163.0
2023-12-01,37723.97,38999.0,37615.86,38682.52,43415.66324,2071.0,103.2699966430664,12.630000114440918,0.6871508379888268,179.0
2023-12-02,38682.51,39717.14,38641.61,39450.35,26696.92161,2071.0,103.2699966430664,12.630000114440918,0.7228915662650602,83.0
2023-12-03,39450.35,40250.0,39274.86,39972.26,26710.65335,2071.0,103.2699966430664,12.630000114440918,0.9104477611940298,67.0
2023-12-04,39972.26,42420.0,39972.26,41991.1,79272.33059,2024.0999755859373,103.63999938964844,13.079999923706056,0.7370517928286853,251.0
2023-12-05,41991.1,44488.0,41414.0,44073.32,67490.74644,2018.5,104.0500030517578,12.850000381469728,0.728110599078341,217.0
2023-12-06,44073.82,44297.21,43335.28,43762.69,51431.10492,2030.5,104.1500015258789,12.970000267028809,0.507537688442211,199.0
2023-12-07,43762.69,44047.33,42821.1,43273.14,47103.26845,2029.9000244140625,103.54000091552734,13.0600004196167,0.5096153846153846,208.0
2023-12-08,43273.15,44700.0,43081.1,44170.99,42900.37556,1998.300048828125,104.01000213623048,12.350000381469728,0.5328947368421053,152.0
2023-12-09,44171.0,44358.02,43584.51,43713.6,24925.97008,1998.300048828125,104.01000213623048,12.350000381469728,0.6395348837209303,86.0
2023-12-10,43713.59,44049.0,43563.0,43789.51,18956.61758,1998.300048828125,104.01000213623048,12.350000381469728,0.3770491803278688,61.0
2023-12-11,43789.5,43804.5,40222.0,41253.4,76663.89804,1978.0,104.0999984741211,12.630000114440918,0.13736263736263737,182.0
2023-12-12,41253.41,42104.12,40680.0,41492.39,42722.69773,1977.800048828125,103.87000274658205,12.06999969482422,0.3935483870967742,155.0
2023-12-13,41492.38,43475.2,40555.0,42869.03,45865.99773,1982.300048828125,102.87000274658205,12.1899995803833,0.38636363636363635,176.0
2023-12-14,42869.03,43420.0,41400.0,43022.26,42047.05709,2030.199951171875,101.95999908447266,12.479999542236328,0.6,145.0
2023-12-15,43022.26,43080.81,41666.0,41940.3,33421.7932,2021.0999755859373,102.5500030517578,12.279999732971191,0.4672131147540984,122.0
2023-12-16,41940.29,42724.43,41605.0,42278.03,24118.85747,2021.0999755859373,102.5500030517578,12.279999732971191,0.463768115942029,69.0
2023-12-17,42278.02,42424.07,41252.0,41374.65,27722.11452,2021.0999755859373,102.5500030517578,12.279999732971191,0.31666666666666665,60.0
2023-12-18,41374.64,42757.81,40542.93,42657.8,46734.0925,2026.300048828125,102.51000213623048,12.5600004196167,0.2708333333333333,144.0
2023-12-19,42657.8,43497.0,41811.1,42275.99,40927.86444,2038.4000244140625,102.16999816894533,12.529999732971191,0.44375,160.0
2023-12-20,42275.99,44283.0,42206.0,43668.93,48710.2947,2034.5,102.41000366210938,13.670000076293944,0.6220472440944882,127.0
2023-12-21,43668.92,44242.35,43286.72,43861.8,34624.29384,2039.0999755859373,101.83999633789062,13.649999618530272,0.5877862595419847,131.0
2023-12-22,43861.79,44398.26,43412.54,43969.04,32783.19638,2057.10009765625,101.6999969482422,13.029999732971191,0.5573770491803278,122.0
2023-12-23,43969.04,43988.68,43291.1,43702.16,16557.1293,2057.10009765625,101.6999969482422,13.029999732971191,0.5340909090909091,88.0
2023-12-24,43702.15,43946.0,42500.0,42991.5,25144.33496,2057.10009765625,101.6999969482422,13.029999732971191,0.6666666666666666,45.0
2023-12-25,42991.5,43802.32,42720.43,43576.13,27021.23992,2057.10009765625,101.6999969482422,13.029999732971191,0.5051546391752577,97.0
2023-12-26,43576.12,43592.68,41637.6,42508.93,41010.04282,2058.199951171875,101.47000122070312,12.989999771118164,0.4090909090909091,110.0
2023-12-27,42508.93,43677.0,42098.69,43428.85,36191.21136,2081.89990234375,100.98999786376952,12.43000030517578,0.4740740740740741,135.0
2023-12-28,43428.86,43787.57,42241.79,42563.76,35150.52485,2073.89990234375,101.2300033569336,12.470000267028809,0.41843971631205673,141.0
2023-12-29,42563.76,43111.0,41300.0,42066.95,42597.18912,2062.39990234375,101.33000183105467,12.449999809265137,0.4888888888888889,135.0
2023-12-30,42066.94,42612.32,41520.3,42140.28,22906.57818,2062.39990234375,101.33000183105467,12.449999809265137,0.5,94.0
2023-12-31,42140.29,42899.0,41965.84,42283.58,23585.91603,2062.39990234375,101.33000183105467,12.449999809265137,0.4727272727272727,55.0
2024-01-01,42283.58,44184.1,42180.77,44179.55,27174.29903,2062.39990234375,101.33000183105467,12.449999809265137,0.4791666666666667,96.0
2024-01-02,44179.55,45879.63,44148.34,44946.91,65146.40661,2064.39990234375,102.1999969482422,13.199999809265137,0.6352201257861635,159.0
2024-01-03,44946.91,45500.0,40750.0,42845.23,81194.55173,2034.199951171875,102.45999908447266,14.039999961853027,0.24731182795698925,186.0
2024-01-04,42845.23,44729.58,42613.77,44151.1,48038.06334,2042.300048828125,102.41999816894533,14.130000114440918,0.43956043956043955,182.0
2024-01-05,44151.1,44357.46,42450.0,44145.11,48075.25327,2042.4000244140625,102.41000366210938,13.350000381469728,0.42038216560509556,157.0
2024-01-06,44145.12,44214.42,43397.05,43968.32,17835.06144,2042.4000244140625,102.41000366210938,13.350000381469728,0.4742268041237113,97.0
2024-01-07,43968.32,44480.59,43572.09,43929.02,23023.8508,2042.4000244140625,102.41000366210938,13.350000381469728,0.4666666666666667,75.0
2024-01-08,43929.01,47248.99,43175.0,46951.04,72814.57589,2026.5999755859373,102.20999908447266,13.079999923706056,0.49794238683127573,243.0
2024-01-09,46951.04,47972.0,44748.67,46110.0,69927.66617,2026.4000244140625,102.56999969482422,12.760000228881836,0.368,250.0
2024-01-10,46110.0,47695.93,44300.36,46653.99,89911.41203,2021.699951171875,102.36000061035156,12.6899995803833,0.2824675324675325,308.0
2024-01-11,46654.0,48969.48,45606.06,46339.16,87470.3296,2014.300048828125,102.29000091552734,12.4399995803833,0.5993690851735016,317.0
2024-01-12,46339.16,46515.53,41500.0,42782.73,86327.93707,2046.699951171875,102.4000015258789,12.699999809265137,0.3904761904761905,210.0
2024-01-13,42782.74,43257.0,42436.12,42847.99,36118.47464,2046.699951171875,102.4000015258789,12.699999809265137,0.09375,128.0
2024-01-14,42847.99,43079.0,41720.0,41732.35,28228.40894,2046.699951171875,102.4000015258789,12.699999809265137,0.29473684210526313,95.0
2024-01-15,41732.35,43400.43,41718.05,42511.1,40269.89303,2046.699951171875,102.4000015258789,12.699999809265137,0.26627218934911245,169.0
2024-01-16,42511.1,43578.01,42050.0,43137.95,45045.74589,2026.0,103.36000061035156,13.84000015258789,0.2905405405405405,148.0
2024-01-17,43137.94,43198.0,42200.69,42776.1,33266.21388,2002.5999755859373,103.4499969482422,14.789999961853027,0.36257309941520466,171.0
2024-01-18,42776.09,42930.0,40683.28,41327.5,43907.51641,2018.5999755859373,103.54000091552734,14.130000114440918,0.215,200.0
2024-01-19,41327.51,42196.86,40280.0,41659.03,48342.74559,2026.5,103.29000091552734,13.300000190734863,0.18719211822660098,203.0
2024-01-20,41659.03,41872.56,41456.3,41696.04,15923.99493,2026.5,103.29000091552734,13.300000190734863,0.38636363636363635,88.0
2024-01-21,41696.05,41881.39,41500.98,41580.33,11730.16301,2026.5,103.29000091552734,13.300000190734863,0.4444444444444444,72.0
2024-01-22,41580.32,41689.65,39431.58,39568.02,55426.19911,2019.800048828125,103.33000183105467,13.1899995803833,0.0,178.0
2024-01-23,39568.02,40176.74,38555.0,39897.6,57956.63351,2023.699951171875,103.62000274658205,12.550000190734863,-0.17857142857142858,224.0
2024-01-24,39897.59,40555.0,39484.19,40084.88,39293.82861,2013.9000244140625,103.23999786376952,13.140000343322754,0.13471502590673576,193.0
2024-01-25,40084.89,40300.24,39550.0,39961.09,31022.11853,2016.9000244140625,103.56999969482422,13.449999809265137,0.3136094674556213,169.0
2024-01-26,39961.09,42246.82,39822.52,41823.51,47384.96726,2016.800048828125,103.47000122070312,13.260000228881836,0.2751322751322751,189.0
2024-01-27,41823.51,42200.0,41394.34,42120.63,16224.41667,2016.800048828125,103.47000122070312,13.260000228881836,0.27058823529411763,85.0
2024-01-28,42120.63,42842.68,41620.81,42031.06,27294.99838,2016.800048828125,103.47000122070312,13.260000228881836,0.6973684210526315,76.0
2024-01-29,42031.05,43333.0,41804.88,43302.7,31542.74207,2025.199951171875,103.61000061035156,13.600000381469728,0.483695652173913,184.0
2024-01-30,43302.71,43882.36,42683.99,42941.1,37619.24546,2031.5,103.4000015258789,13.3100004196167,0.5590062111801242,161.0
2024-01-31,42941.1,43745.11,42276.84,42580.0,39871.13688,2048.39990234375,103.2699966430664,14.350000381469728,0.4233576642335766,137.0
2024-02-01,42580.0,43285.13,41884.28,43082.94,35231.04664,2053.0,103.0500030517578,13.880000114440918,0.5,154.0
2024-02-02,43082.95,43488.0,42546.79,43200.0,29672.14418,2036.0999755859373,103.91999816894533,13.850000381469728,0.4931506849315068,146.0
2024-02-03,43199.99,43380.01,42880.0,43011.09,12033.40998,2036.0999755859373,103.91999816894533,13.850000381469728,0.421875,64.0
2024-02-04,43011.1,43119.04,42222.0,42582.88,17066.89404,2036.0999755859373,103.91999816894533,13.850000381469728,0.5555555555555556,63.0
2024-02-05,42582.88,43569.76,42258.1,42708.7,29467.75905,2025.699951171875,104.4499969482422,13.670000076293944,0.5113636363636364,176.0
2024-02-06,42708.7,43399.98,42574.0,43098.95,24675.85433,2034.5,104.18000030517578,13.0600004196167,0.4647887323943662,142.0
2024-02-07,43098.96,44396.5,42788.0,44349.6,34392.59915,2035.199951171875,104.04000091552734,12.829999923706056,0.5137614678899083,109.0
2024-02-08,44349.6,45614.3,44331.1,45288.65,45439.62231,2032.199951171875,104.1500015258789,12.789999961853027,0.6071428571428571,140.0
2024-02-09,45288.66,48200.0,45242.12,47132.77,73503.481,2023.300048828125,104.08000183105467,12.93000030517578,0.6689655172413793,145.0
2024-02-10,47132.78,48170.0,46800.0,47751.09,24802.35936,2023.300048828125,104.08000183105467,12.93000030517578,0.7419354838709677,62.0
2024-02-11,47751.08,48592.66,47557.16,48299.99,29958.80837,2023.300048828125,104.08000183105467,12.93000030517578,0.7258064516129032,62.0
2024-02-12,48300.0,50334.82,47710.01,49917.27,59009.96705,2018.199951171875,104.16999816894533,13.93000030517578,0.6408839779005525,181.0
2024-02-13,49917.28,50368.61,48300.95,49699.59,55551.56706,1992.9000244140625,104.95999908447266,15.850000381469728,0.5742574257425742,202.0
2024-02-14,49699.6,52043.71,49225.01,51795.17,57046.37401,1990.300048828125,104.72000122070312,14.380000114440918,0.7,200.0
2024-02-15,51795.17,52816.62,51314.0,51880.0,53816.03055,2002.0999755859373,104.3000030517578,14.010000228881836,0.5804878048780487,205.0
2024-02-16,51880.01,52572.08,51566.0,52124.11,37772.25318,2011.5,104.27999877929688,14.239999771118164,0.6209150326797386,153.0
2024-02-17,52124.1,52162.82,50625.0,51642.64,25674.00622,2011.5,104.27999877929688,14.239999771118164,0.5454545454545454,88.0
2024-02-18,51642.64,52377.0,51163.28,52137.67,21992.10363,2011.5,104.27999877929688,14.239999771118164,0.5232558139534884,86.0
2024-02-19,52137.68,52488.77,51677.0,51774.73,29534.99432,2011.5,104.27999877929688,14.239999771118164,0.43506493506493504,154.0
2024-02-20,51774.74,52985.0,50760.37,52258.82,49614.47318,2027.5,104.08000183105467,15.420000076293944,0.567741935483871,155.0
2024-02-21,52258.82,52366.8,50625.0,51849.39,43079.40049,2022.300048828125,104.01000213623048,15.34000015258789,0.5280898876404494,178.0
2024-02-22,51849.38,52065.78,50940.78,51288.42,35309.44574,2019.699951171875,103.95999908447266,14.539999961853027,0.34782608695652173,161.0
2024-02-23,51288.42,51548.54,50521.0,50744.15,30545.79544,2038.5999755859373,103.94000244140624,13.75,0.457286432160804,199.0
2024-02-24,50744.15,51698.0,50585.0,51568.22,16560.4211,2038.5999755859373,103.94000244140624,13.75,0.6057692307692307,104.0
2024-02-25,51568.21,51958.55,51279.8,51728.85,18721.63159,2038.5999755859373,103.94000244140624,13.75,0.359375,64.0
2024-02-26,51728.85,54910.0,50901.44,54476.47,51256.72199,2028.5,103.83000183105467,13.739999771118164,0.42105263157894735,190.0
2024-02-27,54476.48,57588.15,54450.13,57037.34,67194.98562,2034.0,103.83000183105467,13.43000030517578,0.7738095238095238,252.0
2024-02-28,57037.35,64000.0,56691.85,62432.1,118763.46984,2033.0,103.9800033569336,13.84000015258789,0.69921875,256.0
2024-02-29,62432.11,63676.35,60364.7,61130.98,78425.07603,2045.699951171875,104.16000366210938,13.399999618530272,0.6371308016877637,237.0
2024-03-01,61130.99,63114.23,60777.0,62387.9,47737.93473,2086.89990234375,103.86000061035156,13.109999656677246,0.49321266968325794,221.0
2024-03-02,62387.9,62433.19,61561.12,61987.28,25534.73659,2086.89990234375,103.86000061035156,13.109999656677246,0.5700934579439252,107.0
2024-03-03,61987.28,63231.88,61320.0,63113.97,28994.90903,2086.89990234375,103.86000061035156,13.109999656677246,0.5952380952380952,84.0
2024-03-04,63113.97,68499.0,62300.0,68245.71,84835.16005,2117.699951171875,103.83000183105467,13.489999771118164,0.7792792792792793,222.0
2024-03-05,68245.71,69000.0,59005.0,63724.01,132696.7813,2133.5,103.8000030517578,14.460000038146973,0.5289256198347108,242.0
2024-03-06,63724.01,67641.1,62779.14,66074.04,78738.85491,2150.300048828125,103.37000274658205,14.5,0.4166666666666667,216.0
2024-03-07,66074.04,67980.0,65551.0,66823.17,53059.8869,2158.0,102.81999969482422,14.4399995803833,0.580110497237569,181.0
2024-03-08,66823.18,69990.0,66082.66,68124.19,74261.932842,2178.60009765625,102.73999786376952,14.739999771118164,0.7420814479638009,221.0
2024-03-09,68124.2,68541.1,67861.1,68313.27,19872.89743,2178.60009765625,102.73999786376952,14.739999771118164,0.6,115.0
2024-03-10,68313.28,69887.61,68094.75,68955.88,38404.66835,2178.60009765625,102.73999786376952,14.739999771118164,0.7425742574257426,101.0
2024-03-11,68955.88,72800.0,67024.96,72078.1,75292.825726,2182.5,102.87000274658205,15.220000267028809,0.76953125,256.0
2024-03-12,72078.1,73000.0,68620.82,71452.01,68783.546691,2160.39990234375,102.95999908447266,13.84000015258789,0.5912408759124088,274.0
2024-03-13,71452.0,73650.25,71333.31,73072.41,52659.711647,2175.39990234375,102.79000091552734,13.75,0.5779467680608364,263.0
2024-03-14,73072.4,73777.0,68555.0,71388.94,71757.628746,2163.0,103.36000061035156,14.399999618530272,0.47738693467336685,199.0
2024-03-15,71388.94,72419.71,65600.0,69499.85,103334.03546,2157.300048828125,103.43000030517578,14.40999984741211,0.24347826086956523,230.0
2024-03-16,69499.84,70043.0,64780.0,65300.63,55926.95336,2157.300048828125,103.43000030517578,14.40999984741211,0.45454545454545453,110.0
2024-03-17,65300.64,68904.4,64533.0,68393.48,49742.21589,2157.300048828125,103.43000030517578,14.40999984741211,0.10989010989010989,91.0
2024-03-18,68393.47,68956.0,66565.2,67609.99,55691.08088,2160.699951171875,103.58000183105467,14.329999923706056,0.34104046242774566,173.0
2024-03-19,67610.0,68124.11,61555.0,61937.4,101005.32487,2156.300048828125,103.80999755859376,13.81999969482422,0.09012875536480687,233.0
2024-03-20,61937.41,68100.0,60775.0,67840.51,90420.58592,2157.89990234375,103.41000366210938,13.039999961853027,0.09743589743589744,195.0
2024-03-21,67840.51,68240.47,64529.01,65501.27,53357.48002,2182.39990234375,104.0,12.920000076293944,0.39880952380952384,168.0
2024-03-22,65501.28,66649.62,62260.0,63796.64,51482.37821,2158.10009765625,104.43000030517578,13.0600004196167,0.30113636363636365,176.0
2024-03-23,63796.64,65999.0,63000.0,63990.01,26410.11409,2158.10009765625,104.43000030517578,13.0600004196167,0.3020833333333333,96.0
2024-03-24,63990.02,67628.69,63772.29,67209.99,31395.78015,2158.10009765625,104.43000030517578,13.0600004196167,0.4266666666666667,75.0
2024-03-25,67210.0,71150.0,66385.06,69880.01,53431.14486,2174.800048828125,104.2300033569336,13.1899995803833,0.6333333333333333,180.0
2024-03-26,69880.0,71561.1,69280.0,69988.0,38934.38417,2175.60009765625,104.29000091552734,13.239999771118164,0.5893719806763285,207.0
2024-03-27,69987.99,71769.54,68359.18,69469.99,49119.35685,2190.60009765625,104.3499984741211,12.779999732971191,0.5652173913043478,184.0
2024-03-28,69469.99,71552.06,68903.62,70780.6,35439.03239,2217.39990234375,104.5500030517578,13.010000228881836,0.6011904761904762,168.0
2024-03-29,70780.6,70916.16,69009.0,69850.54,25445.08353,2217.39990234375,104.5500030517578,13.010000228881836,0.5792682926829268,164.0
2024-03-30,69850.53,70321.1,69540.0,69582.18,13644.61142,2217.39990234375,104.5500030517578,13.010000228881836,0.6637168141592921,113.0
2024-03-31,69582.17,71366.0,69562.99,71280.01,19396.34433,2217.39990234375,104.5500030517578,13.010000228881836,0.5795454545454546,88.0
2024-04-01,71280.0,71288.23,68062.86,69649.8,41445.32039,2236.5,105.0199966430664,13.649999618530272,0.39864864864864863,148.0
2024-04-02,69649.81,69674.23,64550.0,65463.99,71799.82793,2261.0,104.81999969482422,14.609999656677246,0.1076923076923077,195.0
2024-04-03,65463.99,66903.63,64493.07,65963.28,39887.21778,2294.39990234375,104.25,14.329999923706056,0.29064039408866993,203.0
2024-04-04,65963.27,69309.91,65064.52,68487.79,41510.48453,2288.800048828125,104.12000274658205,16.350000381469727,0.4010416666666667,192.0
2024-04-05,68487.8,68756.67,65952.56,67820.62,37915.23073,2325.699951171875,104.3000030517578,16.030000686645508,0.4221105527638191,199.0
2024-04-06,67820.63,69692.0,67447.83,68896.0,20134.28919,2325.699951171875,104.3000030517578,16.030000686645508,0.5288461538461539,104.0
2024-04-07,68896.0,70326.29,68824.0,69360.39,21534.74433,2325.699951171875,104.3000030517578,16.030000686645508,0.6413043478260869,92.0
2024-04-08,69360.38,72797.99,69043.24,71620.0,45723.87624,2331.699951171875,104.13999938964844,15.1899995803833,0.6142131979695431,197.0
2024-04-09,71620.0,71758.19,68210.0,69146.0,39293.90242,2343.5,104.1500015258789,14.979999542236328,0.4186046511627907,215.0
2024-04-10,69146.0,71172.08,67518.0,70631.08,42006.02377,2329.60009765625,105.25,15.800000190734863,0.34285714285714286,175.0
2024-04-11,70631.08,71305.89,69567.21,70006.23,31917.25595,2354.800048828125,105.27999877929688,14.90999984741211,0.5272727272727272,165.0
2024-04-12,70006.22,71227.46,65086.86,67116.52,56072.86229,2356.199951171875,106.04000091552734,17.309999465942383,0.44654088050314467,159.0
2024-04-13,67116.52,67929.0,60660.57,63924.51,71395.22019,2356.199951171875,106.04000091552734,17.309999465942383,0.11538461538461539,104.0
2024-04-14,63924.52,65840.0,62134.0,65661.84,61599.17818,2356.199951171875,106.04000091552734,17.309999465942383,0.04597701149425287,87.0
2024-04-15,65661.85,66867.07,62274.4,63419.99,52389.53069,2365.800048828125,106.20999908447266,19.229999542236328,0.32524271844660196,206.0
2024-04-16,63419.99,64365.0,61600.0,63793.39,53435.29331,2390.800048828125,106.26000213623048,18.399999618530277,0.24390243902439024,205.0
2024-04-17,63793.4,64499.0,59678.16,61277.37,50610.54509,2371.699951171875,105.9499969482422,18.209999084472656,0.18660287081339713,209.0
2024-04-18,61277.38,64117.09,60803.35,63470.08,43601.60918,2382.300048828125,106.1500015258789,18.0,0.20179372197309417,223.0
2024-04-19,63470.09,65450.0,59600.01,63818.01,69774.30271,2398.39990234375,106.1500015258789,18.709999084472656,0.3894230769230769,208.0
2024-04-20,63818.01,65419.0,63090.07,64940.59,23137.42975,2398.39990234375,106.1500015258789,18.709999084472656,0.43703703703703706,135.0
2024-04-21,64940.58,65695.56,64237.5,64941.15,19316.42152,2398.39990234375,106.1500015258789,18.709999084472656,0.5480769230769231,104.0
2024-04-22,64941.15,67232.35,64500.0,66819.32,31397.99371,2332.199951171875,106.08000183105467,16.940000534057617,0.5803108808290155,193.0
2024-04-23,66819.32,67183.01,65765.81,66414.0,22599.90004,2327.699951171875,105.69000244140624,15.6899995803833,0.5728643216080402,199.0
2024-04-24,66414.0,67070.43,63606.06,64289.59,33595.69637,2324.5,105.86000061035156,15.970000267028809,0.5268817204301075,186.0
2024-04-25,64289.58,65297.94,62794.0,64498.34,31341.46338,2329.800048828125,105.5999984741211,15.369999885559082,0.2629310344827586,232.0
2024-04-26,64498.33,64820.01,63297.48,63770.01,27085.19346,2334.800048828125,105.94000244140624,15.029999732971191,0.2215909090909091,176.0
2024-04-27,63770.0,63923.41,62391.24,63461.98,20933.06052,2334.800048828125,105.94000244140624,15.029999732971191,0.08181818181818182,110.0
2024-04-28,63461.98,64370.0,62781.0,63118.62,16949.20005,2334.800048828125,105.94000244140624,15.029999732971191,0.1686746987951807,83.0
2024-04-29,63118.62,64228.35,61765.53,63866.0,28150.22947,2345.39990234375,105.58000183105467,14.670000076293944,0.2562814070351759,199.0
2024-04-30,63866.0,64734.0,59191.6,60672.0,54947.65535,2291.39990234375,106.22000122070312,15.649999618530272,0.053497942386831275,243.0
2024-05-01,60672.01,60841.63,56552.82,58364.97,81166.46823,2299.89990234375,105.76000213623048,15.390000343322754,-0.1111111111111111,198.0
2024-05-02,58364.97,59625.0,56911.84,59060.61,47583.81961,2299.199951171875,105.3000030517578,14.68000030517578,0.09310344827586207,290.0
2024-05-03,59060.6,63333.0,58811.32,62882.01,43628.40143,2299.0,105.02999877929688,13.489999771118164,0.34121621621621623,296.0
2024-05-04,62882.01,64540.0,62541.03,63892.04,24368.69282,2299.0,105.02999877929688,13.489999771118164,0.5071428571428571,140.0
2024-05-05,63892.03,64646.0,62822.17,64012.0,18526.75029,2299.0,105.02999877929688,13.489999771118164,0.4392857142857143,280.0
2024-05-06,64012.0,65500.0,62700.0,63165.19,34674.91949,2321.60009765625,105.0500030517578,13.489999771118164,0.46883468834688347,369.0
2024-05-07,63165.18,64422.41,62261.0,62312.08,25598.79472,2315.199951171875,105.41000366210938,13.229999542236328,0.36904761904761907,168.0
2024-05-08,62312.07,63020.22,60888.0,61193.03,26121.19004,2313.60009765625,105.5500030517578,13.0,0.46616541353383456,133.0
2024-05-09,61193.03,63429.03,60630.0,63074.01,30660.8061,2332.10009765625,105.2300033569336,12.6899995803833,0.2654320987654321,162.0
2024-05-10,63074.0,63469.13,60187.12,60799.99,36529.34025,2367.300048828125,105.30999755859376,12.550000190734863,0.3448275862068966,174.0
2024-05-11,60799.99,61515.0,60487.09,60825.99,13374.56936,2367.300048828125,105.30999755859376,12.550000190734863,0.47435897435897434,78.0
2024-05-12,60825.99,61888.0,60610.0,61483.99,12753.13236,2367.300048828125,105.30999755859376,12.550000190734863,0.14666666666666667,75.0
2024-05-13,61484.0,63450.0,60749.21,62940.08,32733.41839,2336.10009765625,105.22000122070312,13.600000381469728,0.42780748663101603,187.0
2024-05-14,62940.09,63118.36,61142.77,61577.49,29088.72041,2353.39990234375,105.01000213623048,13.420000076293944,0.3089005235602094,191.0
2024-05-15,61577.49,66444.16,61319.47,66206.5,43559.74719,2388.699951171875,104.3499984741211,12.449999809265137,0.6127450980392157,204.0
2024-05-16,66206.51,66752.01,64602.77,65235.21,31106.3671,2380.0,104.45999908447266,12.420000076293944,0.5477386934673367,199.0
2024-05-17,65235.21,67451.2,65106.38,67024.0,26292.23409,2412.199951171875,104.4499969482422,11.989999771118164,0.5857988165680473,169.0
2024-05-18,67024.0,67400.01,66600.0,66915.2,14441.25774,2412.199951171875,104.4499969482422,11.989999771118164,0.5764705882352941,85.0
2024-05-19,66915.2,67700.0,65857.25,66274.01,18025.30409,2412.199951171875,104.4499969482422,11.989999771118164,0.5111111111111111,90.0
2024-05-20,66274.0,71515.56,66060.31,71446.62,50816.7011,2433.89990234375,104.56999969482422,12.149999618530272,0.435,200.0
2024-05-21,71446.62,71979.0,69162.94,70148.34,49607.4336,2421.699951171875,104.66000366210938,11.859999656677246,0.6623376623376623,154.0
2024-05-22,70148.34,70666.0,68842.19,69166.62,27673.18026,2389.199951171875,104.94000244140624,12.289999961853027,0.6,195.0
2024-05-23,69166.62,70096.12,66312.16,67969.65,40513.17374,2335.0,105.11000061035156,12.770000457763672,0.4602272727272727,176.0
2024-05-24,67969.66,69250.0,66600.12,68549.99,28095.83664,2332.5,104.72000122070312,11.93000030517578,0.3660130718954248,153.0
2024-05-25,68549.99,69610.0,68500.0,69290.57,12130.39418,2332.5,104.72000122070312,11.93000030517578,0.3939393939393939,99.0
2024-05-26,69290.56,69562.23,68128.01,68507.67,11872.11797,2332.5,104.72000122070312,11.93000030517578,0.5714285714285714,84.0
2024-05-27,68507.67,70687.56,68250.0,69436.43,23136.92737,2332.5,104.72000122070312,11.93000030517578,0.688,125.0
2024-05-28,69436.43,69591.81,67277.91,68398.39,32622.97042,2355.199951171875,104.61000061035156,12.920000076293944,0.390625,192.0
2024-05-29,68398.4,68935.68,67124.65,67652.42,23159.83149,2340.300048828125,105.0999984741211,14.279999732971191,0.6735751295336787,193.0
2024-05-30,67652.41,69500.0,67128.0,68352.17,28478.2184,2342.89990234375,104.72000122070312,14.470000267028809,0.42483660130718953,153.0
2024-05-31,68352.17,69044.1,66670.0,67540.01,26690.32184,2322.89990234375,104.66999816894533,12.920000076293944,0.3277777777777778,180.0
2024-06-01,67540.01,67900.0,67428.44,67766.85,8837.66133,2322.89990234375,104.66999816894533,12.920000076293944,0.010101010101010102,99.0
2024-06-02,67766.84,68460.0,67257.47,67765.63,15426.32529,2322.89990234375,104.66999816894533,12.920000076293944,0.546875,64.0
2024-06-03,67765.62,70288.0,67612.48,68809.9,29633.374,2346.60009765625,104.13999938964844,13.109999656677246,0.535031847133758,157.0
2024-06-04,68809.89,71063.45,68567.32,70537.84,29619.78489,2325.5,104.11000061035156,13.15999984741211,0.6451612903225806,186.0
2024-06-05,70537.83,71758.0,70383.66,71108.0,28703.18082,2354.10009765625,104.2699966430664,12.630000114440918,0.5833333333333334,192.0
2024-06-06,71108.0,71700.0,70117.64,70799.06,21842.00449,2370.300048828125,104.0999984741211,12.579999923706056,0.5229885057471264,174.0
2024-06-07,70799.06,71997.02,68420.0,69355.6,35598.45045,2305.199951171875,104.88999938964844,12.220000267028809,0.45357142857142857,280.0
2024-06-08,69355.6,69582.2,69168.02,69310.46,9773.82967,2305.199951171875,104.88999938964844,12.220000267028809,0.12574850299401197,167.0
2024-06-09,69310.46,69857.14,69130.24,69648.14,9890.56709,2305.199951171875,104.88999938964844,12.220000267028809,0.49514563106796117,103.0
2024-06-10,69648.15,70195.94,69172.29,69540.0,17122.66941,2307.699951171875,105.1500015258789,12.739999771118164,0.508130081300813,246.0
2024-06-11,69540.0,69590.01,66051.0,67314.24,41436.01588,2307.5,105.2300033569336,12.850000381469728,0.127208480565371,283.0
2024-06-12,67314.23,69999.0,66905.0,68263.99,37175.32356,2336.0,104.6500015258789,12.039999961853027,0.2808022922636103,349.0
2024-06-13,68263.98,68449.3,66251.78,66773.01,29079.55571,2300.199951171875,105.1999969482422,11.9399995803833,0.3159722222222222,288.0
2024-06-14,66773.01,67370.24,65078.0,66043.99,28408.18797,2331.39990234375,105.5500030517578,12.65999984741211,0.26765799256505574,269.0
2024-06-15,66043.99,66478.48,65857.1,66228.25,11451.80242,2331.39990234375,105.5500030517578,12.65999984741211,0.34285714285714286,175.0
2024-06-16,66228.25,66998.7,66034.5,66676.87,9392.52223,2331.39990234375,105.5500030517578,12.65999984741211,0.453781512605042,119.0
2024-06-17,66676.86,67298.81,65130.0,66504.33,27386.16851,2312.39990234375,105.31999969482422,12.75,0.3014354066985646,209.0
2024-06-18,66504.33,66588.23,64060.0,65175.32,42350.10244,2330.39990234375,105.26000213623048,12.300000190734863,-0.030534351145038167,262.0
2024-06-19,65175.32,65727.54,64666.0,64974.37,20060.79576,2330.39990234375,105.26000213623048,12.300000190734863,0.22666666666666666,225.0
2024-06-20,64974.37,66482.94,64559.15,64869.99,24265.29031,2353.800048828125,105.58999633789062,13.279999732971191,0.3508771929824561,285.0
2024-06-21,64869.99,65066.66,63379.35,64143.56,25993.56442,2316.39990234375,105.8000030517578,13.199999809265137,0.15734265734265734,286.0
2024-06-22,64143.56,64546.81,63943.82,64262.01,7308.95542,2316.39990234375,105.8000030517578,13.199999809265137,0.12727272727272726,165.0
2024-06-23,64262.01,64521.0,63178.32,63210.01,8224.45447,2316.39990234375,105.8000030517578,13.199999809265137,0.10869565217391304,138.0
2024-06-24,63210.01,63369.8,58402.0,60293.3,52161.35414,2330.0,105.47000122070312,13.329999923706056,-0.12979351032448377,339.0
2024-06-25,60293.3,62420.0,60257.06,61806.01,31189.24361,2316.60009765625,105.61000061035156,12.84000015258789,0.12432432432432433,370.0
2024-06-26,61806.01,62487.81,60712.0,60864.99,22485.66463,2299.199951171875,106.0500030517578,12.550000190734863,0.3665594855305466,311.0
2024-06-27,60864.98,62389.22,60606.63,61706.47,18344.28631,2324.5,105.91000366210938,12.239999771118164,0.33881578947368424,304.0
2024-06-28,61706.46,62225.31,60063.0,60427.84,24821.19255,2327.699951171875,105.87000274658205,12.4399995803833,0.2542955326460481,291.0
2024-06-29,60427.84,61224.0,60383.77,60986.68,11509.55904,2327.699951171875,105.87000274658205,12.4399995803833,0.18435754189944134,179.0
2024-06-30,60986.68,63058.76,60712.21,62772.01,17326.30136,2327.699951171875,105.87000274658205,12.4399995803833,0.112,125.0
2024-07-01,62772.01,63861.76,62497.2,62899.99,24547.10538,2327.60009765625,105.9000015258789,12.220000267028809,0.4879032258064516,248.0
2024-07-02,62900.0,63288.83,61806.28,62135.47,18573.11875,2323.0,105.72000122070312,12.029999732971191,0.45993031358885017,287.0
2024-07-03,62135.46,62285.94,59400.0,60208.58,32160.11127,2359.800048828125,105.4000015258789,12.09000015258789,0.13190184049079753,326.0
2024-07-04,60208.57,60498.19,56771.0,57050.01,54568.77276,2359.800048828125,105.4000015258789,12.09000015258789,-0.14285714285714285,308.0
2024-07-05,57050.02,57546.0,53485.93,56628.79,81348.24756,2388.5,104.87999725341795,12.479999542236328,-0.38902743142144636,401.0
2024-07-06,56628.79,58475.0,56018.0,58230.13,21651.31558,2388.5,104.87999725341795,12.479999542236328,0.10285714285714286,175.0
2024-07-07,58230.13,58449.46,55724.37,55857.81,19118.93918,2388.5,104.87999725341795,12.479999542236328,0.23703703703703705,135.0
2024-07-08,55857.81,58236.73,54260.16,56714.62,48090.2049,2355.199951171875,105.01000213623048,12.369999885559082,0.15772870662460567,317.0
2024-07-09,56714.61,58296.0,56289.45,58050.0,27732.20788,2360.10009765625,105.12000274658205,12.510000228881836,0.3824451410658307,319.0
2024-07-10,58050.0,59470.0,57157.79,57725.85,24951.73799,2372.199951171875,105.0500030517578,12.850000381469728,0.43597560975609756,328.0
2024-07-11,57725.85,59650.0,57050.0,57339.89,29761.05735,2415.0,104.44000244140624,12.920000076293944,0.35446685878962536,347.0
2024-07-12,57339.89,58526.68,56542.47,57889.1,23652.4569,2414.0,104.08999633789062,12.460000038146973,0.16722408026755853,299.0
2024-07-13,57889.09,59850.0,57756.63,59204.02,15357.74519,2414.0,104.08999633789062,12.460000038146973,0.4378698224852071,169.0
2024-07-14,59204.01,61420.69,59194.01,60797.91,21178.33907,2414.0,104.08999633789062,12.460000038146973,0.4726027397260274,146.0
2024-07-15,60797.91,64900.0,60632.3,64724.14,38690.9782,2422.89990234375,104.19000244140624,13.119999885559082,0.6807817589576547,307.0
2024-07-16,64724.06,65388.97,62373.24,65043.99,42530.52915,2462.39990234375,104.2699966430664,13.1899995803833,0.5618279569892473,372.0
2024-07-17,65044.0,66128.63,63854.0,64087.99,29567.52954,2454.800048828125,103.75,14.479999542236328,0.6219839142091153,373.0
2024-07-18,64087.99,65133.3,63238.48,63987.92,22568.7225,2451.800048828125,104.16999816894533,15.93000030517578,0.43630573248407645,314.0
2024-07-19,63987.92,67386.0,63300.67,66660.0,35634.72739,2395.5,104.4000015258789,16.520000457763672,0.5175097276264592,257.0
2024-07-20,66660.01,67598.0,66222.46,67139.96,14386.92434,2395.5,104.4000015258789,16.520000457763672,0.7317073170731707,123.0
2024-07-21,67139.97,68366.66,65777.0,68165.34,21819.11191,2395.5,104.4000015258789,16.520000457763672,0.6595744680851063,141.0
2024-07-22,68165.35,68474.55,66559.97,67532.01,21451.04303,2392.0,104.30999755859376,14.90999984741211,0.6559766763848397,343.0
2024-07-23,67532.0,67750.98,65441.08,65936.01,31406.15316,2404.60009765625,104.4499969482422,14.720000267028809,0.4043321299638989,277.0
2024-07-24,65936.0,67102.01,65111.0,65376.0,23082.56277,2413.300048828125,104.38999938964844,18.040000915527344,0.40771349862258954,363.0
2024-07-25,65376.01,66175.49,63456.7,65799.95,35126.42934,2351.89990234375,104.36000061035156,18.459999084472656,0.39933993399339934,303.0
2024-07-26,65799.95,68200.0,65722.63,67907.99,24244.36023,2380.0,104.31999969482422,16.389999389648438,0.56656346749226,323.0
2024-07-27,67908.0,69399.99,66650.0,67896.5,31710.21921,2380.0,104.31999969482422,16.389999389648438,0.5943775100401606,249.0
2024-07-28,67896.49,68318.43,67066.66,68249.88,10868.69394,2380.0,104.31999969482422,16.389999389648438,0.6227544910179641,167.0
2024-07-29,68249.88,70079.99,66428.0,66784.69,36467.29633,2377.300048828125,104.55999755859376,16.600000381469727,0.5349462365591398,372.0
2024-07-30,66784.68,67000.0,65302.67,66188.0,23132.25441,2405.0,104.5500030517578,17.690000534057617,0.22658610271903323,331.0
2024-07-31,66188.0,66849.24,64530.0,64628.0,22625.43905,2426.5,104.0999984741211,16.360000610351562,0.3602693602693603,297.0
2024-08-01,64628.01,65659.78,62302.0,65354.02,35542.26854,2435.0,104.41999816894533,18.59000015258789,0.15654952076677317,313.0
2024-08-02,65354.02,65596.14,61230.01,61498.33,38820.42937,2425.699951171875,103.20999908447266,23.38999938964844,0.2908496732026144,306.0
2024-08-03,61498.34,62198.22,59850.0,60697.99,28034.71567,2425.699951171875,103.20999908447266,23.38999938964844,0.016853932584269662,178.0
2024-08-04,60697.99,61117.63,57122.77,58161.0,31616.52003,2425.699951171875,103.20999908447266,23.38999938964844,-0.06722689075630252,119.0
2024-08-05,58161.0,58305.59,49000.0,54018.81,162065.59186,2401.699951171875,102.69000244140624,38.56999969482422,-0.43086816720257237,311.0
2024-08-06,54018.82,57040.99,53950.0,56022.01,55884.77676,2389.10009765625,102.97000122070312,27.709999084472656,0.14868804664723032,343.0
2024-08-07,56022.0,57736.05,54558.62,55134.16,44269.37684,2390.5,103.1999969482422,27.850000381469727,0.3233333333333333,300.0
2024-08-08,55133.76,62745.14,54730.0,61685.99,48349.52949,2422.199951171875,103.20999908447266,23.790000915527344,0.34024896265560167,241.0
2024-08-09,61686.0,61744.37,59535.0,60837.99,30972.48017,2432.10009765625,103.13999938964844,20.3700008392334,0.5185185185185185,243.0
2024-08-10,60837.99,61470.58,60242.0,60923.51,9995.20621,2432.10009765625,103.13999938964844,20.3700008392334,0.22377622377622378,143.0
2024-08-11,60923.51,61858.0,58286.73,58712.59,19189.84512,2432.10009765625,103.13999938964844,20.3700008392334,0.1590909090909091,132.0
2024-08-12,58712.59,60711.09,57642.21,59346.64,37009.91743,2462.39990234375,103.13999938964844,20.709999084472656,0.07727272727272727,220.0
2024-08-13,59346.64,61578.1,58392.88,60587.15,27858.95851,2466.699951171875,102.55999755859376,18.1200008392334,0.32142857142857145,280.0
2024-08-14,60587.16,61800.0,58433.18,58683.39,28422.76326,2439.39990234375,102.56999969482422,16.190000534057617,0.3485342019543974,307.0
2024-08-15,58683.39,59849.38,56078.54,57541.06,37686.17622,2453.10009765625,102.9800033569336,15.229999542236328,0.12087912087912088,273.0
2024-08-16,57541.05,59817.76,57098.62,58874.6,27610.84344,2498.60009765625,102.45999908447266,14.800000190734863,0.19601328903654486,301.0
2024-08-17,58874.59,59700.0,58785.05,59491.99,7721.72931,2498.60009765625,102.45999908447266,14.800000190734863,0.2802197802197802,182.0
2024-08-18,59491.99,60284.99,58408.92,58427.35,13634.85717,2498.60009765625,102.45999908447266,14.800000190734863,0.2764227642276423,123.0
2024-08-19,58427.35,59617.63,57787.3,59438.5,22809.31251,2501.800048828125,101.88999938964844,14.649999618530272,0.16532258064516128,248.0
2024-08-20,59438.5,61400.0,58548.23,59013.8,31477.44548,2511.300048828125,101.44000244140624,15.880000114440918,0.4425531914893617,235.0
2024-08-21,59013.8,61820.93,58783.47,61156.03,27983.6422,2508.39990234375,101.04000091552734,16.270000457763672,0.3201581027667984,253.0
2024-08-22,61156.03,61400.0,59724.87,60375.84,21241.20588,2478.89990234375,101.51000213623048,17.549999237060547,0.3886255924170616,211.0
2024-08-23,60375.83,64955.0,60342.14,64037.24,38118.07089,2508.39990234375,100.72000122070312,15.859999656677246,0.39330543933054396,239.0
2024-08-24,64037.24,64494.5,63531.0,64157.01,15857.15616,2508.39990234375,100.72000122070312,15.859999656677246,0.584070796460177,113.0
2024-08-25,64157.02,65000.0,63773.27,64220.0,12305.47977,2508.39990234375,100.72000122070312,15.859999656677246,0.38823529411764707,85.0
2024-08-26,64219.99,64481.0,62800.0,62834.0,19470.05276,2517.699951171875,100.8499984741211,16.149999618530273,0.4117647058823529,187.0
2024-08-27,62834.0,63212.0,58034.01,59415.0,35135.94178,2516.0,100.5500030517578,15.43000030517578,0.24691358024691357,243.0
2024-08-28,59415.0,60234.98,57860.0,59034.9,36868.54275,2501.0,101.08999633789062,17.110000610351562,0.02727272727272727,220.0
2024-08-29,59034.9,61166.99,58713.09,59359.01,27020.90743,2525.699951171875,101.33999633789062,15.649999618530272,0.1932367149758454,207.0
2024-08-30,59359.0,59944.07,57701.1,59123.99,28519.32195,2493.800048828125,101.6999969482422,15.0,-0.015228426395939087,197.0
2024-08-31,59123.99,59462.38,58744.0,58973.99,8798.409,2493.800048828125,101.6999969482422,15.0,-0.036036036036036036,111.0
2024-09-01,58974.0,59076.59,57201.0,57301.86,20705.15741,2493.800048828125,101.6999969482422,15.0,-0.11475409836065574,61.0
2024-09-02,57301.77,59425.69,57128.0,59132.13,22895.01461,2493.800048828125,101.6999969482422,15.0,-0.08866995073891626,203.0
2024-09-03,59132.12,59809.65,57415.0,57487.73,22828.18447,2489.89990234375,101.83000183105467,20.71999931335449,0.08264462809917356,242.0
2024-09-04,57487.74,58519.0,55606.0,57970.9,35560.82146,2493.39990234375,101.36000061035156,21.31999969482422,-0.13666666666666666,300.0
2024-09-05,57970.9,58327.07,55643.65,56180.0,27806.91413,2511.39990234375,101.11000061035156,19.899999618530277,-0.017316017316017316,231.0
2024-09-06,56180.0,57008.0,52550.0,53962.97,54447.76826,2493.5,101.18000030517578,22.3799991607666,-0.2838983050847458,236.0
2024-09-07,53962.97,54850.0,53745.54,54160.86,16694.04774,2493.5,101.18000030517578,22.3799991607666,-0.19444444444444445,108.0
2024-09-08,54160.86,55318.0,53629.01,54869.95,16274.14779,2493.5,101.18000030517578,22.3799991607666,0.3013698630136986,73.0
2024-09-09,54869.95,58088.0,54591.96,57042.0,32384.51737,2501.800048828125,101.5500030517578,19.450000762939453,0.3073394495412844,218.0
2024-09-10,57042.01,58044.36,56386.4,57635.99,23626.78126,2512.300048828125,101.62999725341795,19.07999992370605,0.4024390243902439,246.0
2024-09-11,57635.99,57981.71,55545.19,57338.0,33026.56757,2512.10009765625,101.68000030517578,17.690000534057617,0.13877551020408163,245.0
2024-09-12,57338.0,58588.0,57324.0,58132.32,31074.40631,2551.199951171875,101.37000274658205,17.06999969482422,0.3843283582089552,268.0
2024-09-13,58132.31,60625.0,57632.62,60498.0,29825.23333,2581.300048828125,101.11000061035156,16.559999465942383,0.3167420814479638,221.0
2024-09-14,60497.99,60610.45,59400.0,59993.03,12137.90901,2581.300048828125,101.11000061035156,16.559999465942383,0.43434343434343436,99.0
2024-09-15,59993.02,60395.8,58691.05,59132.0,13757.92361,2581.300048828125,101.11000061035156,16.559999465942383,0.3333333333333333,108.0
2024-09-16,59132.0,59210.7,57493.3,58213.99,26477.5642,2580.39990234375,100.76000213623048,17.139999389648438,0.09375,224.0
2024-09-17,58213.99,61320.0,57610.01,60313.99,33116.25878,2564.300048828125,100.88999938964844,17.610000610351562,0.42105263157894735,209.0
2024-09-18,60313.99,61786.24,59174.8,61759.99,36087.02469,2570.699951171875,100.5999984741211,18.229999542236328,0.41767068273092367,249.0
2024-09-19,61759.98,63850.0,61555.0,62947.99,34332.52608,2588.0,100.61000061035156,16.329999923706055,0.5181818181818182,220.0
2024-09-20,62948.0,64133.32,62350.0,63201.05,25466.37794,2619.89990234375,100.72000122070312,16.149999618530273,0.5418502202643172,227.0
2024-09-21,63201.05,63559.9,62758.0,63348.96,8375.34608,2619.89990234375,100.72000122070312,16.149999618530273,0.5742574257425742,101.0
2024-09-22,63348.97,64000.0,62357.93,63578.76,14242.19892,2619.89990234375,100.72000122070312,16.149999618530273,0.46875,64.0
2024-09-23,63578.76,64745.88,62538.75,63339.99,24078.05287,2626.5,100.91999816894533,15.890000343322754,0.5942028985507246,207.0
2024-09-24,63339.99,64688.0,62700.0,64262.7,23185.04759,2651.199951171875,100.37000274658205,15.390000343322754,0.4756756756756757,185.0
2024-09-25,64262.7,64817.99,62947.08,63152.01,17813.11168,2659.199951171875,100.91999816894533,15.40999984741211,0.5263157894736842,209.0
2024-09-26,63152.01,65839.0,62670.0,65173.99,28373.30593,2669.89990234375,100.55999755859376,15.369999885559082,0.4887640449438202,178.0
2024-09-27,65173.99,66498.0,64819.9,65769.95,22048.80487,2644.300048828125,100.41999816894533,16.959999084472656,0.5622119815668203,217.0
2024-09-28,65769.95,66260.0,65422.23,65858.0,9127.23316,2644.300048828125,100.41999816894533,16.959999084472656,0.7448979591836735,98.0
2024-09-29,65858.0,66076.12,65432.0,65602.01,8337.74111,2644.300048828125,100.41999816894533,16.959999084472656,0.4675324675324675,77.0
2024-09-30,65602.01,65618.8,62856.3,63327.59,30011.08752,2636.10009765625,100.77999877929688,16.729999542236328,0.3394495412844037,218.0
2024-10-01,63327.6,64130.63,60164.0,60805.78,43671.48108,2667.300048828125,101.19000244140624,19.26000022888184,0.3392857142857143,224.0
2024-10-02,60804.92,62390.31,60000.0,60649.28,31534.70118,2647.10009765625,101.68000030517578,18.899999618530277,-0.04477611940298507,201.0
2024-10-03,60649.27,61477.19,59828.11,60752.71,26221.43472,2657.10009765625,101.98999786376952,20.489999771118164,0.21311475409836064,183.0
2024-10-04,60752.72,62484.85,60459.9,62086.0,21294.65994,2645.800048828125,102.5199966430664,19.209999084472656,0.1712962962962963,216.0
2024-10-05,62086.0,62370.56,61689.26,62058.0,7807.46141,2645.800048828125,102.5199966430664,19.209999084472656,0.25925925925925924,81.0
2024-10-06,62058.01,62975.0,61798.97,62819.91,8906.86177,2645.800048828125,102.5199966430664,19.209999084472656,0.1044776119402985,67.0
2024-10-07,62819.91,64478.19,62128.0,62224.0,25966.1852,2644.800048828125,102.54000091552734,22.63999938964844,0.5129310344827587,232.0
2024-10-08,62224.01,63200.0,61860.31,62160.49,19702.22371,2615.0,102.5500030517578,21.420000076293945,0.2629310344827586,232.0
2024-10-09,62160.5,62543.75,60301.0,60636.02,20011.15684,2606.0,102.93000030517578,20.86000061035156,0.20522388059701493,268.0
2024-10-10,60636.01,61321.68,58946.0,60326.39,23967.92481,2620.60009765625,102.98999786376952,20.93000030517578,0.027777777777777776,216.0
2024-10-11,60326.4,63417.56,60087.64,62540.0,23641.35209,2657.60009765625,102.88999938964844,20.459999084472656,0.2789473684210526,190.0
2024-10-12,62539.99,63480.0,62487.23,63206.22,10911.30116,2657.60009765625,102.88999938964844,20.459999084472656,0.3142857142857143,70.0
2024-10-13,63206.23,63285.72,62050.0,62870.02,11909.21995,2657.60009765625,102.88999938964844,20.459999084472656,0.16176470588235295,68.0
2024-10-14,62870.02,66500.0,62457.81,66083.99,37669.95222,2647.800048828125,103.3000030517578,19.700000762939453,0.5512820512820513,234.0
2024-10-15,66084.0,67950.0,64800.01,67074.14,43683.95423,2661.39990234375,103.26000213623048,20.63999938964844,0.5868725868725869,259.0
2024-10-16,67074.14,68424.0,66750.49,67620.01,29938.25544,2674.0,103.58999633789062,19.57999992370605,0.458955223880597,268.0
2024-10-17,67620.0,67939.4,66666.0,67421.78,25328.22861,2691.0,103.83000183105467,19.11000061035156,0.4251968503937008,254.0
2024-10-18,67421.78,69000.0,67192.36,68428.0,28725.635,2713.699951171875,103.48999786376952,18.030000686645508,0.6082949308755761,217.0
2024-10-19,68427.99,68693.26,68010.0,68378.0,8193.66737,2713.699951171875,103.48999786376952,18.030000686645508,0.504950495049505,101.0
2024-10-20,68377.99,69400.0,68100.0,69031.99,12442.47378,2713.699951171875,103.48999786376952,18.030000686645508,0.36363636363636365,88.0
2024-10-21,69032.0,69519.52,66840.67,67377.5,31374.42184,2723.10009765625,104.01000213623048,18.3700008392334,0.4682926829268293,205.0
2024-10-22,67377.5,67836.01,66571.42,67426.0,24598.96268,2744.199951171875,104.08000183105467,18.200000762939453,0.36,225.0
2024-10-23,67426.01,67472.83,65260.0,66668.65,25530.2407,2714.39990234375,104.43000030517578,19.239999771118164,0.12363636363636364,275.0
2024-10-24,66668.65,68850.0,66510.0,68198.28,22589.83877,2734.89990234375,104.05999755859376,19.07999992370605,0.48412698412698413,252.0
2024-10-25,68198.27,68771.49,65596.29,66698.33,34479.71125,2740.89990234375,104.26000213623048,20.32999992370605,0.35714285714285715,252.0
2024-10-26,66698.32,67454.55,66439.9,67092.76,11842.9077,2740.89990234375,104.26000213623048,20.32999992370605,0.2571428571428571,70.0
2024-10-27,67092.76,68332.05,66913.73,68021.7,8653.19592,2740.89990234375,104.26000213623048,20.32999992370605,0.5,68.0
2024-10-28,68021.69,70270.0,67618.0,69962.21,29046.75459,2742.89990234375,104.31999969482422,19.799999237060547,0.6752577319587629,194.0
2024-10-29,69962.21,73620.12,69760.0,72736.42,50128.60594,2768.39990234375,104.27999877929688,19.34000015258789,0.7096774193548387,248.0
2024-10-30,72736.41,72961.0,71436.0,72344.74,26885.99056,2788.5,103.98999786376952,20.350000381469727,0.6167883211678832,274.0
2024-10-31,72344.75,72700.0,69685.76,70292.01,29352.10297,2738.300048828125,103.9800033569336,23.15999984741211,0.4782608695652174,253.0
2024-11-01,70292.01,71632.95,68820.14,69496.01,38301.86755,2738.60009765625,104.27999877929688,21.8799991607666,0.2706422018348624,218.0
2024-11-02,69496.0,69914.37,69000.14,69374.74,10521.67243,2738.60009765625,104.27999877929688,21.8799991607666,0.36363636363636365,99.0
2024-11-03,69374.74,69391.0,67478.73,68775.99,24995.70243,2738.60009765625,104.27999877929688,21.8799991607666,0.06172839506172839,81.0
2024-11-04,68775.99,69500.0,66835.0,67850.01,29800.39187,2736.10009765625,103.88999938964844,21.979999542236328,0.3333333333333333,222.0
2024-11-05,67850.01,70577.91,67476.63,69372.01,33355.06888,2740.300048828125,103.41999816894533,20.489999771118164,0.2845528455284553,246.0
2024-11-06,69372.01,76400.0,69298.0,75571.99,104126.994787,2667.60009765625,105.08999633789062,16.270000457763672,0.6786885245901639,305.0
2024-11-07,75571.99,76849.99,74416.0,75857.89,44869.422345,2698.39990234375,104.51000213623048,15.199999809265137,0.7558139534883721,258.0
2024-11-08,75857.89,77199.99,75555.0,76509.78,36521.099583,2687.5,105.0,14.9399995803833,0.6515151515151515,264.0
2024-11-09,76509.78,76900.0,75714.66,76677.46,16942.07915,2687.5,105.0,14.9399995803833,0.6180555555555556,144.0
2024-11-10,76677.46,81500.0,76492.0,80370.01,61830.100435,2687.5,105.0,14.9399995803833,0.8345864661654135,133.0
2024-11-11,80370.01,89530.54,80216.01,88647.99,82323.665776,2611.199951171875,105.54000091552734,14.970000267028809,0.7547169811320755,318.0
2024-11-12,88648.0,89940.0,85072.0,87952.01,97299.887911,2600.0,106.0199966430664,14.710000038146973,0.696165191740413,339.0
2024-11-13,87952.0,93265.64,86127.99,90375.2,86763.854127,2580.800048828125,106.4800033569336,14.020000457763672,0.6084142394822006,309.0
2024-11-14,90375.21,91790.0,86668.21,87325.59,56729.51086,2568.199951171875,106.66999816894533,14.3100004196167,0.6441281138790036,281.0
2024-11-15,87325.59,91850.0,87073.38,91032.07,47927.95068,2565.699951171875,106.69000244140624,16.139999389648438,0.4639175257731959,291.0
2024-11-16,91032.08,91779.66,90056.17,90586.92,22717.87689,2565.699951171875,106.69000244140624,16.139999389648438,0.5564516129032258,124.0
2024-11-17,90587.98,91449.99,88722.0,89855.99,23867.55609,2565.699951171875,106.69000244140624,16.139999389648438,0.5897435897435898,117.0
2024-11-18,89855.98,92594.0,89376.9,90464.08,46545.03448,2610.60009765625,106.27999877929688,15.579999923706056,0.5981012658227848,316.0
2024-11-19,90464.07,93905.51,90357.0,92310.79,43660.04682,2627.10009765625,106.20999908447266,16.350000381469727,0.6040268456375839,298.0
2024-11-20,92310.8,94831.97,91500.0,94286.56,42203.198712,2648.199951171875,106.68000030517578,17.15999984741211,0.6384364820846905,307.0
2024-11-21,94286.56,98988.0,94040.0,98317.12,69228.360477,2672.10009765625,106.97000122070312,16.8700008392334,0.5904761904761905,315.0
2024-11-22,98317.12,99588.01,97122.11,98892.0,46189.309243,2709.89990234375,107.48999786376952,15.239999771118164,0.6790540540540541,296.0
2024-11-23,98892.0,98908.85,97136.0,97672.4,24757.84367,2709.89990234375,107.48999786376952,15.239999771118164,0.5503875968992248,129.0
2024-11-24,97672.4,98564.0,95734.77,97900.04,31200.97838,2709.89990234375,107.48999786376952,15.239999771118164,0.43243243243243246,111.0
2024-11-25,97900.05,98871.8,92600.19,93010.01,50847.45096,2616.800048828125,106.81999969482422,14.600000381469728,0.46078431372549017,306.0
2024-11-26,93010.01,94973.37,90791.1,91965.16,57858.73138,2620.300048828125,107.01000213623048,14.100000381469728,0.23853211009174313,327.0
2024-11-27,91965.16,97208.21,91792.14,95863.11,41153.42734,2639.89990234375,106.08000183105467,14.100000381469728,0.49825783972125437,287.0
2024-11-28,95863.11,96564.0,94640.0,95643.98,28814.54357,2639.89990234375,106.08000183105467,14.100000381469728,0.6408163265306123,245.0
2024-11-29,95643.99,98619.99,95364.99,97460.0,27701.78231,2657.0,105.73999786376952,13.510000228881836,0.6408163265306123,245.0
2024-11-30,97460.0,97463.95,96092.01,96407.99,14503.83306,2657.0,105.73999786376952,13.510000228881836,0.6388888888888888,108.0
2024-12-01,96407.99,97836.0,95693.88,97185.18,16938.60452,2657.0,105.73999786376952,13.510000228881836,0.5714285714285714,98.0
2024-12-02,97185.17,98130.0,94395.0,95840.62,37958.66981,2634.89990234375,106.4499969482422,13.34000015258789,0.5323741007194245,278.0
2024-12-03,95840.61,96305.52,93578.17,95849.69,35827.32283,2644.699951171875,106.37000274658205,13.300000190734863,0.3656716417910448,268.0
2024-12-04,95849.69,99000.0,94587.83,98587.32,43850.53728,2653.800048828125,106.33999633789062,13.449999809265137,0.4166666666666667,276.0
2024-12-05,98587.32,104088.0,90500.0,96945.63,109921.729662,2626.60009765625,105.70999908447266,13.539999961853027,0.6280193236714976,414.0
2024-12-06,96945.63,101898.99,95981.72,99740.84,45049.5331,2638.60009765625,105.97000122070312,12.770000457763672,0.37540453074433655,309.0
2024-12-07,99740.84,100439.18,98844.0,99831.99,14931.9459,2638.60009765625,105.97000122070312,12.770000457763672,0.5666666666666667,120.0
2024-12-08,99831.99,101351.0,98657.7,101109.59,14612.99688,2638.60009765625,105.97000122070312,12.770000457763672,0.59,100.0
2024-12-09,101109.6,101215.93,94150.05,97276.47,53949.11595,2664.89990234375,106.1500015258789,14.1899995803833,0.44983818770226536,309.0
2024-12-10,97276.48,98270.0,94256.54,96593.0,51708.68933,2697.60009765625,106.4000015258789,14.18000030517578,0.28370786516853935,356.0
2024-12-11,96593.0,101888.0,95658.24,101125.0,37753.78291,2733.800048828125,106.70999908447266,13.579999923706056,0.5418181818181819,275.0
2024-12-12,101125.0,102540.0,99311.64,100004.29,29232.08745,2687.5,106.95999908447266,13.920000076293944,0.5559322033898305,295.0
2024-12-13,100004.29,101895.26,99205.0,101424.25,21904.03923,2656.0,107.0,13.8100004196167,0.5171102661596958,263.0
2024-12-14,101424.24,102650.0,100609.41,101420.0,14191.70326,2656.0,107.0,13.8100004196167,0.4305555555555556,144.0
2024-12-15,101420.0,105250.0,101237.14,104463.99,22228.921775,2656.0,107.0,13.8100004196167,0.514018691588785,107.0
2024-12-16,104463.99,107793.07,103333.0,106058.66,41302.40274,2651.39990234375,106.86000061035156,14.6899995803833,0.6137184115523465,277.0
2024-12-17,106058.65,108353.0,105321.49,106133.74,29064.936466,2644.39990234375,106.95999908447266,15.869999885559082,0.6823529411764706,255.0
2024-12-18,106133.74,106524.98,100000.0,100204.01,50307.99755,2636.5,108.02999877929688,27.6200008392334,0.3786764705882353,272.0
2024-12-19,100204.01,102800.11,95700.0,97461.86,55147.398,2592.199951171875,108.41000366210938,24.09000015258789,0.1342281879194631,298.0
2024-12-20,97461.86,98233.0,92232.54,97805.44,62884.1357,2628.699951171875,107.62000274658205,18.36000061035156,0.09558823529411764,272.0
2024-12-21,97805.44,99540.61,96398.39,97291.99,23483.54143,2628.699951171875,107.62000274658205,18.36000061035156,0.3953488372093023,129.0
2024-12-22,97292.0,97448.08,94250.35,95186.27,19353.83036,2628.699951171875,107.62000274658205,18.36000061035156,0.2976190476190476,84.0
2024-12-23,95186.28,96538.92,92520.0,94881.47,32810.76703,2612.300048828125,108.04000091552734,16.780000686645508,0.25,268.0
2024-12-24,94881.47,99487.99,93569.02,98663.58,23674.22488,2620.0,108.26000213623048,14.270000457763672,0.25193798449612403,258.0
2024-12-25,98663.58,99569.15,97632.02,99429.6,14474.1651,2620.0,108.26000213623048,14.270000457763672,0.5195530726256983,179.0
2024-12-26,99429.61,99963.7,95199.14,95791.6,21192.36727,2638.800048828125,108.12999725341795,14.729999542236328,0.3034188034188034,234.0
2024-12-27,95791.6,97544.58,93500.01,94299.03,26501.26429,2617.199951171875,108.0,15.949999809265137,0.3183856502242152,223.0
2024-12-28,94299.03,95733.99,94135.66,95300.0,8385.8929,2617.199951171875,108.0,15.949999809265137,0.4,120.0
2024-12-29,95300.0,95340.0,93009.52,93738.2,13576.00578,2617.199951171875,108.0,15.949999809265137,0.39622641509433965,106.0
2024-12-30,93738.19,95024.5,91530.45,92792.05,27619.4225,2606.10009765625,108.12999725341795,17.399999618530273,0.34901960784313724,255.0
2024-12-31,92792.05,96250.0,92033.73,93576.0,19612.03389,2629.199951171875,108.48999786376952,17.350000381469727,0.3087557603686636,217.0
2025-01-01,93576.0,95151.15,92888.0,94591.79,10373.32613,2629.199951171875,108.48999786376952,17.350000381469727,0.5102040816326531,147.0
2025-01-02,94591.78,97839.5,94392.0,96984.79,21970.48948,2658.89990234375,109.38999938964844,17.93000030517578,0.5161290322580645,186.0
2025-01-03,96984.79,98976.91,96100.01,98174.18,15253.82936,2645.0,108.9499969482422,16.1299991607666,0.46875,256.0
2025-01-04,98174.17,98778.43,97514.79,98220.5,8990.05651,2645.0,108.9499969482422,16.1299991607666,0.5572519083969466,131.0
2025-01-05,98220.51,98836.85,97276.79,98363.61,8095.63723,2645.0,108.9499969482422,16.1299991607666,0.6145833333333334,96.0
2025-01-06,98363.61,102480.0,97920.0,102235.6,25263.43375,2638.39990234375,108.26000213623048,16.040000915527344,0.6387959866220736,299.0
2025-01-07,102235.6,102724.38,96181.81,96954.61,32059.87537,2656.699951171875,108.54000091552734,17.81999969482422,0.45806451612903226,310.0
2025-01-08,96954.6,97268.65,92500.9,95060.61,33704.67894,2664.5,109.08999633789062,17.700000762939453,0.14035087719298245,285.0
2025-01-09,95060.61,95382.32,91203.67,92552.49,34544.83685,2664.5,109.08999633789062,17.700000762939453,0.14953271028037382,321.0
2025-01-10,92552.49,95836.0,92206.02,94726.11,31482.86424,2708.5,109.6500015258789,19.540000915527344,0.3087248322147651,298.0
2025-01-11,94726.1,95050.94,93831.73,94599.99,7047.9043,2708.5,109.6500015258789,19.540000915527344,0.36879432624113473,141.0
2025-01-12,94599.99,95450.1,93711.19,94545.06,8606.86622,2708.5,109.6500015258789,19.540000915527344,0.3333333333333333,111.0
2025-01-13,94545.07,95940.0,89256.69,94536.1,42619.56423,2673.5,109.95999908447266,19.190000534057617,0.08970099667774087,301.0
2025-01-14,94536.11,97371.0,94346.22,96560.86,27846.61753,2677.5,109.2699966430664,18.709999084472656,0.44086021505376344,279.0
2025-01-15,96560.85,100681.94,96500.0,100497.35,30509.99179,2712.5,109.08999633789062,16.1200008392334,0.5732899022801303,307.0
2025-01-16,100497.35,100866.66,97335.13,99987.3,27832.85317,2746.39990234375,108.95999908447266,16.600000381469727,0.6433333333333333,300.0
2025-01-17,99987.3,105865.22,99950.77,104077.48,39171.85292,2744.300048828125,109.3499984741211,15.970000267028809,0.6013745704467354,291.0
2025-01-18,104077.47,104988.88,102277.55,104556.23,24307.82998,2744.300048828125,109.3499984741211,15.970000267028809,0.6160714285714286,112.0
2025-01-19,104556.23,106422.43,99651.6,101331.57,43397.28298,2744.300048828125,109.3499984741211,15.970000267028809,0.611764705882353,85.0
2025-01-20,101331.57,109588.0,99550.0,102260.01,89529.231732,2744.300048828125,109.3499984741211,15.970000267028809,0.47474747474747475,297.0
2025-01-21,102260.0,107240.81,100119.04,106143.82,45941.02002,2755.0,108.05999755859376,15.0600004196167,0.391304347826087,276.0
2025-01-22,106143.82,106394.46,103339.12,103706.66,22248.69254,2767.60009765625,108.16999816894533,15.100000381469728,0.6286764705882353,272.0
2025-01-23,103706.66,106850.0,101262.28,103910.34,53953.12031,2763.10009765625,108.0500030517578,15.020000457763672,0.3806228373702422,289.0
2025-01-24,103910.35,107120.0,102750.0,104870.5,23609.24017,2777.300048828125,107.44000244140624,14.850000381469728,0.41013824884792627,217.0
2025-01-25,104870.51,105286.52,104106.09,104746.85,9068.32377,2777.300048828125,107.44000244140624,14.850000381469728,0.5416666666666666,96.0
2025-01-26,104746.86,105500.0,102520.44,102620.0,9812.51238,2777.300048828125,107.44000244140624,14.850000381469728,0.4461538461538462,130.0
2025-01-27,102620.01,103260.0,97777.77,102082.83,50758.1341,2737.5,107.33999633789062,17.899999618530273,0.07719298245614035,285.0
2025-01-28,102082.83,103800.0,100272.68,101335.52,22022.05765,2766.800048828125,107.87000274658205,16.40999984741211,0.423728813559322,236.0
2025-01-29,101335.52,104782.68,101328.01,103733.24,23155.35802,2769.10009765625,108.0,16.559999465942383,0.5017543859649123,285.0
2025-01-30,103733.25,106457.44,103278.54,104722.94,19374.07472,2823.0,107.8000030517578,15.84000015258789,0.5427728613569321,339.0
2025-01-31,104722.94,106012.0,101560.0,102429.56,21983.18193,2812.5,108.37000274658205,16.43000030517578,0.4226415094339623,265.0
2025-02-01,102429.56,102783.71,100279.51,100635.65,12290.95747,2812.5,108.37000274658205,16.43000030517578,0.45454545454545453,121.0
2025-02-02,100635.66,101456.6,96150.0,97700.59,34619.49939,2812.5,108.37000274658205,16.43000030517578,0.13008130081300814,123.0
2025-02-03,97700.59,102500.01,91231.0,101328.52,75164.7385,2833.89990234375,108.98999786376952,18.6200008392334,-0.07958477508650519,289.0
2025-02-04,101328.51,101732.31,96150.0,97763.13,40267.98697,2853.300048828125,107.95999908447266,17.209999084472656,0.2821576763485477,241.0
2025-02-05,97763.14,99149.0,96155.0,96612.43,26233.30444,2871.60009765625,107.58000183105467,15.770000457763672,0.3368421052631579,285.0
2025-02-06,96612.44,99120.0,95676.64,96554.35,23515.20405,2856.0,107.69000244140624,15.5,0.33955223880597013,268.0
2025-02-07,96554.35,100137.99,95620.34,96506.8,31794.22065,2867.300048828125,108.04000091552734,16.540000915527344,0.37786259541984735,262.0
2025-02-08,96506.8,96880.0,95688.0,96444.74,10147.24294,2867.300048828125,108.04000091552734,16.540000915527344,0.22857142857142856,140.0
2025-02-09,96444.75,97323.09,94713.0,96462.75,14120.91613,2867.300048828125,108.04000091552734,16.540000915527344,0.42528735632183906,87.0
2025-02-10,96462.75,98345.0,95256.0,97430.82,20572.87537,2914.300048828125,108.31999969482422,15.8100004196167,0.3561643835616438,292.0
2025-02-11,97430.82,98478.42,94876.88,95778.2,18647.76379,2912.5,107.95999908447266,16.020000457763672,0.5054151624548736,277.0
2025-02-12,95778.21,98119.99,94088.23,97869.99,29151.16625,2909.0,107.94000244140624,15.890000343322754,0.3483483483483483,333.0
2025-02-13,97870.0,98083.91,95217.36,96608.14,19921.77616,2925.89990234375,107.30999755859376,15.100000381469728,0.31596091205211724,307.0
2025-02-14,96608.13,98826.0,96252.82,97500.48,18173.02646,2883.60009765625,106.56999969482422,14.770000457763672,0.5328185328185329,259.0
2025-02-15,97500.47,97972.26,97223.58,97569.66,7349.37683,2883.60009765625,106.56999969482422,14.770000457763672,0.4805194805194805,154.0
2025-02-16,97569.67,97704.47,96046.18,96118.12,8191.4249,2883.60009765625,106.56999969482422,14.770000457763672,0.42452830188679247,106.0
2025-02-17,96118.12,97046.59,95205.0,95780.0,16492.0451,2883.60009765625,106.56999969482422,14.770000457763672,0.26778242677824265,239.0
2025-02-18,95780.01,96753.91,93388.09,95671.74,23368.19471,2931.60009765625,107.0500030517578,15.350000381469728,0.29615384615384616,260.0
2025-02-19,95671.74,96899.99,95029.99,96644.37,16438.50954,2919.39990234375,107.16999816894533,15.270000457763672,0.38127090301003347,299.0
2025-02-20,96644.37,98711.36,96415.09,98305.0,17057.39177,2940.0,106.33999633789062,15.65999984741211,0.44,275.0
2025-02-21,98305.01,99475.0,94871.95,96181.98,32249.2814,2937.60009765625,106.61000061035156,18.209999084472656,0.38571428571428573,280.0
2025-02-22,96181.99,96980.0,95770.49,96551.01,11268.17708,2937.60009765625,106.61000061035156,18.209999084472656,0.1651376146788991,109.0
2025-02-23,96551.01,96650.0,95227.94,96258.0,10884.84913,2937.60009765625,106.61000061035156,18.209999084472656,0.367816091954023,87.0
2025-02-24,96258.0,96500.0,91349.26,91552.88,31550.10299,2947.89990234375,106.5999984741211,18.979999542236328,0.10600706713780919,283.0
2025-02-25,91552.88,92540.69,86050.99,88680.4,78333.11111,2904.5,106.30999755859376,19.43000030517578,-0.224,375.0
2025-02-26,88680.39,89414.15,82256.01,84250.09,56893.54409,2916.800048828125,106.41999816894533,19.100000381469727,-0.0821917808219178,365.0
2025-02-27,84250.09,87078.46,82716.49,84708.58,42505.45439,2883.199951171875,107.23999786376952,21.1299991607666,-0.006514657980456026,307.0
2025-02-28,84708.57,85120.0,78258.52,84349.94,83648.03969,2836.800048828125,107.61000061035156,19.6299991607666,-0.03305785123966942,363.0
2025-03-01,84349.95,86558.0,83824.78,86064.53,25785.05464,2836.800048828125,107.61000061035156,19.6299991607666,0.1781609195402299,174.0
2025-03-02,86064.54,95000.0,85050.6,94270.0,54889.09045,2836.800048828125,107.61000061035156,19.6299991607666,0.2585034013605442,147.0
2025-03-03,94269.99,94416.46,85117.11,86220.61,59171.10218,2890.199951171875,106.75,22.780000686645508,0.3193717277486911,382.0
2025-03-04,86221.16,88967.52,81500.0,87281.98,55609.10706,2909.60009765625,105.73999786376952,23.51000022888184,-0.09411764705882353,340.0
2025-03-05,87281.98,91000.0,86334.53,90606.01,38264.01163,2915.300048828125,105.73999786376952,21.93000030517578,0.3117283950617284,324.0
2025-03-06,90606.0,92810.64,87836.0,89931.89,34342.44902,2916.60009765625,104.05999755859376,24.8700008392334,0.4375,336.0
2025-03-07,89931.88,91283.02,84667.03,86801.75,57980.35713,2904.699951171875,103.83999633789062,23.3700008392334,0.2702020202020202,396.0
2025-03-08,86801.74,86897.25,85218.47,86222.45,12989.23054,2904.699951171875,103.83999633789062,23.3700008392334,0.17532467532467533,154.0
2025-03-09,86222.46,86500.0,80000.0,80734.37,26115.39345,2904.699951171875,103.83999633789062,23.3700008392334,0.0,124.0
2025-03-10,80734.48,84123.46,77459.91,78595.86,47633.38405,2891.0,103.91000366210938,27.86000061035156,0.00516795865633075,387.0
2025-03-11,78595.86,83617.4,76606.0,82932.99,48770.06853,2912.89990234375,103.44000244140624,26.920000076293945,0.11813186813186813,364.0
2025-03-12,82932.99,84539.85,80607.65,83680.12,31933.986,2939.10009765625,103.61000061035156,24.229999542236328,0.2955223880597015,335.0
2025-03-13,83680.12,84336.33,79939.9,81115.78,27546.27412,2984.300048828125,103.83000183105467,24.65999984741211,0.2114695340501792,279.0
2025-03-14,81115.78,85309.71,80818.84,83983.2,26858.52755,2994.5,103.72000122070312,21.770000457763672,0.13043478260869565,276.0
2025-03-15,83983.19,84676.28,83618.0,84338.44,11324.7332,2994.5,103.72000122070312,21.770000457763672,0.12738853503184713,157.0
2025-03-16,84338.44,85117.04,81981.12,82574.53,17596.12531,2994.5,103.72000122070312,21.770000457763672,0.05309734513274336,113.0
2025-03-17,82574.52,84756.83,82456.0,84010.03,17214.74358,3000.0,103.37000274658205,20.51000022888184,-0.006172839506172839,324.0
2025-03-18,84010.02,84021.74,81134.66,82715.03,17610.89883,3035.10009765625,103.23999786376952,21.700000762939453,0.289198606271777,287.0
2025-03-19,82715.03,87000.0,82547.16,86845.94,28151.05374,3035.89990234375,103.43000030517578,19.899999618530277,0.31399317406143346,293.0
2025-03-20,86845.93,87453.67,83655.23,84223.39,22090.30463,3040.0,103.8499984741211,19.799999237060547,0.426056338028169,284.0
2025-03-21,84223.38,84850.33,83175.25,84088.79,11956.97443,3018.199951171875,104.08999633789062,19.280000686645508,0.12133891213389121,239.0
2025-03-22,84088.79,84539.17,83625.1,83840.59,5420.22114,3018.199951171875,104.08999633789062,19.280000686645508,0.39552238805970147,134.0
2025-03-23,83840.59,86129.64,83809.75,86082.5,8461.97813,3018.199951171875,104.08999633789062,19.280000686645508,0.3090909090909091,110.0
2025-03-24,86082.5,88765.43,85519.09,87498.16,30115.62111,3013.10009765625,104.26000213623048,17.479999542236328,0.484472049689441,322.0
2025-03-25,87498.16,88539.63,86310.0,87392.87,22643.25248,3023.699951171875,104.18000030517578,17.149999618530273,0.5150501672240803,299.0
2025-03-26,87392.88,88275.0,85860.0,86909.17,18408.78485,3020.89990234375,104.5500030517578,18.32999992370605,0.45555555555555555,270.0
2025-03-27,86909.17,87756.39,85800.0,87232.01,17098.03897,3060.199951171875,104.06999969482422,18.690000534057617,0.40977443609022557,266.0
2025-03-28,87232.01,87515.67,83585.0,84424.38,27182.73169,3086.5,104.04000091552734,21.649999618530277,0.10843373493975904,249.0
2025-03-29,84424.38,84624.73,81644.81,82648.54,11696.39864,3086.5,104.04000091552734,21.649999618530277,0.20300751879699247,133.0
2025-03-30,82648.53,83534.64,81565.0,82389.99,9864.49508,3086.5,104.04000091552734,21.649999618530277,0.08,100.0
2025-03-31,82390.0,83943.08,81278.52,82550.01,20569.13885,3122.800048828125,104.20999908447266,22.280000686645508,0.17567567567567569,296.0
2025-04-01,82550.0,85579.46,82432.74,85158.34,20190.39697,3118.89990234375,104.26000213623048,21.770000457763672,0.36177474402730375,293.0
2025-04-02,85158.35,88500.0,82320.0,82516.29,39931.457,3139.89990234375,103.80999755859376,21.51000022888184,0.375,320.0
2025-04-03,82516.28,83998.02,81211.24,83213.09,27337.84135,3097.0,102.06999969482422,30.020000457763672,0.007352941176470588,272.0
2025-04-04,83213.09,84720.0,81659.0,83889.87,32915.53976,3012.0,103.0199966430664,45.310001373291016,0.1471698113207547,265.0
2025-04-05,83889.87,84266.0,82379.95,83537.99,9360.40468,3012.0,103.0199966430664,45.310001373291016,0.3219178082191781,146.0
2025-04-06,83537.99,83817.63,77153.83,78430.0,27942.71436,3012.0,103.0199966430664,45.310001373291016,-0.06722689075630252,119.0
2025-04-07,78430.0,81243.58,74508.0,79163.24,78387.53089,2951.300048828125,103.26000213623048,46.97999954223633,-0.2996845425867508,317.0
2025-04-08,79163.24,80867.99,76239.9,76322.42,35317.32063,2968.39990234375,102.95999908447266,52.33000183105469,0.17845117845117844,297.0
2025-04-09,76322.42,83588.0,74620.0,82615.22,75488.28772,3056.5,102.9000015258789,33.619998931884766,0.04180064308681672,311.0
2025-04-10,82615.22,82753.21,78464.36,79607.3,33284.80718,3155.199951171875,100.87000274658205,40.720001220703125,0.3300970873786408,309.0
2025-04-11,79607.3,84300.0,78969.58,83423.84,34435.43797,3222.199951171875,99.77999877929688,37.560001373291016,0.4028776978417266,278.0
2025-04-12,83423.83,85905.0,82792.95,85276.9,18470.74437,3222.199951171875,99.77999877929688,37.560001373291016,0.336,125.0
2025-04-13,85276.91,86100.0,83034.23,83760.0,24680.04181,3222.199951171875,99.77999877929688,37.560001373291016,0.43956043956043955,91.0
2025-04-14,83760.0,85799.99,83678.0,84591.58,28659.09348,3204.800048828125,99.63999938964844,30.88999938964844,0.21008403361344538,238.0
2025-04-15,84591.58,86496.42,83600.0,83643.99,20910.99528,3218.699951171875,100.22000122070312,30.1200008392334,0.39768339768339767,259.0
2025-04-16,83643.99,85500.0,83111.64,84030.38,20867.24519,3326.60009765625,99.37999725341795,32.63999938964844,0.2054794520547945,292.0
2025-04-17,84030.38,85470.01,83736.26,84947.91,13728.84772,3308.699951171875,99.37999725341795,29.649999618530277,0.2653846153846154,260.0
2025-04-18,84947.92,85132.08,84303.96,84474.69,6529.96315,3308.699951171875,99.37999725341795,29.649999618530277,0.3269230769230769,208.0
2025-04-19,84474.7,85677.99,84364.45,85077.01,9666.58153,3308.699951171875,99.37999725341795,29.649999618530277,0.3706896551724138,116.0
2025-04-20,85077.0,85320.76,83949.52,85179.24,8091.67725,3308.699951171875,99.37999725341795,29.649999618530277,0.40860215053763443,93.0
2025-04-21,85179.24,88465.99,85144.76,87516.23,31773.37262,3406.199951171875,98.27999877929688,33.81999969482422,0.5659722222222222,288.0
2025-04-22,87516.22,93888.0,87076.03,93442.99,43872.74705,3400.800048828125,98.91999816894533,30.56999969482422,0.5539033457249071,269.0
2025-04-23,93442.99,94696.05,91935.41,93691.08,27404.16808,3276.300048828125,99.83999633789062,28.450000762939453,0.6464088397790055,362.0
2025-04-24,93691.07,94005.0,91660.01,93980.47,19497.06071,3332.0,99.29000091552734,26.46999931335449,0.5714285714285714,280.0
2025-04-25,93980.47,95758.04,92855.96,94638.68,27500.66648,3282.39990234375,99.47000122070312,24.84000015258789,0.6164874551971327,279.0
2025-04-26,94638.68,95199.0,93870.69,94628.0,9415.06875,3282.39990234375,99.47000122070312,24.84000015258789,0.48951048951048953,143.0
2025-04-27,94628.0,95369.0,93602.58,93749.3,11162.841,3282.39990234375,99.47000122070312,24.84000015258789,0.5961538461538461,104.0
2025-04-28,93749.29,95630.0,92800.01,95011.18,22157.53351,3332.5,99.01000213623048,25.149999618530277,0.5705705705705706,333.0
2025-04-29,95011.18,95461.53,93742.54,94256.82,16955.3402,3318.800048828125,99.23999786376952,24.170000076293945,0.5677655677655677,273.0
2025-04-30,94256.82,95228.45,92910.0,94172.0,17661.2751,3305.0,99.47000122070312,24.700000762939453,0.4937106918238994,318.0
2025-05-01,94172.0,97424.02,94130.43,96489.91,21380.45343,3210.0,100.25,24.600000381469727,0.4701492537313433,268.0
2025-05-02,96489.9,97895.68,96350.0,96887.14,14905.74811,3231.89990234375,100.0,22.68000030517578,0.5570032573289903,307.0
2025-05-03,96887.13,96935.67,95753.01,95856.42,9723.34838,3231.89990234375,100.0,22.68000030517578,0.45180722891566266,166.0
2025-05-04,95856.42,96304.48,94151.38,94277.62,11036.38342,3231.89990234375,100.0,22.68000030517578,0.5169491525423728,118.0
2025-05-05,94277.61,95199.0,93514.1,94733.68,17251.18189,3311.300048828125,99.83000183105467,23.63999938964844,0.42567567567567566,296.0
2025-05-06,94733.68,96920.65,93377.0,96834.02,16122.64513,3411.39990234375,99.23999786376952,24.76000022888184,0.3503184713375796,314.0
2025-05-07,96834.02,97732.0,95784.61,97030.5,16644.83854,3381.39990234375,99.61000061035156,23.549999237060547,0.551948051948052,308.0
2025-05-08,97030.5,104145.76,96876.29,103261.6,34962.02847,3296.60009765625,100.63999938964844,22.479999542236328,0.6388888888888888,324.0
2025-05-09,103261.61,104361.3,102315.14,102971.99,27617.39907,3335.39990234375,100.33999633789062,21.899999618530277,0.6307692307692307,325.0
2025-05-10,102971.99,104984.57,102818.76,104809.53,15324.78611,3335.39990234375,100.33999633789062,21.899999618530277,0.72,175.0
2025-05-11,104809.53,104972.0,103345.06,104118.0,17987.12197,3335.39990234375,100.33999633789062,21.899999618530277,0.6194690265486725,113.0
2025-05-12,104118.0,105819.45,100718.37,102791.32,31272.77792,3220.0,101.79000091552734,18.38999938964844,0.6051779935275081,309.0
2025-05-13,102791.32,104976.25,101429.7,104103.72,21253.42409,3240.300048828125,101.0,18.21999931335449,0.45454545454545453,286.0
2025-05-14,104103.72,104356.95,102602.05,103507.82,16452.9081,3181.39990234375,101.04000091552734,18.6200008392334,0.546875,256.0
2025-05-15,103507.83,104192.7,101383.07,103763.71,17998.98604,3220.699951171875,100.87999725341795,17.829999923706055,0.40955631399317405,293.0
2025-05-16,103763.71,104550.33,103100.49,103463.9,15683.88024,3182.0,101.08999633789062,17.239999771118164,0.40145985401459855,274.0
2025-05-17,103463.9,103709.86,102612.5,103126.65,11250.89622,3182.0,101.08999633789062,17.239999771118164,0.2868217054263566,129.0
2025-05-18,103126.65,106660.0,103105.09,106454.26,21599.98726,3182.0,101.08999633789062,17.239999771118164,0.5619047619047619,105.0
2025-05-19,106454.27,107108.62,102000.0,105573.74,30260.03524,3228.89990234375,100.43000030517578,18.13999938964844,0.3508771929824561,285.0
2025-05-20,105573.73,107320.0,104184.72,106849.99,23705.48275,3280.300048828125,100.12000274658205,18.09000015258789,0.5592105263157895,304.0
2025-05-21,106850.0,110797.38,106100.01,109643.99,45531.040345,3309.300048828125,99.55999755859376,20.8700008392334,0.6324503311258278,302.0
2025-05-22,109643.99,111980.0,109177.37,111696.21,31630.77313,3292.300048828125,99.95999908447266,20.280000686645508,0.6011730205278593,341.0
2025-05-23,111696.22,111800.0,106800.0,107318.3,31737.72309,3363.60009765625,99.11000061035156,22.290000915527344,0.4752475247524752,303.0
2025-05-24,107318.3,109506.03,106875.41,107761.91,16782.53129,3363.60009765625,99.11000061035156,22.290000915527344,0.45454545454545453,154.0
2025-05-25,107761.9,109299.99,106600.64,109004.19,17710.04695,3363.60009765625,99.11000061035156,22.290000915527344,0.34394904458598724,157.0
2025-05-26,109004.2,110422.22,108670.58,109434.79,14649.11593,3363.60009765625,99.11000061035156,22.290000915527344,0.5249169435215947,301.0
2025-05-27,109434.78,110718.0,107516.57,108938.17,21276.65635,3299.10009765625,99.5199966430664,18.959999084472656,0.3739612188365651,361.0
2025-05-28,108938.17,109284.7,106769.43,107781.78,15633.78829,3293.60009765625,99.87999725341795,19.309999465942383,0.5,392.0
2025-05-29,107781.78,108891.91,105322.86,105589.75,19834.70116,3317.10009765625,99.27999877929688,19.18000030517578,0.5233918128654971,342.0
2025-05-30,105589.75,106313.12,103621.0,103985.48,23706.49799,3288.89990234375,99.33000183105467,18.56999969482422,0.23214285714285715,336.0
2025-05-31,103985.47,104900.0,103068.55,104591.88,11289.35922,3288.89990234375,99.33000183105467,18.56999969482422,0.12716763005780346,173.0
2025-06-01,104591.88,105866.91,103752.49,105642.93,9709.70006,3288.89990234375,99.33000183105467,18.56999969482422,0.3253968253968254,126.0
2025-06-02,105642.93,105935.63,103659.88,105857.99,13453.98813,3370.60009765625,98.6999969482422,18.36000061035156,0.321656050955414,314.0
2025-06-03,105858.0,106794.67,104872.5,105376.89,13259.52634,3350.199951171875,99.25,17.690000534057617,0.48259860788863107,431.0
2025-06-04,105376.9,106000.0,104179.0,104696.86,14034.89482,3373.5,98.79000091552734,17.610000610351562,0.4650112866817156,443.0
2025-06-05,104696.86,105909.71,100372.26,101508.68,22321.50154,3350.699951171875,98.73999786376952,18.479999542236328,0.46419098143236076,377.0
2025-06-06,101508.69,105333.0,101095.8,104288.44,15839.07385,3322.699951171875,99.19000244140624,16.770000457763672,0.2344632768361582,354.0
2025-06-07,104288.43,105900.0,103871.09,105552.15,8344.93206,3322.699951171875,99.19000244140624,16.770000457763672,0.398989898989899,198.0
2025-06-08,105552.15,106488.14,104964.14,105734.0,8048.06305,3322.699951171875,99.19000244140624,16.770000457763672,0.3018867924528302,159.0
2025-06-09,105734.01,110530.17,105318.37,110263.02,19975.37451,3332.10009765625,98.94000244140624,17.15999984741211,0.5095367847411444,367.0
2025-06-10,110263.02,110400.0,108331.03,110274.39,17071.82839,3320.89990234375,99.0500030517578,16.950000762939453,0.6242603550295858,338.0
2025-06-11,110274.39,110392.01,108064.0,108645.12,13115.91638,3321.300048828125,98.62999725341795,17.260000228881836,0.5225464190981433,377.0
2025-06-12,108645.13,108813.55,105671.72,105671.73,17778.67218,3380.89990234375,97.91999816894533,18.020000457763672,0.41625615763546797,406.0
2025-06-13,105671.74,106179.53,102664.31,106066.59,26180.81734,3431.199951171875,98.18000030517578,20.81999969482422,0.18873239436619718,355.0
2025-06-14,106066.59,106252.0,104300.0,105414.64,8798.93969,3431.199951171875,98.18000030517578,20.81999969482422,0.4088397790055249,181.0
2025-06-15,105414.63,106128.57,104494.53,105594.01,7164.20047,3431.199951171875,98.18000030517578,20.81999969482422,0.3939393939393939,132.0
2025-06-16,105594.02,108952.38,104980.37,106794.53,14922.6654,3396.39990234375,98.0,19.11000061035156,0.6096866096866097,351.0
2025-06-17,106794.53,107771.34,103371.02,104551.17,17866.33025,3386.60009765625,98.81999969482422,21.600000381469727,0.34185303514376997,313.0
2025-06-18,104551.17,105550.27,103500.0,104886.78,13968.64167,3389.800048828125,98.91000366210938,20.13999938964844,0.28362573099415206,342.0
2025-06-19,104886.79,105226.17,103929.27,104658.59,7678.60737,3389.800048828125,98.91000366210938,20.13999938964844,0.37543859649122807,285.0
2025-06-20,104658.59,106524.65,102345.0,103297.99,16419.06283,3368.10009765625,98.70999908447266,20.6200008392334,0.29365079365079366,252.0
2025-06-21,103297.98,103982.64,100837.9,102120.01,11154.21332,3368.10009765625,98.70999908447266,20.6200008392334,0.20588235294117646,170.0
2025-06-22,102120.02,103399.62,98200.0,100963.87,28746.41072,3368.10009765625,98.70999908447266,20.6200008392334,0.03205128205128205,156.0
2025-06-23,100963.87,106074.2,99613.33,105333.93,27666.50609,3377.699951171875,98.41999816894533,19.82999992370605,0.4110576923076923,416.0
2025-06-24,105333.94,106290.0,104622.02,106083.0,14651.69335,3317.39990234375,97.86000061035156,17.479999542236328,0.5870967741935483,310.0
2025-06-25,106083.0,108135.3,105808.03,107340.58,16701.15551,3327.10009765625,97.68000030517578,16.760000228881836,0.6257309941520468,342.0
2025-06-26,107340.59,108272.45,106562.5,106947.06,10573.27279,3333.5,97.1500015258789,16.59000015258789,0.554858934169279,319.0
2025-06-27,106947.06,107735.34,106356.76,107047.59,12232.44042,3273.699951171875,97.4000015258789,16.31999969482422,0.4620253164556962,316.0
2025-06-28,107047.58,107577.75,106811.51,107296.79,3282.17352,3273.699951171875,97.4000015258789,16.31999969482422,0.4620253164556962,158.0
2025-06-29,107296.79,108528.5,107172.52,108356.93,6831.7364,3273.699951171875,97.4000015258789,16.31999969482422,0.5655737704918032,122.0
2025-06-30,108356.93,108789.99,106733.33,107146.5,9754.12491,3294.39990234375,96.87999725341795,16.729999542236328,0.5652173913043478,368.0
2025-07-01,107146.51,107540.0,105250.85,105681.14,10505.62437,3336.699951171875,96.81999969482422,16.829999923706055,0.5084745762711864,354.0
2025-07-02,105681.13,109730.0,105100.19,108849.6,17691.89592,3348.0,96.77999877929688,16.639999389648438,0.49148418491484186,411.0
2025-07-03,108849.59,110529.18,108530.4,109584.78,13047.08225,3331.60009765625,97.18000030517578,16.3799991607666,0.45980707395498394,311.0
2025-07-04,109584.77,109767.59,107245.0,107984.24,11793.86615,3331.60009765625,97.18000030517578,16.3799991607666,0.40672782874617736,327.0
2025-07-05,107984.25,108420.56,107756.31,108198.12,3736.9757,3331.60009765625,97.18000030517578,16.3799991607666,0.3988439306358382,173.0
2025-07-06,108198.12,109700.0,107800.01,109203.84,6447.607,3331.60009765625,97.18000030517578,16.3799991607666,0.34375,128.0
2025-07-07,109203.85,109700.0,107513.2,108262.94,9405.37601,3332.199951171875,97.4800033569336,17.790000915527344,0.5761194029850746,335.0
2025-07-08,108262.94,109216.56,107429.57,108922.98,9216.0208,3307.0,97.51000213623048,16.809999465942383,0.6331360946745562,338.0
2025-07-09,108922.99,111999.79,108324.53,111233.99,17282.2865,3311.60009765625,97.47000122070312,15.9399995803833,0.5331230283911672,317.0
2025-07-10,111234.0,116868.0,110500.0,116010.0,24883.450665,3317.39990234375,97.6500015258789,15.779999732971191,0.7486033519553073,358.0
2025-07-11,116010.01,118869.98,115222.22,117527.66,25873.521148,3356.0,97.8499984741211,16.399999618530273,0.6475195822454308,383.0
2025-07-12,117527.66,118200.0,116900.05,117420.0,8446.60437,3356.0,97.8499984741211,16.399999618530273,0.6739130434782609,184.0
2025-07-13,117420.0,119488.0,117224.79,119086.64,9550.792947,3356.0,97.8499984741211,16.399999618530273,0.6610169491525424,118.0
2025-07-14,119086.65,123218.0,118905.18,119841.18,27269.348877,3351.5,98.08000183105467,17.200000762939453,0.6945701357466063,442.0
2025-07-15,119841.17,119940.83,115736.92,117758.09,32018.46083,3329.800048828125,98.62000274658205,17.3799991607666,0.4382284382284382,429.0
2025-07-16,117758.08,120063.84,117017.29,118630.43,17039.90851,3352.5,98.38999938964844,17.15999984741211,0.5416666666666666,384.0
2025-07-17,118630.44,120998.71,117453.57,119177.56,15728.57651,3340.10009765625,98.7300033569336,16.520000457763672,0.6005830903790087,343.0
2025-07-18,119177.56,120820.71,116812.76,117924.84,19924.66266,3353.0,98.4800033569336,16.40999984741211,0.5890804597701149,348.0
2025-07-19,117924.84,118499.9,117277.34,117840.0,6635.80306,3353.0,98.4800033569336,16.40999984741211,0.6081871345029239,171.0
2025-07-20,117840.01,118856.8,116467.02,117265.12,12962.92889,3353.0,98.4800033569336,16.40999984741211,0.416,125.0
2025-07-21,117265.11,119676.73,116515.0,117380.36,17107.33128,3401.89990234375,97.8499984741211,16.649999618530273,0.5462184873949579,357.0
2025-07-22,117380.36,120247.8,116128.0,119954.42,20959.12973,3439.199951171875,97.38999938964844,16.5,0.5039370078740157,381.0
2025-07-23,119954.43,120090.0,117301.0,118755.99,14558.75083,3394.10009765625,97.20999908447266,15.369999885559082,0.46540880503144655,318.0
2025-07-24,118756.0,119450.0,117103.1,118340.99,15806.89043,3371.0,97.37999725341795,15.390000343322754,0.43373493975903615,332.0
2025-07-25,118340.98,118451.57,114723.16,117614.31,38406.34873,3334.0,97.6500015258789,14.93000030517578,0.3153846153846154,390.0
2025-07-26,117614.31,118297.35,117138.38,117919.99,6991.67206,3334.0,97.6500015258789,14.93000030517578,0.5113636363636364,176.0
2025-07-27,117919.99,119766.65,117825.5,119415.55,9328.30919,3334.0,97.6500015258789,14.93000030517578,0.5241935483870968,124.0
2025-07-28,119415.56,119800.0,117427.5,118062.32,13961.74754,3309.10009765625,98.66000366210938,15.029999732971191,0.5530085959885387,349.0
2025-07-29,118062.32,119273.36,116950.75,117950.76,15137.93445,3323.39990234375,98.91000366210938,15.979999542236328,0.43073047858942065,397.0
2025-07-30,117950.75,118792.0,115796.23,117840.3,15586.73631,3295.800048828125,99.94000244140624,15.479999542236328,0.37559808612440193,418.0
2025-07-31,117840.29,118922.45,115500.0,115764.08,17010.0073,3293.199951171875,100.02999877929688,16.719999313354492,0.535064935064935,385.0
2025-08-01,115764.07,116052.0,112722.58,113297.93,24487.10206,3347.699951171875,98.69000244140624,20.3799991607666,0.28184281842818426,369.0
2025-08-02,113297.92,114063.49,112003.0,112546.35,11507.33428,3347.699951171875,98.69000244140624,20.3799991607666,0.24519230769230768,208.0
2025-08-03,112546.35,114799.97,111920.0,114208.8,7397.76046,3347.699951171875,98.69000244140624,20.3799991607666,0.21142857142857144,175.0
2025-08-04,114208.81,115720.0,114107.6,115055.03,9667.67916,3374.39990234375,98.77999877929688,17.520000457763672,0.4340175953079179,341.0
2025-08-05,115055.03,115127.81,112650.0,114129.75,12042.79078,3381.89990234375,98.77999877929688,17.850000381469727,0.4281437125748503,334.0
2025-08-06,114129.75,115716.0,113355.13,114992.27,9761.15318,3380.0,98.18000030517578,16.770000457763672,0.4316109422492401,329.0
2025-08-07,114992.27,117621.0,114259.0,117472.01,13468.56263,3400.300048828125,98.4000015258789,16.56999969482422,0.6006600660066007,303.0
2025-08-08,117472.02,117630.0,115878.71,116674.74,10045.31278,3439.10009765625,98.18000030517578,15.149999618530272,0.6064981949458483,277.0
2025-08-09,116674.74,117944.05,116299.13,116462.25,9514.13144,3439.10009765625,98.18000030517578,15.149999618530272,0.618421052631579,152.0
2025-08-10,116462.25,119311.11,116460.63,119294.01,14322.77073,3439.10009765625,98.18000030517578,15.149999618530272,0.6439393939393939,132.0
2025-08-11,119294.27,122335.16,118050.11,118686.0,26494.33429,3353.10009765625,98.5199966430664,16.25,0.5876010781671159,371.0
2025-08-12,118686.0,120324.43,118207.47,120134.08,16720.10893,3348.89990234375,98.0999984741211,14.729999542236328,0.5259259259259259,270.0
2025-08-13,120134.09,123667.79,118920.92,123306.43,23210.07102,3358.699951171875,97.83999633789062,14.489999771118164,0.632183908045977,261.0
2025-08-14,123306.44,124474.0,117180.0,118295.09,27980.947586,3335.199951171875,98.25,14.829999923706056,0.45525291828793774,257.0
2025-08-15,118295.09,119216.82,116803.99,117342.05,13623.33874,3336.0,97.8499984741211,15.09000015258789,0.408,250.0
2025-08-16,117342.04,117898.99,117143.98,117380.66,6393.68117,3336.0,97.8499984741211,15.09000015258789,0.4269005847953216,171.0
2025-08-17,117380.66,118575.0,117172.21,117405.01,5898.64192,3336.0,97.8499984741211,15.09000015258789,0.47368421052631576,133.0
2025-08-18,117405.01,117543.75,114640.14,116227.05,17745.93954,3331.699951171875,98.16999816894533,14.989999771118164,0.26380368098159507,326.0
2025-08-19,116227.05,116725.69,112732.58,112872.94,18065.47424,3313.39990234375,98.2699966430664,15.56999969482422,0.26548672566371684,339.0
2025-08-20,112872.95,114615.38,112380.0,114271.24,15636.34194,3343.39990234375,98.22000122070312,15.6899995803833,0.14285714285714285,301.0
2025-08-21,114271.23,114821.76,112015.67,112500.0,10839.69235,3336.89990234375,98.62000274658205,16.600000381469727,0.18627450980392157,306.0
2025-08-22,112500.0,117429.05,111684.79,116935.99,23128.09037,3374.39990234375,97.72000122070312,14.220000267028809,0.302158273381295,278.0
2025-08-23,116936.0,117030.0,114560.0,115438.05,11329.36197,3374.39990234375,97.72000122070312,14.220000267028809,0.4666666666666667,165.0
2025-08-24,115438.06,115666.68,110680.0,113493.59,21175.98462,3374.39990234375,97.72000122070312,14.220000267028809,0.37333333333333335,150.0
2025-08-25,113493.59,113667.28,109274.1,110111.98,25182.79379,3373.800048828125,98.43000030517578,14.789999961853027,0.2288135593220339,354.0
2025-08-26,110111.98,112371.0,108666.66,111763.22,18452.43877,3388.60009765625,98.2300033569336,14.619999885559082,0.2222222222222222,315.0
2025-08-27,111763.22,112625.0,110345.42,111262.01,13392.60875,3404.60009765625,98.2300033569336,14.850000381469728,0.34057971014492755,276.0
2025-08-28,111262.01,113485.9,110862.42,112566.9,11104.27744,3431.800048828125,97.80999755859376,14.43000030517578,0.5498281786941581,291.0
2025-08-29,112566.9,112638.64,107463.9,108377.4,22580.31045,3473.699951171875,97.7699966430664,15.359999656677246,0.39087947882736157,307.0
2025-08-30,108377.4,108926.15,107350.1,108816.33,10708.39159,3473.699951171875,97.7699966430664,15.359999656677246,0.24571428571428572,175.0
2025-08-31,108816.33,109480.02,108076.93,108246.35,9489.51596,3473.699951171875,97.7699966430664,15.359999656677246,0.18620689655172415,145.0
2025-09-01,108246.36,109912.4,107255.0,109237.42,16053.60219,3473.699951171875,97.7699966430664,15.359999656677246,0.3223684210526316,304.0
2025-09-02,109237.43,111771.52,108393.39,111240.01,18510.28756,3549.39990234375,98.4000015258789,17.170000076293945,0.40404040404040403,297.0
2025-09-03,111240.01,112575.27,110528.71,111705.71,11773.72084,3593.199951171875,98.13999938964844,16.350000381469727,0.5330882352941176,272.0
2025-09-04,111705.72,112180.0,109329.12,110730.87,12203.13536,3565.800048828125,98.3499984741211,15.300000190734863,0.34317343173431736,271.0
2025-09-05,110730.87,113384.62,110206.96,110659.99,21587.40888,3613.199951171875,97.7699966430664,15.18000030517578,0.29136690647482016,278.0
2025-09-06,110660.0,111307.7,109977.0,110187.97,5000.29897,3613.199951171875,97.7699966430664,15.18000030517578,0.21311475409836064,122.0
2025-09-07,110187.98,111600.0,110180.0,111137.34,5681.29944,3613.199951171875,97.7699966430664,15.18000030517578,0.375,104.0
2025-09-08,111137.35,112924.37,110621.78,112065.23,11582.40211,3638.10009765625,97.4499969482422,15.109999656677246,0.35668789808917195,314.0
2025-09-09,112065.23,113293.29,110766.66,111546.39,15379.28248,3643.300048828125,97.79000091552734,15.039999961853027,0.4309210526315789,304.0
2025-09-10,111546.38,114313.13,110917.45,113960.0,17517.41823,3643.60009765625,97.77999877929688,15.350000381469728,0.5454545454545454,275.0
2025-09-11,113960.0,115488.09,113430.0,115482.69,13676.73119,3636.89990234375,97.54000091552734,14.710000038146973,0.5598455598455598,259.0
2025-09-12,115482.69,116665.63,114740.99,116029.42,15324.10719,3649.39990234375,97.5500030517578,14.760000228881836,0.552,250.0
2025-09-13,116029.41,116298.78,115127.27,115918.29,8269.40394,3649.39990234375,97.5500030517578,14.760000228881836,0.6033057851239669,121.0
2025-09-14,115918.29,116165.19,115135.0,115268.01,6707.60197,3649.39990234375,97.5500030517578,14.760000228881836,0.45794392523364486,107.0
2025-09-15,115268.01,116757.99,114384.0,115349.71,13212.51149,3682.199951171875,97.3000030517578,15.6899995803833,0.4181184668989547,287.0
2025-09-16,115349.71,116964.27,114737.11,116788.96,10926.9094,3688.89990234375,96.62999725341795,16.360000610351562,0.5352564102564102,312.0
2025-09-17,116788.96,117286.73,114720.81,116447.59,16754.2454,3681.800048828125,96.87000274658205,15.720000267028809,0.4559386973180077,261.0
2025-09-18,116447.6,117900.0,116092.76,117073.53,11657.23365,3643.699951171875,97.3499984741211,15.699999809265137,0.5725806451612904,248.0
2025-09-19,117073.53,117459.99,115100.0,115632.38,8992.09065,3671.5,97.63999938964844,15.449999809265137,0.48333333333333334,240.0
2025-09-20,115632.39,116121.81,115408.47,115685.63,4674.92752,3671.5,97.63999938964844,15.449999809265137,0.3898305084745763,118.0
2025-09-21,115685.63,115819.06,115188.0,115232.29,4511.52219,3671.5,97.63999938964844,15.449999809265137,0.39080459770114945,87.0
2025-09-22,115232.29,115379.25,111800.0,112650.99,20781.71356,3740.699951171875,97.33000183105467,16.100000381469727,0.21875,288.0
2025-09-23,112650.99,113290.5,111458.73,111998.8,12301.3203,3780.60009765625,97.26000213623048,16.639999389648438,0.288961038961039,308.0
2025-09-24,111998.8,113940.0,111042.66,113307.0,12369.25967,3732.10009765625,97.87000274658205,16.18000030517578,0.40711462450592883,253.0
2025-09-25,113307.01,113510.23,108631.51,108994.49,21231.14957,3736.89990234375,98.5500030517578,16.739999771118164,0.29457364341085274,258.0
2025-09-26,108994.49,110300.0,108620.07,109643.46,14243.01591,3775.300048828125,98.1500015258789,15.289999961853027,0.0211864406779661,236.0
2025-09-27,109643.46,109743.91,109064.4,109635.85,5501.78643,3775.300048828125,98.1500015258789,15.289999961853027,0.19230769230769232,130.0
2025-09-28,109635.85,112350.0,109189.99,112163.95,7542.3316,3775.300048828125,98.1500015258789,15.289999961853027,0.34408602150537637,93.0
2025-09-29,112163.96,114400.0,111560.65,114311.96,15541.12005,3820.89990234375,97.91000366210938,16.1200008392334,0.33201581027667987,253.0
2025-09-30,114311.97,114792.0,112656.27,114048.93,15044.15633,3840.800048828125,97.7699966430664,16.280000686645508,0.4796380090497738,221.0
2025-10-01,114048.94,118649.1,113966.67,118594.99,20036.39516,3867.5,97.70999908447266,16.290000915527344,0.6108786610878661,239.0
2025-10-02,118594.99,121022.07,118279.31,120529.35,19670.83503,3839.699951171875,97.8499984741211,16.6299991607666,0.7215686274509804,255.0
2025-10-03,120529.35,123894.99,119248.3,122232.0,23936.328,3880.800048828125,97.72000122070312,16.649999618530273,0.7172995780590717,237.0
2025-10-04,122232.21,122800.0,121510.0,122391.0,8208.16678,3880.800048828125,97.72000122070312,16.649999618530273,0.6727272727272727,110.0
2025-10-05,122390.99,125708.42,122136.0,123482.31,22043.097553,3880.800048828125,97.72000122070312,16.649999618530273,0.7522123893805309,113.0
2025-10-06,123482.32,126199.63,123084.0,124658.54,19494.628793,3948.5,98.11000061035156,16.3700008392334,0.6846846846846847,222.0
2025-10-07,124658.54,125126.0,120574.94,121332.95,21633.99385,3976.60009765625,98.58000183105467,17.239999771118164,0.6993243243243243,296.0
2025-10-08,121332.96,124197.25,121066.14,123306.0,17012.618,4043.300048828125,98.8499984741211,16.299999237060547,0.5072463768115942,552.0
2025-10-09,123306.01,123762.94,119651.47,121662.4,21559.36007,3946.300048828125,99.54000091552734,16.43000030517578,0.4338709677419355,620.0
2025-10-10,121662.41,122550.0,102000.0,112774.5,64171.93927,3975.89990234375,98.9800033569336,21.65999984741211,0.32825040128410915,1246.0
2025-10-11,112774.49,113322.39,109561.59,110644.4,35448.51652,3975.89990234375,98.9800033569336,21.65999984741211,0.2425249169435216,301.0
2025-10-12,110644.4,115770.0,109565.06,114958.8,32255.30272,3975.89990234375,98.9800033569336,21.65999984741211,0.07142857142857142,140.0
2025-10-13,114958.81,115963.81,113616.5,115166.0,22557.24033,4108.60009765625,99.2699966430664,19.030000686645508,0.4483906770255272,901.0
2025-10-14,115166.0,115409.96,109866.0,113028.14,31870.32974,4138.7001953125,99.0500030517578,20.809999465942383,0.12921348314606743,890.0
2025-10-15,113028.13,113612.35,110164.0,110763.28,22986.48811,4176.89990234375,98.79000091552734,20.63999938964844,-0.08222811671087533,754.0
2025-10-16,110763.28,111982.45,107427.0,108194.28,29857.17252,4280.2001953125,98.38999938964844,25.309999465942383,0.20845481049562684,686.0
2025-10-17,108194.27,109240.0,103528.23,106431.68,37920.66838,4189.89990234375,98.43000030517578,20.780000686645508,-0.058653846153846154,1040.0
2025-10-18,106431.68,107499.0,106322.2,107185.01,11123.18766,4189.89990234375,98.43000030517578,20.780000686645508,-0.29545454545454547,396.0
2025-10-19,107185.0,109450.07,106103.36,108642.78,15480.66423,4189.89990234375,98.43000030517578,20.780000686645508,0.4013840830449827,289.0
2025-10-20,108642.77,111705.56,107402.52,110532.09,19193.4416,4336.39990234375,98.58999633789062,18.229999542236328,0.5380774032459426,801.0
2025-10-21,110532.09,114000.0,107473.72,108297.67,37228.01659,4087.699951171875,98.93000030517578,17.8700008392334,0.08742514970059881,835.0
2025-10-22,108297.66,109163.88,106666.69,107567.44,28610.78451,4044.39990234375,98.9000015258789,18.600000381469727,0.09799789251844046,949.0
2025-10-23,107567.45,111293.61,107500.0,110078.18,17573.09294,4125.5,98.94000244140624,17.299999237060547,-0.18417639429312582,771.0
2025-10-24,110078.19,112104.98,109700.01,111004.89,15005.16913,4118.39990234375,98.9499969482422,16.3700008392334,0.3319039451114923,1166.0
2025-10-25,111004.9,111943.19,110672.86,111646.27,6407.96864,4118.39990234375,98.9499969482422,16.3700008392334,0.4495798319327731,238.0
2025-10-26,111646.27,115466.8,111260.45,114559.4,13454.47737,4118.39990234375,98.9499969482422,16.3700008392334,0.30246913580246915,162.0
2025-10-27,114559.41,116400.0,113830.01,114107.65,21450.23241,4001.89990234375,98.77999877929688,15.789999961853027,0.5045045045045045,444.0
2025-10-28,114107.65,116086.0,112211.0,112898.45,15523.42257,3966.199951171875,98.69000244140624,16.420000076293945,0.36314363143631434,369.0
2025-10-29,112898.44,113643.73,109200.0,110021.29,21079.71376,3983.699951171875,99.22000122070312,16.920000076293945,0.28852459016393445,305.0
2025-10-30,110021.3,111592.0,106304.34,108322.88,25988.82838,4001.300048828125,99.52999877929688,16.90999984741211,0.15282392026578073,301.0
2025-10-31,108322.87,111190.0,108275.28,109608.01,21518.20439,3982.199951171875,99.8000030517578,17.440000534057617,0.13503649635036497,274.0
2025-11-01,109608.01,110564.49,109394.81,110098.1,7378.50431,3982.199951171875,99.8000030517578,17.440000534057617,0.2976190476190476,168.0
2025-11-02,110098.1,111250.01,109471.34,110540.68,12107.00087,3982.199951171875,99.8000030517578,17.440000534057617,0.26229508196721313,122.0
2025-11-03,110540.69,110750.0,105306.56,106583.04,28681.18779,4000.300048828125,99.87000274658205,17.170000076293945,-0.026119402985074626,268.0
2025-11-04,106583.05,107299.0,98944.36,101497.22,50534.87376,3947.699951171875,100.22000122070312,19.0,-0.09863013698630137,365.0
2025-11-05,101497.23,104534.74,98966.8,103885.16,33778.77571,3980.300048828125,100.1999969482422,18.010000228881836,0.021447721179624665,373.0
2025-11-06,103885.16,104200.0,100300.95,101346.04,25814.62139,3979.89990234375,99.7300033569336,19.5,0.13131313131313133,297.0
2025-11-07,101346.04,104096.36,99260.86,103339.08,32059.50942,3999.39990234375,99.5999984741211,19.07999992370605,0.1394422310756972,251.0
2025-11-08,103339.09,103406.22,101454.0,102312.94,12390.77985,3999.39990234375,99.5999984741211,19.07999992370605,0.12258064516129032,155.0
2025-11-09,102312.95,105495.62,101400.0,104722.96,16338.97096,3999.39990234375,99.5999984741211,19.07999992370605,0.2288135593220339,118.0
2025-11-10,104722.95,106670.11,104265.02,106011.13,22682.25673,4111.7998046875,99.62000274658205,17.600000381469727,0.30250990752972257,757.0
2025-11-11,106011.13,107500.0,102476.09,103058.99,24196.50718,4106.7998046875,99.45999908447266,17.280000686645508,0.10630407911001236,809.0
2025-11-12,103059.0,105333.33,100813.59,101654.37,20457.63906,4204.39990234375,99.4800033569336,17.510000228881836,0.06143001007049345,993.0
2025-11-13,101654.37,104085.01,98000.4,99692.02,36198.50771,4186.89990234375,99.18000030517578,20.0,0.22188905547226387,667.0
2025-11-14,99692.03,99866.02,94012.45,94594.0,47288.14481,4087.60009765625,99.2699966430664,19.82999992370605,-0.18837675350701402,499.0
2025-11-15,94594.0,96846.68,94558.49,95596.24,15110.89391,4087.60009765625,99.2699966430664,19.82999992370605,0.17333333333333334,225.0
2025-11-16,95596.23,96635.11,93005.55,94261.44,23889.4051,4087.60009765625,99.2699966430664,19.82999992370605,-0.12048192771084337,166.0
2025-11-17,94261.45,96043.0,91220.0,92215.14,39218.59806,4068.300048828125,99.58999633789062,22.3799991607666,-0.026499302649930265,717.0
2025-11-18,92215.14,93836.01,89253.78,92960.83,39835.14769,4061.300048828125,99.5500030517578,24.690000534057617,0.07847082494969819,497.0
2025-11-19,92960.83,92980.22,88608.0,91554.96,32286.6376,4077.699951171875,100.2300033569336,23.65999984741211,-0.15074626865671642,670.0
2025-11-20,91554.96,93160.0,86100.0,86637.23,39733.19073,4056.5,100.16000366210938,26.420000076293945,0.13694267515923567,942.0
2025-11-21,86637.22,87498.94,80600.0,85129.43,72256.12679,4076.699951171875,100.18000030517578,23.43000030517578,-0.20959595959595959,1584.0
2025-11-22,85129.42,85620.0,83500.0,84739.74,14193.93263,4076.699951171875,100.18000030517578,23.43000030517578,0.30472103004291845,466.0
2025-11-23,84739.75,88127.64,84667.57,86830.0,19734.46418,4076.699951171875,100.18000030517578,23.43000030517578,-0.5191082802547771,628.0
2025-11-24,86830.0,89228.0,85272.0,88300.01,24663.12795,4091.89990234375,100.13999938964844,20.520000457763672,0.1144578313253012,830.0
2025-11-25,88300.01,88519.99,86116.0,87369.96,19567.0411,4139.2001953125,99.66000366210938,18.559999465942383,0.072265625,512.0
2025-11-26,87369.97,90656.08,86306.77,90484.02,21675.82239,4165.2001953125,99.5999984741211,17.190000534057617,0.15051546391752577,485.0
2025-11-27,90484.01,91950.0,90089.91,91333.95,16833.50932,4165.2001953125,99.5999984741211,17.190000534057617,0.35731414868105515,417.0
2025-11-28,91333.94,93092.0,90180.63,90890.7,18830.86012,4218.2998046875,99.45999908447266,16.350000381469727,0.048582995951417005,494.0
2025-11-29,90890.71,91165.65,90155.47,90802.44,7429.88291,4218.2998046875,99.45999908447266,16.350000381469727,0.3575418994413408,179.0
2025-11-30,90802.44,92000.01,90336.9,90360.0,9687.74175,4218.2998046875,99.45999908447266,16.350000381469727,0.16379310344827586,116.0
2025-12-01,90360.01,90417.0,83822.76,86286.01,34509.01227,4239.2998046875,99.41000366210938,17.239999771118164,-0.22195121951219512,410.0
2025-12-02,86286.01,92307.65,86184.39,91277.88,28210.22732,4186.60009765625,99.36000061035156,16.59000015258789,0.34452296819787986,566.0
2025-12-03,91277.88,94150.0,90990.23,93429.95,25712.52585,4199.2998046875,98.8499984741211,16.079999923706055,0.2978723404255319,517.0
2025-12-04,93429.95,94080.0,90889.0,92078.06,19803.94059,4211.7998046875,98.98999786376952,15.779999732971191,0.4024390243902439,328.0
2025-12-05,92078.06,92692.36,88056.0,89330.04,19792.97218,4212.89990234375,98.98999786376952,15.40999984741211,0.06984126984126984,315.0
2025-12-06,89330.04,90289.97,88908.01,89236.79,8409.50016,4212.89990234375,98.98999786376952,15.40999984741211,0.1329479768786127,173.0
2025-12-07,89236.8,91760.0,87719.28,90395.31,13021.11185,4212.89990234375,98.98999786376952,15.40999984741211,0.21481481481481482,135.0
2025-12-08,90395.32,92287.15,89612.0,90634.34,15793.63887,4187.2001953125,99.08999633789062,16.65999984741211,0.39372822299651566,287.0
2025-12-09,90634.35,94588.99,89500.0,92678.8,21240.43014,4206.7001953125,99.22000122070312,16.93000030517578,0.35555555555555557,315.0
2025-12-10,92678.81,94476.0,91563.15,92015.37,18998.68083,4196.39990234375,98.79000091552734,15.770000457763672,0.33933933933933935,333.0
2025-12-11,92015.38,93555.0,89260.63,92513.38,19972.58758,4285.5,98.3499984741211,14.850000381469728,0.06741573033707865,267.0
2025-12-12,92513.38,92754.0,89480.0,90268.42,16679.19169,4300.10009765625,98.4000015258789,15.739999771118164,0.22522522522522523,222.0
2025-12-13,90268.43,90634.55,89766.39,90240.01,5895.70788,4300.10009765625,98.4000015258789,15.739999771118164,0.11764705882352941,119.0
2025-12-14,90240.0,90472.4,87577.36,88172.17,9416.94004,4300.10009765625,98.4000015258789,15.739999771118164,0.07407407407407407,135.0
2025-12-15,88172.16,90052.64,85146.64,86432.08,19778.6919,4306.7001953125,98.1500015258789,16.5,-0.08080808080808081,297.0
2025-12-16,86432.08,88175.98,85266.0,87863.42,18456.05017,4304.5,98.1500015258789,16.479999542236328,0.06948640483383686,331.0
2025-12-17,87863.43,90365.85,85314.0,86243.22,19834.11729,4347.5,98.37000274658205,17.6200008392334,0.030120481927710843,332.0
2025-12-18,86243.23,89477.61,84450.01,85516.41,25405.41763,4339.5,98.43000030517578,16.8700008392334,0.1037037037037037,270.0
2025-12-19,85516.41,89399.97,85110.24,88136.94,21256.65004,4361.39990234375,98.5999984741211,14.90999984741211,0.05725190839694656,262.0
2025-12-20,88136.95,88573.07,87795.76,88360.9,5123.13194,4361.39990234375,98.5999984741211,14.90999984741211,0.19130434782608696,115.0
2025-12-21,88360.91,89081.77,87600.04,88658.86,7132.87258,4361.39990234375,98.5999984741211,14.90999984741211,0.05263157894736842,114.0
2025-12-22,88658.87,90588.23,87900.0,88620.79,14673.2197,4444.60009765625,98.29000091552734,14.079999923706056,0.20168067226890757,238.0
2025-12-23,88620.79,88940.0,86601.9,87486.0,13910.32904,4482.7998046875,97.94000244140624,14.0,0.03278688524590164,244.0
2025-12-24,87486.0,88049.89,86420.0,87669.45,9140.8432,4480.60009765625,97.9800033569336,13.470000267028809,-0.032407407407407406,216.0
2025-12-25,87669.44,88592.74,86934.72,87225.27,7096.58235,4480.60009765625,97.9800033569336,13.470000267028809,0.025,120.0
2025-12-26,87225.27,89567.75,86655.08,87369.56,18344.61505,4529.10009765625,98.0199966430664,13.600000381469728,0.057803468208092484,173.0
2025-12-27,87369.56,87984.0,87253.05,87877.01,4469.55156,4529.10009765625,98.0199966430664,13.600000381469728,0.04,125.0
2025-12-28,87877.0,88088.75,87435.0,87952.71,4446.29285,4529.10009765625,98.0199966430664,13.600000381469728,0.03333333333333333,120.0
2025-12-29,87952.71,90406.08,86806.5,87237.13,19894.98575,4325.10009765625,98.04000091552734,14.199999809265137,0.14563106796116504,412.0
2025-12-30,87237.13,89400.0,86845.66,88485.49,13105.91001,4370.10009765625,98.23999786376952,14.329999923706056,0.10772357723577236,492.0
2025-12-31,88485.5,89200.0,87250.0,87648.22,11558.62047,4325.60009765625,98.27999877929688,14.949999809265137,0.16666666666666666,330.0
2026-01-01,87648.21,88919.45,87550.43,88839.04,6279.57133,4325.60009765625,98.27999877929688,14.949999809265137,0.17857142857142858,112.0
2026-01-02,88839.05,90961.81,88379.88,89995.13,17396.97301,4314.39990234375,98.41999816894533,14.510000228881836,0.027210884353741496,147.0
2026-01-03,89995.14,90741.16,89314.01,90628.01,7057.46716,4314.39990234375,98.41999816894533,14.510000228881836,0.038834951456310676,103.0
2026-01-04,90628.01,91810.0,90628.0,91529.73,10426.5297,4314.39990234375,98.41999816894533,14.510000228881836,0.5641025641025641,78.0
2026-01-05,91529.74,94789.08,91514.81,93859.71,20673.59584,4436.89990234375,98.2699966430664,14.899999618530272,0.43805309734513276,226.0
2026-01-06,93859.71,94444.44,91262.94,93747.97,18546.41829,4482.2001953125,98.58000183105467,14.75,0.4777327935222672,247.0
2026-01-07,93747.97,93747.97,90675.52,91364.16,14276.49025,4449.2998046875,98.68000030517578,15.380000114440918,0.3141592920353982,226.0
2026-01-08,91364.16,91687.99,89311.0,91099.99,16132.79117,4449.7001953125,98.93000030517578,15.449999809265137,0.12953367875647667,193.0
2026-01-09,91100.0,92082.55,89694.66,90641.28,15590.27939,4490.2998046875,99.12999725341795,14.489999771118164,0.13541666666666666,192.0
2026-01-10,90641.27,90832.0,90404.0,90504.7,3104.11722,4490.2998046875,99.12999725341795,14.489999771118164,0.23300970873786409,103.0
2026-01-11,90504.7,91283.89,90236.0,91013.65,5477.13594,4490.2998046875,99.12999725341795,14.489999771118164,0.3333333333333333,69.0
2026-01-12,91013.66,92519.95,90128.44,91296.2,16188.08268,4604.2998046875,98.86000061035156,15.119999885559082,0.24736842105263157,190.0
2026-01-13,91296.2,96495.0,91042.66,95414.0,23021.51482,4589.2001953125,99.12999725341795,15.979999542236328,0.22317596566523606,233.0
2026-01-14,95413.99,97924.49,94559.28,96951.78,22851.89428,4626.2998046875,99.12999725341795,16.75,0.5575221238938053,226.0
2026-01-15,96951.78,97193.34,95134.48,95604.8,21725.81369,4616.2998046875,99.31999969482422,15.84000015258789,0.5231481481481481,216.0
2026-01-16,95604.81,95871.47,94293.46,95550.94,11167.7146,4588.39990234375,99.38999938964844,15.859999656677246,0.22119815668202766,217.0
2026-01-17,95550.94,95639.45,95021.67,95147.77,4280.80137,4588.39990234375,99.38999938964844,15.859999656677246,0.1782178217821782,101.0
2026-01-18,95147.77,95531.12,93615.4,93673.14,6895.17819,4588.39990234375,99.38999938964844,15.859999656677246,0.4125,80.0
2026-01-19,93673.14,93673.14,91910.2,92631.0,14295.52747,4588.39990234375,99.38999938964844,15.859999656677246,-0.09223300970873786,206.0
2026-01-20,92630.99,92870.0,87895.98,88427.66,22007.3261,4759.60009765625,98.63999938964844,20.09000015258789,-0.12162162162162163,222.0
2026-01-21,88427.66,90574.0,87263.53,89454.73,20617.50372,4831.7998046875,98.76000213623048,16.899999618530273,-0.05054151624548736,277.0
2026-01-22,89454.73,90359.99,88515.37,89559.67,10825.50492,4908.7998046875,98.36000061035156,15.640000343322754,0.16593886462882096,229.0
2026-01-23,89559.68,91224.99,88578.36,89600.26,13918.48919,4976.2001953125,97.5999984741211,16.09000015258789,0.019305019305019305,259.0
2026-01-24,89600.26,89957.39,89162.08,89225.34,4226.56737,4976.2001953125,97.5999984741211,16.09000015258789,-0.044585987261146494,157.0
2026-01-25,89225.34,89319.13,86074.72,86670.36,14426.22019,4976.2001953125,97.5999984741211,16.09000015258789,-0.08333333333333333,108.0
2026-01-26,86670.36,88860.0,86509.63,88347.08,17766.51453,5079.7001953125,97.04000091552734,16.149999618530273,-0.07657657657657657,222.0
2026-01-27,88347.08,89523.16,87304.33,89250.0,13125.40425,5079.89990234375,96.22000122070312,16.350000381469727,0.06694560669456066,239.0
2026-01-28,89249.99,90600.0,88833.65,89299.99,14332.18502,5301.60009765625,96.4499969482422,16.350000381469727,0.17786561264822134,253.0
2026-01-29,89300.0,89348.0,83383.33,84650.16,30431.38201,5318.39990234375,96.27999877929688,16.8799991607666,-0.24015748031496062,254.0
2026-01-30,84650.16,84735.75,81118.0,84260.49,35195.84793,4713.89990234375,96.98999786376952,17.440000534057617,-0.2683982683982684,231.0
2026-01-31,84260.5,84270.02,75719.9,78741.09,39491.89133,4713.89990234375,96.98999786376952,17.440000534057617,-0.35947712418300654,153.0
2026-02-01,78741.1,79424.0,75700.0,76968.21,25395.48168,4713.89990234375,96.98999786376952,17.440000534057617,-0.4444444444444444,171.0
2026-02-02,76968.22,79360.0,74604.0,78738.61,42273.59016,4622.5,97.61000061035156,16.34000015258789,-0.3086816720257235,311.0
2026-02-03,78738.6,79186.81,72945.5,75770.21,39120.10889,4903.7001953125,97.44000244140624,18.0,-0.07027027027027027,370.0
2026-02-04,75770.21,76971.52,71888.0,73165.83,38375.36,4920.39990234375,97.62000274658205,18.63999938964844,-0.2006079027355623,329.0
2026-02-05,73165.84,73341.18,62345.0,62909.86,106298.82899,4861.39990234375,97.81999969482422,21.770000457763672,-0.3542168674698795,415.0
2026-02-06,62909.87,71751.33,60000.0,70580.26,92539.21531,4951.2001953125,97.62999725341795,20.3700008392334,-0.19248826291079812,426.0
2026-02-07,70580.26,71690.07,67300.0,69289.38,44255.48036,4951.2001953125,97.62999725341795,20.3700008392334,-0.15827338129496402,139.0
2026-02-08,69289.37,72271.41,68888.0,70330.38,21420.53168,4951.2001953125,97.62999725341795,20.3700008392334,0.0707070707070707,99.0
2026-02-09,70330.38,71453.53,68308.0,70138.0,29152.72842,5050.89990234375,96.81999969482422,17.360000610351562,0.04609929078014184,282.0
2026-02-10,70138.0,70527.59,67800.0,68841.29,20373.77072,5003.7998046875,96.8000030517578,17.790000915527344,-0.05673758865248227,282.0
2026-02-11,68841.28,69292.88,65756.0,67082.52,28718.24602,5071.60009765625,96.83000183105467,17.649999618530273,-0.10384615384615385,260.0
2026-02-12,67082.52,68410.52,65118.0,66272.17,24271.74283,4923.7001953125,96.93000030517578,20.81999969482422,-0.047244094488188976,254.0
2026-02-13,66272.17,69482.97,65872.46,68853.96,20244.54955,5022.0,96.87999725341795,20.600000381469727,-0.10550458715596331,218.0
2026-02-14,68853.97,70560.01,68730.13,69822.95,18114.78393,5022.0,96.87999725341795,20.600000381469727,0.006024096385542169,166.0
2026-02-15,69822.94,70983.0,68000.0,68832.58,22290.05208,5022.0,96.87999725341795,20.600000381469727,0.07865168539325842,89.0
2026-02-16,68832.59,70126.67,67294.11,68892.43,15515.76534,5022.0,96.87999725341795,20.600000381469727,-0.1111111111111111,225.0
2026-02-17,68892.43,69241.5,66621.06,67503.52,16489.06921,4882.89990234375,97.16000366210938,20.290000915527344,0.07630522088353414,249.0
2026-02-18,67503.52,68476.22,65870.0,66461.0,15492.43839,4986.5,97.6999969482422,19.6200008392334,0.02564102564102564,273.0
2026-02-19,66461.0,67320.0,65631.83,67003.73,14542.26988,4975.89990234375,97.93000030517578,20.229999542236328,-0.016736401673640166,239.0
2026-02-20,67003.73,68318.39,66280.2,68020.01,35351.87091,5059.2998046875,97.8000030517578,19.09000015258789,-0.09433962264150944,212.0
2026-02-21,68020.0,68698.7,67534.69,67975.93,8032.84131,5059.2998046875,97.8000030517578,19.09000015258789,0.04878048780487805,123.0
2026-02-22,67975.93,68245.0,67190.0,67643.4,8175.13484,5059.2998046875,97.8000030517578,19.09000015258789,-0.036036036036036036,111.0
2026-02-23,67643.39,67684.86,63888.79,64656.02,33075.90923,5204.7001953125,97.6999969482422,21.01000022888184,-0.16891891891891891,296.0
2026-02-24,64656.01,65026.75,62510.28,64058.15,23102.83622,5155.7998046875,97.87999725341795,19.549999237060547,-0.20930232558139536,258.0
2026-02-25,64058.15,69988.83,63913.27,67988.04,30749.99259,5206.39990234375,97.6999969482422,17.93000030517578,0.11336032388663968,247.0
2026-02-26,67988.04,68860.0,66500.0,67485.18,20737.77792,5176.5,97.79000091552734,18.6299991607666,0.20434782608695654,230.0
2026-02-27,67485.19,68216.8,64914.46,65872.1,21228.58424,5230.5,97.61000061035156,19.86000061035156,0.05194805194805195,231.0
2026-02-28,65872.09,67760.0,63030.0,66973.26,22548.71649,5230.5,97.61000061035156,19.86000061035156,-0.16292134831460675,178.0
2026-03-01,66973.26,68199.99,65056.0,65776.47,23201.85859,5230.5,97.61000061035156,19.86000061035156,-0.031007751937984496,129.0
2026-03-02,65776.48,70096.0,65259.21,68830.06,32010.38431,5294.39990234375,98.37999725341795,21.440000534057617,0.23684210526315788,228.0
2026-03-03,68830.06,69258.08,66158.0,68338.0,24972.2418,5107.39990234375,99.0500030517578,23.56999969482422,0.22321428571428573,224.0
2026-03-04,68338.01,74050.0,67400.0,72666.77,44919.0761,5120.2001953125,98.7699966430664,21.149999618530277,0.4312977099236641,262.0
2026-03-05,72666.77,73558.15,70645.47,70890.72,26590.51253,5065.2998046875,99.31999969482422,23.75,0.2796610169491525,236.0
2026-03-06,70891.02,71419.98,67744.78,68114.02,22629.88722,5146.10009765625,98.98999786376952,29.489999771118164,0.0,220.0
2026-03-07,68114.02,68551.04,66915.26,67262.91,12719.54315,5146.10009765625,98.98999786376952,29.489999771118164,-0.18947368421052632,95.0
2026-03-08,67262.91,68200.0,65618.49,65971.2,21593.63901,5146.10009765625,98.98999786376952,29.489999771118164,0.19047619047619047,84.0
2026-03-09,65971.2,69516.65,65821.97,68432.16,28896.7213,5091.5,99.18000030517578,25.5,0.25102880658436216,243.0
2026-03-10,68432.16,71777.0,68391.41,69948.63,32602.57726,5229.7001953125,98.83000183105467,24.93000030517578,0.3348623853211009,218.0
2026-03-11,69948.64,71321.0,68977.91,70191.86,27249.27542,5167.39990234375,99.2300033569336,24.229999542236328,0.21634615384615385,208.0
2026-03-12,70191.86,70800.0,69205.91,70541.34,21997.1605,5115.7998046875,99.73999786376952,27.290000915527344,0.10050251256281408,199.0
2026-03-13,70541.34,73913.74,70386.01,70930.0,35996.61678,5052.5,100.36000061035156,27.190000534057617,0.2978723404255319,235.0
2026-03-14,70930.01,71307.92,70317.0,71211.95,13017.24737,5052.5,100.36000061035156,27.190000534057617,0.14782608695652175,115.0
2026-03-15,71211.95,73199.0,70858.82,72815.24,14037.30704,5052.5,100.36000061035156,27.190000534057617,0.20618556701030927,97.0
2026-03-16,72815.25,74909.08,72270.41,74884.67,28409.53019,4994.0,99.70999908447266,23.51000022888184,0.5467289719626168,214.0
2026-03-17,74884.67,76000.0,73399.19,73909.36,24521.26636,5001.0,99.58000183105467,22.3700008392334,0.2897196261682243,214.0
2026-03-18,73909.37,74672.34,70500.0,71246.54,23392.88093,4889.89990234375,100.08999633789062,25.09000015258789,0.12087912087912088,182.0
2026-03-19,71246.55,71613.79,68793.35,69930.0,22364.81819,4600.7001953125,99.2300033569336,24.059999465942383,-0.027522935779816515,218.0
2026-03-20,69930.01,71367.0,69388.0,70510.73,18121.16745,4570.39990234375,99.6500015258789,26.780000686645508,0.08021390374331551,187.0
2026-03-21,70510.73,71100.94,68571.42,68918.12,13397.1675,4570.39990234375,99.6500015258789,26.780000686645508,0.019230769230769232,104.0
2026-03-22,68918.12,69588.79,67360.66,67859.0,14843.78682,4570.39990234375,99.6500015258789,26.780000686645508,-0.24175824175824176,91.0
2026-03-23,67859.0,71817.09,67445.18,70906.45,28335.09119,4404.10009765625,98.9499969482422,26.149999618530277,0.029045643153526972,241.0
2026-03-24,70906.45,71400.0,68923.07,70556.74,20702.42244,4399.2998046875,99.43000030517578,26.950000762939453,0.3755868544600939,213.0
2026-03-25,70556.74,72026.09,70408.0,71336.53,17719.50066,4549.7998046875,99.5999984741211,25.32999992370605,0.28342245989304815,187.0
2026-03-26,71336.53,71436.82,68153.0,68820.31,20820.45768,4375.5,99.9000015258789,27.440000534057617,0.044534412955465584,247.0
2026-03-27,68820.31,69179.05,65548.25,66407.28,28603.69557,4492.0,100.1500015258789,31.049999237060547,-0.26956521739130435,230.0
2026-03-28,66407.28,67288.94,65932.09,66377.03,11462.39847,4492.0,100.1500015258789,31.049999237060547,-0.09195402298850575,87.0
2026-03-29,66377.04,67130.5,65000.0,66010.93,10052.85584,4492.0,100.1500015258789,31.049999237060547,-0.27631578947368424,76.0
2026-03-30,66010.93,68169.65,65800.59,66797.37,18353.38975,4526.0,100.51000213623048,30.61000061035156,-0.020942408376963352,191.0
2026-03-31,66797.38,68589.49,65998.05,68284.48,22105.40662,4647.60009765625,99.95999908447266,25.25,-0.075,240.0
2026-04-01,68284.49,69310.0,67578.75,68113.92,19020.1899,4783.2001953125,99.6500015258789,24.540000915527344,0.15384615384615385,182.0
2026-04-02,68113.92,68653.38,65712.12,66901.99,20203.47916,4651.5,100.02999877929688,23.8700008392334,-0.2074468085106383,188.0
2026-04-03,66901.99,67370.42,66282.0,66964.3,11429.13131,4651.5,100.02999877929688,23.8700008392334,-0.0058823529411764705,170.0
2026-04-04,66964.29,67562.93,66775.91,67300.42,7373.51613,4651.5,100.02999877929688,23.8700008392334,0.08461538461538462,130.0
2026-04-05,67300.42,69136.2,66611.66,69034.18,11733.46752,4651.5,100.02999877929688,23.8700008392334,0.06451612903225806,93.0
2026-04-06,69034.18,70351.46,68300.0,68853.66,20281.61044,4656.7998046875,99.9800033569336,24.170000076293945,0.2391304347826087,184.0
2026-04-07,68853.66,72761.0,67732.01,71924.22,23750.49661,4657.10009765625,99.63999938964844,25.780000686645508,0.07476635514018691,214.0
2026-04-08,71924.22,72857.0,70707.23,71069.93,19802.68627,4749.5,99.12999725341795,21.040000915527344,0.3381818181818182,275.0
2026-04-09,71069.93,73145.0,70466.0,71787.97,18158.42159,4792.2001953125,98.81999969482422,19.489999771118164,0.13793103448275862,232.0
2026-04-10,71787.98,73434.0,71426.15,72962.7,17372.63288,4761.89990234375,98.6500015258789,19.229999542236328,0.24870466321243523,193.0
2026-04-11,72962.71,73790.0,72513.09,73043.16,9070.94374,4761.89990234375,98.6500015258789,19.229999542236328,0.16822429906542055,107.0
2026-04-12,73043.16,73137.24,70505.88,70740.98,13472.46801,4761.89990234375,98.6500015258789,19.229999542236328,0.1111111111111111,81.0
2026-04-13,70741.56,74900.0,70566.99,74417.99,24230.21625,4742.39990234375,98.37000274658205,19.1200008392334,0.17204301075268819,186.0
2026-04-14,74418.0,76038.0,73795.47,74131.55,26532.94456,4825.0,98.12000274658205,18.36000061035156,0.461864406779661,236.0
2026-04-15,74131.55,75425.0,73514.0,74809.99,14425.04167,4800.0,98.05999755859376,18.170000076293945,0.3627450980392157,204.0
2026-04-16,74809.99,75534.76,73309.85,75154.29,17088.68777,4785.39990234375,98.22000122070312,17.940000534057617,0.28085106382978725,235.0
2026-04-17,75154.28,78333.0,74529.4,77072.0,25941.36694,4857.60009765625,98.0999984741211,17.479999542236328,0.36813186813186816,182.0
2026-04-18,77072.01,77420.08,75445.16,75691.76,9141.84456,4857.60009765625,98.0999984741211,17.479999542236328,0.08163265306122448,49.0
2026-04-19,75691.76,76240.66,73762.9,73801.79,11369.82232,4857.60009765625,98.0999984741211,17.479999542236328,0.12121212121212122,66.0
2026-04-20,73801.8,76558.62,73724.31,75840.97,16993.41034,4806.60009765625,98.0500030517578,18.8700008392334,0.20320855614973263,187.0
2026-04-21,75840.97,76927.57,74821.57,76336.15,14912.57132,4698.39990234375,98.41000366210938,19.5,0.3235294117647059,170.0
2026-04-22,76336.14,79472.82,76132.95,78178.23,19737.51225,4732.5,98.58999633789062,18.920000076293945,0.4622222222222222,225.0
2026-04-23,78178.22,78662.5,76960.0,78257.48,16970.79501,4705.10009765625,98.8000030517578,19.309999465942383,0.1642512077294686,207.0
2026-04-24,78257.48,78581.93,77264.08,77437.13,12675.14315,4722.2998046875,98.51000213623048,18.709999084472656,0.10752688172043011,186.0
2026-04-25,77437.13,77885.35,77140.23,77625.0,5685.1142,4722.2998046875,98.51000213623048,18.709999084472656,0.1,110.0
2026-04-26,77625.0,78961.0,77326.51,78657.55,7963.56162,4722.2998046875,98.51000213623048,18.709999084472656,0.16666666666666666,90.0
2026-04-27,78657.55,79485.66,76459.64,77371.32,16046.92418,4675.39990234375,98.4800033569336,18.020000457763672,0.20869565217391303,230.0
2026-04-28,77371.32,77478.0,75666.6,76342.77,13210.72383,4591.5,98.62000274658205,17.829999923706055,0.0763888888888889,288.0
2026-04-29,76342.78,77904.93,74937.52,75780.0,18279.93022,4545.2001953125,98.91999816894533,18.809999465942383,0.06477732793522267,247.0
2026-04-30,75780.0,76669.14,75323.65,76346.57,10381.81607,4614.7001953125,98.08000183105467,16.889999389648438,-0.0730593607305936,219.0
2026-05-01,76346.58,78914.12,76320.42,78231.13,17315.46502,4629.89990234375,98.20999908447266,16.989999771118164,0.2242152466367713,223.0
2026-05-02,78231.13,79199.48,78040.0,78686.85,6150.87642,4629.89990234375,98.20999908447266,16.989999771118164,0.2598870056497175,177.0
2026-05-03,78686.84,79447.0,78084.08,78568.57,7425.7929,4629.89990234375,98.20999908447266,16.989999771118164,0.22580645161290322,62.0
2026-05-04,78568.58,80776.99,78202.0,79861.01,26042.96135,4519.5,98.47000122070312,18.290000915527344,0.3979591836734694,196.0
2026-05-05,79861.01,81791.48,79808.72,80905.52,16947.17995,4555.7998046875,98.4800033569336,17.3799991607666,0.35175879396984927,199.0
2026-05-06,80905.53,82850.0,80731.14,81447.01,18798.77396,4681.89990234375,98.0199966430664,17.389999389648438,0.43805309734513276,226.0
2026-05-07,81447.01,81708.32,79500.0,80006.0,16154.80338,4699.7998046875,98.25,17.079999923706055,0.1743119266055046,218.0
2026-05-08,80006.0,80500.0,79181.48,80193.17,16001.31009,4720.39990234375,97.83999633789062,17.190000534057617,0.06735751295336788,193.0
2026-05-09,80193.18,81080.0,80129.85,80678.4,7548.42177,4720.39990234375,97.83999633789062,17.190000534057617,0.07920792079207921,101.0
2026-05-10,80678.41,82479.32,80279.77,82210.07,12034.31882,4720.39990234375,97.83999633789062,17.190000534057617,0.1348314606741573,89.0
2026-05-11,82210.07,82380.0,80462.97,81745.65,12951.76056,4718.7001953125,97.94000244140624,18.3799991607666,0.3696682464454976,211.0
2026-05-12,81745.66,81788.0,79843.59,80504.47,12386.25676,4677.60009765625,98.29000091552734,17.989999771118164,0.10185185185185185,216.0
2026-05-13,80504.47,81324.64,78754.65,79313.61,14810.05643,4697.7001953125,98.4800033569336,17.8700008392334,0.1691542288557214,201.0
2026-05-14,79313.61,82048.13,78922.0,81089.99,19727.86807,4678.10009765625,98.87999725341795,17.260000228881836,0.13839285714285715,224.0
2026-05-15,81090.0,81664.45,78659.0,79113.21,17351.27079,4555.7998046875,99.2699966430664,18.43000030517578,0.06806282722513089,191.0
2026-05-16,79113.2,79227.77,77640.0,78148.05,12132.86192,4555.7998046875,99.2699966430664,18.43000030517578,-0.03614457831325301,83.0
2026-05-17,78148.05,78599.99,76735.16,77457.67,8442.7022,4555.7998046875,99.2699966430664,18.43000030517578,0.047619047619047616,84.0
2026-05-18,77457.67,77800.0,76051.0,77001.87,18745.51678,4552.5,98.97000122070312,17.81999969482422,-0.06521739130434782,230.0
2026-05-19,77001.88,77414.62,76144.71,76834.36,11024.85978,4506.2998046875,99.3000030517578,18.059999465942383,-0.11650485436893204,206.0
2026-05-20,76834.36,77853.04,76516.74,77552.23,11296.26307,4531.2998046875,99.11000061035156,17.440000534057617,0.0430622009569378,209.0
2026-05-21,77552.24,78200.0,76719.47,77615.52,11318.25841,4539.7998046875,99.19000244140624,16.760000228881836,0.010582010582010581,189.0
2026-05-22,77615.52,77900.0,75359.18,75539.5,11272.36134,4521.0,99.31999969482422,16.700000762939453,0.0,202.0
2026-05-23,75539.5,77404.18,74289.6,76752.01,15086.88814,4521.0,99.31999969482422,16.700000762939453,-0.16546762589928057,139.0
2026-05-24,76752.0,77543.15,76108.0,77064.96,8398.00156,4521.0,99.31999969482422,16.700000762939453,0.08695652173913043,46.0
2026-05-25,77064.96,77905.52,76914.25,77322.01,7672.32197,4521.0,99.31999969482422,16.700000762939453,-0.2,155.0
2026-05-26,77322.01,78080.0,75677.97,75930.01,16953.47629,4500.39990234375,99.16999816894533,17.010000228881836,0.035897435897435895,195.0
2026-05-27,75930.01,76174.15,74243.99,74449.3,16877.77483,4447.5,99.20999908447266,16.290000915527344,0.02072538860103627,193.0
2026-05-28,74449.31,74590.77,72582.82,73617.51,21274.02026,4499.2998046875,99.0199966430664,15.739999771118164,-0.30386740331491713,181.0
2026-05-29,73617.52,74514.1,72512.49,73460.78,18686.74141,4560.5,98.91000366210938,15.31999969482422,-0.20567375886524822,141.0
2026-05-30,73460.78,74143.76,73216.0,73884.38,7515.40909,4560.5,98.91000366210938,15.31999969482422,-0.17333333333333334,75.0
2026-05-31,73884.38,74275.66,73400.0,73674.39,6986.45707,4560.5,98.91000366210938,15.31999969482422,-0.043478260869565216,69.0
2026-06-01,73674.39,74092.0,70686.68,71408.9,23921.09184,4475.2001953125,99.1999969482422,16.049999237060547,-0.30538922155688625,167.0
2026-06-02,71408.9,71408.9,69188.0,69194.0,12150.54775,4489.10009765625,99.22000122070312,15.770000457763672,-0.3984375,128.0
2026-06-03,71408.9,71408.9,69188.0,69194.0,12150.54775,4436.7001953125,99.52999877929688,16.059999465942383,-0.3984375,128.0
2026-06-04,71408.9,71408.9,69188.0,69194.0,12150.54775,4475.7998046875,99.41000366210938,15.399999618530272,-0.3984375,128.0
2026-06-05,71408.9,71408.9,69188.0,69194.0,12150.54775,4337.10009765625,100.06999969482422,21.51000022888184,-0.3984375,128.0
2026-06-06,71408.9,71408.9,69188.0,69194.0,12150.54775,4337.10009765625,100.06999969482422,21.51000022888184,-0.3984375,128.0
2026-06-07,71408.9,71408.9,69188.0,69194.0,12150.54775,4337.10009765625,100.06999969482422,21.51000022888184,-0.3984375,128.0
2026-06-08,71408.9,71408.9,69188.0,69194.0,12150.54775,4335.89990234375,100.0500030517578,18.920000076293945,-0.3984375,128.0
2026-06-09,71408.9,71408.9,69188.0,69194.0,12150.54775,4260.0,99.91000366210938,19.8700008392334,-0.3984375,128.0
2026-06-10,71408.9,71408.9,69188.0,69194.0,12150.54775,4108.2001953125,99.9499969482422,22.21999931335449,-0.3984375,128.0
2026-06-11,71408.9,71408.9,69188.0,69194.0,12150.54775,4090.300048828125,99.86000061035156,19.440000534057617,-0.3984375,128.0
2026-06-12,71408.9,71408.9,69188.0,69194.0,12150.54775,4215.0,99.75,17.68000030517578,-0.3984375,128.0
2026-06-13,71408.9,71408.9,69188.0,69194.0,12150.54775,4215.0,99.75,17.68000030517578,-0.3984375,128.0
2026-06-14,71408.9,71408.9,69188.0,69194.0,12150.54775,4215.0,99.75,17.68000030517578,-0.3984375,128.0
2026-06-15,71408.9,71408.9,69188.0,69194.0,12150.54775,4328.0,99.62999725341795,16.200000762939453,-0.3984375,128.0
2026-06-16,71408.9,71408.9,69188.0,69194.0,12150.54775,4330.89990234375,99.54000091552734,16.40999984741211,-0.3984375,128.0
2026-06-17,71408.9,71408.9,69188.0,69194.0,12150.54775,4358.89990234375,100.08999633789062,18.440000534057617,-0.3984375,128.0
2026-06-18,71408.9,71408.9,69188.0,69194.0,12150.54775,4224.10009765625,100.8499984741211,16.399999618530273,-0.3984375,128.0
2026-06-19,71408.9,71408.9,69188.0,69194.0,12150.54775,4224.10009765625,100.8499984741211,16.399999618530273,-0.3984375,128.0
2026-06-20,71408.9,71408.9,69188.0,69194.0,12150.54775,4224.10009765625,100.8499984741211,16.399999618530273,-0.3984375,128.0
2026-06-21,71408.9,71408.9,69188.0,69194.0,12150.54775,4224.10009765625,100.8499984741211,16.399999618530273,-0.3984375,128.0
2026-06-22,71408.9,71408.9,69188.0,69194.0,12150.54775,4181.89990234375,101.0199966430664,17.280000686645508,-0.3984375,128.0
2026-06-23,71408.9,71408.9,69188.0,69194.0,12150.54775,4129.89990234375,101.41000366210938,19.489999771118164,-0.3984375,128.0
2026-06-24,71408.9,71408.9,69188.0,69194.0,12150.54775,4075.10009765625,101.66999816894533,19.280000686645508,-0.3984375,128.0
