timestamp,LOG_RET_OPEN,LOG_RET_HIGH,LOG_RET_LOW,LOG_RET_CLOSE,LOG_RET_VOL,LOG_RET_EMAS_CLOSE,LOG_RET_DXY_CLOSE,LOG_RET_VIX_CLOSE,SENTIMENT,LOG_ARTICLE,LOG_NEWS_SPIKE,IS_WEEKEND,TARGET_ARAH,TARGET_LOG,WASIT_LOW,WASIT_HIGH
2017-08-23,0.005958309583630625,0.0384678436464647,0.16598541429083183,0.018153529979108365,0.035018652831040706,0.0029526430372122,-0.004284971913297532,0.07630815945365708,1.0,1.791759469228055,0.25951119568508463,0,1,0.04793314240118538,-0.707404566278098,6.074915263672279
2017-08-24,0.026140489291185467,0.024517637964104805,0.017563330376438556,0.04793314240118538,-0.24013100399745302,-0.0018638076307166027,0.001394596087265614,-0.001634024721228221,0.5714285714285714,2.0794415416798357,0.6337237602320017,0,0,-0.008219488874826928,-1.600549845263652,3.1450997721763483
2017-08-25,0.03994618308910812,0.01863498748622601,0.0390016896113297,-0.008219488874826928,-0.3168056949451849,0.004652974660785244,-0.0058058535870457425,-0.08086068987236195,0.8,1.791759469228055,0.2972515236679316,0,1,0.013172436845751336,-1.6076945013443107,1.9964399024898538
2017-08-26,-0.008212480667047654,-0.01970608757169194,-0.008290935435633525,0.013172436845751336,-0.922135000522101,0.0,0.0,0.0,0.0,0.0,-21.996231512759298,1,0,-0.006344088025697059,-1.2037747211012644,1.4320228599938665
2017-08-27,0.012028167054835785,0.007528266420791588,0.01721163464818178,-0.006344088025697059,0.43009051437879714,0.0,0.0,0.0,1.0,0.6931471805599453,-1.3121863879661686,1,1,0.017634732065271153,-4.3985725881727324,2.0623406697927
2017-08-28,-0.005206826442560702,-4.0909927708828355e-05,-0.03829206669641174,0.017634732065271153,0.5434019248870456,0.013219738670856719,-0.005731281306367313,0.003539823418899511,-0.4,1.791759469228055,0.25951119568508463,0,1,0.04475589733430969,-1.681372538152453,5.30851814981508
2017-08-29,0.010074349430570045,0.050096506865495036,0.04480673256547398,0.04475589733430969,-0.0004912891946244025,0.002592669218827388,0.001517115500137932,0.03301777968553986,0.0,1.9459101490553132,0.37037378846356084,0,0,-0.007074588003020003,-3.8094280233176696,1.300073860744601
2017-08-30,0.047298786925173926,0.0046714544436048675,0.02347534248265747,-0.007074588003020003,0.29232140323322653,-0.003815051241845523,0.005722617695871955,-0.04189090160767624,0.0,1.0986122886681098,-0.6190392079062235,0,1,0.036588014556291786,0.0,4.092367667509822
2017-08-31,-0.0020570949591830288,0.020848350064632214,0.031019692230156846,0.036588014556291786,-0.3726543702586957,0.006173075893794918,-0.002263531978611005,-0.05778774987191694,0.375,2.1972245773362196,0.7295148248558201,0,1,0.02301823420963648,-1.4928148587224908,3.3437588465462014
2017-09-01,0.029152862330211908,0.029101926346655607,0.02165986596906696,0.02301823420963648,0.006638333436162206,0.006286269787906836,0.001509590462151015,-0.04440884446417235,0.8571428571428571,2.0794415416798357,0.5245244682670096,0,0,-0.07799547319489142,-12.030565154108032,2.1338835683267843
2017-09-02,0.022406469717723514,0.010919481427442148,-0.08235926874421902,-0.07799547319489142,0.5051426619854793,0.0,0.0,0.0,0.3333333333333333,1.3862943611198906,-0.42121346474297017,1,1,0.008226100308568417,-3.964046609565741,5.28309721451452
2017-09-03,-0.06185109378525175,-0.04650333673301384,0.00266971225053142,0.008226100308568417,-0.2958160257620285,0.0,0.0,0.0,1.0,1.0986122886681098,-0.8574502313512216,1,0,-0.0950793389560895,-12.669500484269816,0.4074560473784529
2017-09-04,-0.0007766128975231509,-0.04053031136279223,-0.07882843843847236,-0.0950793389560895,0.7019422529884033,0.0,0.0,0.0,0.0,1.3862943611198906,-0.38946476642838995,0,1,0.06294109973815225,-12.924697085270012,8.972246323521377
2017-09-05,-0.09250236071445757,-0.0094314361946603,-0.09763130496609151,0.06294109973815225,-0.12648911628236434,0.011037354562418965,-0.005401914747725401,0.18839058271168793,0.16666666666666666,1.9459101490553132,0.3036824139648887,0,1,0.05639001794781342,-0.717331699089831,6.567623603292409
2017-09-06,0.06127395235943775,0.038894872535862414,0.18501475359995412,0.05639001794781342,-0.4201315080441193,-0.003965383824776996,-0.00021664835655391514,-0.050303935898787074,1.0,1.3862943611198906,-0.42121346474297017,0,1,0.015430886827327768,-4.009828463311836,3.5891084528049397
2017-09-07,0.05638543759934056,0.02660486644293885,0.023465050305593347,0.015430886827327768,-0.4783066016066252,0.008361341114399392,-0.008269029137556765,-0.0069025228890773095,0.75,1.6094379124341003,2.5000002065384275e-10,0,0,-0.09116880582997182,-15.227497511189284,0.9288281478559787
2017-09-08,0.015441544092865314,-0.0111719162221618,-0.09674580365144667,-0.09116880582997182,0.8164988601622958,0.0006688896405072527,-0.002187433307679823,0.0481715177172049,0.0,2.0794415416798357,0.5596157880782798,0,0,-0.005617222767149364,-3.148420933255906,3.3029311853956322
2017-09-09,-0.09117946309550945,-0.06742777545457522,0.02962195994936187,-0.005617222767149364,-0.5415724184234331,0.0,0.0,0.0,0.0,0.0,-21.996231512759298,1,0,-0.03062278719696231,-11.372558852771682,0.5663920098405397
2017-09-10,-0.005617222767149364,-0.03298261452270042,-0.08785860196230719,-0.03062278719696231,0.0024111227129836993,0.0,0.0,0.0,1.0,0.6931471805599453,-1.2321436802926322,1,1,0.018732169875663014,-0.7645906631489275,4.822312236007527
2017-09-11,-0.025009535358687975,0.011936415064707518,0.07545689469926534,0.018732169875663014,0.05825947016393542,-0.011206691809561442,0.005786344789651539,-0.12181345721828053,0.25,2.1972245773362196,0.6580558608736752,0,0,-0.010690255757263747,-4.065646904182334,4.327507774495485
2017-09-12,0.01314980764624542,0.013784125260542663,-0.014278392534671253,-0.010690255757263747,0.22843701367059685,-0.002256488358732504,0.0005441916725177909,-0.014078094761562304,-0.3333333333333333,2.302585092994046,0.6773988237029173,0,0,-0.054038534727658016,-10.198994805446231,0.039860249534244774
2017-09-13,-0.011682286506786165,-0.05356673100687606,-0.07202373476990266,-0.054038534727658016,0.03774064617202073,-0.003469850010435886,0.006614923865376428,-0.0075901620555278,-0.375,2.1972245773362196,0.4144337782159248,0,0,-0.21265671116187077,-22.01762417263868,1.2172457352476804
2017-09-14,-0.053252327575210985,-0.04226467987052375,-0.17222482839958247,-0.21265671116187077,0.6003509677341433,0.000981780804511102,-0.004332696312161658,-0.00573071490215623,0.1,2.3978952727983707,0.48729512645579653,0,1,0.14861916008344211,-12.404117067250112,18.99167171815625
2017-09-15,-0.21279853905447915,-0.03491245133278514,-0.11652164010798521,0.14861916008344211,0.16761993029354025,-0.0032512423615178305,-0.0027175405879750277,-0.0262023246989902,-0.25,2.5649493574615367,0.559615788018756,0,1,0.004032399478769413,-6.398804204835988,6.538275926285171
2017-09-16,0.14188681093238917,0.024085202164731236,0.20867228870758328,0.004032399478769413,-0.4169693681350599,0.0,0.0,0.0,1.0,1.0986122886681098,-1.2729656753128875,1,0,-0.0040351021851244145,-5.9882289840898935,0.891317356021655
2017-09-17,0.003049230271997256,-0.052437186223865936,0.008138151686230234,-0.0040351021851244145,-0.6429632358344112,0.0,0.0,0.0,0.0,0.0,-22.669175986001726,1,1,0.08667866308976352,-0.27036588913879206,10.829944397213977
2017-09-18,0.0012935191621396937,0.09535116822679891,0.05314352876438676,0.08667866308976352,0.41203968080068787,-0.010735988597467801,0.0019573766525763942,-0.0019685496577600387,0.4,1.791759469228055,-0.2732933347996812,0,0,-0.0314611759096125,-5.190640715171893,1.3528855030896991
2017-09-19,0.09555651556120545,-0.00809192585147935,0.037475914829432466,-0.0314611759096125,-0.13233768193688072,-7.662978472650562e-05,-0.0028285716271978234,0.002951373195779545,0.125,2.1972245773362196,0.2186892010898295,0,0,-0.0025710509883738984,-2.32971815054908,3.4200907041031945
2017-09-20,-0.03763536948966668,-0.010789123899477683,-0.0028519502633844807,-0.0025710509883738984,-0.22443358018372087,0.004430569417291893,0.007813400669963291,-0.04008558435718417,0.3333333333333333,1.9459101490553132,-0.023530497243527522,0,0,-0.0772715508777504,-8.925164675884629,0.25608208616736505
2017-09-21,-0.005141017191011379,-0.03421113716773205,-0.0685255162417294,-0.0772715508777504,0.3288589104181162,-0.01644548291912643,-0.00270606859097994,-0.011311139388207228,0.0,1.9459101490553132,0.07410797232038863,0,0,-0.00391903758114883,-2.9357575394157163,3.8050837724469058
2017-09-22,-0.07946361082568067,-0.041781534014955,-0.01737747951306124,-0.00391903758114883,-0.1772373087038071,0.0020899215909679653,-0.0009760231446206904,-0.00830741254846648,0.0,2.5649493574615367,0.7672551527970006,0,1,0.049938044954794855,-1.4837541317532086,5.972858515956713
2017-09-23,0.0008457695337183206,0.01775870985394911,0.01060099649547618,0.049938044954794855,-0.10838067581139711,0.0,0.0,0.0,0.16666666666666666,1.9459101490553132,-0.023530497243527522,1,0,-0.032255397752277336,-4.248784335740907,0.2639370936930338
2017-09-24,0.04981356346359349,-0.007151169267841966,0.02228774291491781,-0.032255397752277336,-0.1290738667568003,0.0,0.0,0.0,0.38461538461538464,2.6390573296152584,0.4855078158586239,1,1,0.06881435015317797,-0.17309960555102571,8.378054356708661
2017-09-25,-0.0321336972253755,0.04888577487787905,0.008501449549621426,0.06881435015317797,0.0955776405878322,0.010384308915688903,0.005194291061136483,0.06264673110631766,0.4827586206896552,3.4011973816621555,0.9311793444023885,0,0,-0.009842321638232036,-1.8196826804047563,1.4242289731861046
2017-09-26,0.07066177861300055,-0.0007239036820476825,0.05234851940464068,-0.009842321638232036,-0.32360952421968087,-0.007527532775120786,0.0034479043971922065,-0.003925418350479232,0.40476190476190477,3.7612001156935624,0.9473813189679956,0,1,0.0769758277944606,-0.24602986430169443,9.046422479544665
2017-09-27,-0.011687174341844669,0.0663796134253537,0.005894206522798532,0.0769758277944606,0.1761281066834327,-0.0105410799770725,0.004186120918071678,-0.029942375711765577,0.3125,3.8918202981106265,0.7672551527345004,0,0,-0.004421877536707491,-2.218562177870344,2.519855451089107
2017-09-28,0.07676097098210662,0.011710157509905011,0.057250504658774314,-0.004421877536707491,0.3021713904910526,0.0016349223665728455,-0.0028962667269656368,-0.03295866738568999,0.48484848484848486,3.5263605246161616,0.23293155771067553,0,1,4.551339711578413e-05,-5.477028040512554,2.118026265197186
2017-09-29,-0.003136989512086896,-0.008440169395626711,-0.037006536163129634,4.551339711578413e-05,0.6342175867773154,-0.0031164809018184073,-0.00010736968301927946,-0.004197273840086403,0.08333333333333333,3.6109179126442243,0.19671029427383177,0,1,0.047668379815676086,-0.8803358753786368,4.800862033932094
2017-09-30,-0.0009528393175757043,0.026873871084464682,0.046012435048454925,0.047668379815676086,-0.7994597218567167,0.0,0.0,0.0,0.08695652173913043,3.1780538303479458,-0.3302416868270986,1,0,-6.851669352290323e-06,-3.2135780703079027,0.6376778432142558
2017-10-01,0.04758955778753928,0.006036537908497825,0.024335957866383404,-6.851669352290323e-06,0.009134900745856718,0.0,0.0,0.0,0.35,3.044522437723423,-0.5007752878624893,1,1,0.00034709219299696467,-0.42295748344147716,4.09783835990623
2017-10-02,0.00490062483385755,0.034594753497567333,0.02789935419931191,0.00034709219299696467,-0.10308627058791632,-0.006890677171902543,0.005143557515497718,-0.006329179302721537,0.40425531914893614,3.871201010907891,0.2786048543219408,0,0,-0.01611082027269837,-4.654610860414379,1.9742190336946182
2017-10-03,-0.004555816535860691,-0.020889101069119138,-0.041969441576731895,-0.01611082027269837,0.5010752024510302,-0.0009432837700489293,0.00010690040492478336,0.006329179302721625,0.4444444444444444,3.828641396489095,0.223143551336432,0,0,-0.023810229383153164,-3.9759141142263963,1.4511368315127193
2017-10-04,-0.014974575092538623,-0.02134164229451742,-0.00932385281081866,-0.023810229383153164,-0.22013805449251908,0.0017287063978827545,-0.0011762885499981793,0.012539337069036876,-0.02127659574468085,3.871201010907891,0.27060481165486466,0,1,0.01972533141091709,-2.3704646224360104,3.4196935571962914
2017-10-05,-0.024946474563312806,-0.004124662126317424,-0.0077557344652492205,0.01972533141091709,-0.10853840257215103,-0.0029878358398845554,0.005335622570560158,-0.046767346986372936,0.225,3.713572066704308,0.08183001827263219,0,1,0.017681143825878376,-0.010018137496838117,2.8607726470968986
2017-10-06,0.025893903892604632,0.01413612230992337,0.04332979626030873,0.017681143825878376,-0.4306070740387075,0.0013377544169920026,-0.0017042615000032826,0.04884198511289873,0.42857142857142855,3.912023005428146,0.23561162630664712,0,1,0.012284048916890836,-1.3002454665127798,2.4977283086197133
2017-10-07,0.011512571344190899,0.014050700441106677,0.004778870535719033,0.012284048916890836,-0.531840022802656,0.0,0.0,0.0,0.28,3.258096538021482,-0.44468582122144573,1,1,0.04789616735197424,0.045207957370314904,5.176797257595953
2017-10-08,0.012736128490593968,0.03907473840665316,0.02573858315572175,0.04789616735197424,0.5551248419812438,0.0,0.0,0.0,0.5,3.295836866004329,-0.4272050947061087,1,1,0.031179099162572426,-1.9587133275304818,5.247384726070257
2017-10-09,0.047444087778271034,0.04860204203671731,0.02785695450296628,0.031179099162572426,0.22064944525913538,0.007989447326364975,-0.0006399188412392297,0.06809439992552775,0.391304347826087,3.8501476017100584,0.14693043187551028,0,0,-0.00081295635307388,-2.2469295041062445,3.5512275336099868
2017-10-10,0.031179099162572426,0.014217527237969558,0.028296937396814843,-0.00081295635307388,0.4785528726855498,0.006841829421378427,-0.004812038919022905,-0.024499020671500924,0.3448275862068966,4.07753744390572,0.33302989244748143,0,1,0.007990055511815492,-1.5392601019335959,2.0394574439193174
2017-10-11,-0.00081295635307388,-0.015930657249980523,0.006263737668652437,0.007990055511815492,-0.3254337500291433,-0.003726076902423367,-0.003543647531662468,-0.023081761162490996,0.5,3.970291913552122,0.20679441333191095,0,1,0.1188685693863661,-0.23402169617798038,12.070665807138962
2017-10-12,0.007990055511815492,0.10830213914401202,0.02104243956937166,0.1188685693863661,0.527399751348029,0.005815998493391344,0.0017197302232243826,0.0060728390326431625,0.391304347826087,4.248495242049359,0.396191471337328,0,1,0.03971287138323145,-0.9280499991338592,7.384761203302749
2017-10-13,0.12070665807138962,0.07200952334800402,0.11192828635680728,0.03971287138323145,0.3869002964998793,0.006320316258744202,-0.00032228568926131345,-0.030740145687903387,0.42,3.9318256327243257,0.07103577313675173,0,1,0.03820092493196572,-1.2461436822766352,4.330034558259835
2017-10-14,0.03787832252748204,0.009165604932802197,0.03653193455180363,0.03820092493196572,-0.6608570729942351,0.0,0.0,0.0,0.3548387096774194,3.4657359027997265,-0.425237615343771,1,0,-0.027635657908141067,-8.345212484067522,0.8871956696553702
2017-10-15,0.0356455757039942,0.003772536045921043,-0.03278976308594317,-0.027635657908141067,0.32497253935349907,0.0,0.0,0.0,0.6,3.258096538021482,-0.6373324014135489,1,1,0.008723674571093827,-2.2098820714779657,1.3726745896565367
2017-10-16,-0.02508209719442493,-0.022780868708129235,0.03371764621775462,0.008723674571093827,0.12931606550573596,-0.0012300882391540026,0.002038981726794184,0.030740145687903356,0.46,3.9318256327243257,0.04380262267839283,0,0,-0.029067605160105505,-4.46249935134071,0.25938462744031315
2017-10-17,0.00871845103988103,-0.002409225051068534,-0.013802498227533485,-0.029067605160105505,-0.06702851836855414,-0.013086271579829653,0.0022487463376531154,0.03957000578430739,0.2553191489361702,3.871201010907891,0.015314234994318953,0,0,-0.014934922770701953,-10.487408845596237,0.01787150393462166
2017-10-18,-0.029064132943911355,-0.03148273639516227,-0.08931670010266078,-0.014934922770701953,0.4830372519742612,-0.002419116678913994,-0.0013914613374817473,-0.02355366230380795,0.13157894736842105,3.6635616461296463,-0.15307598867117714,0,1,0.030699197842710375,-0.3962805758897483,3.528060467473225
2017-10-19,-0.014764402156342017,0.020166966864684006,0.08597635992636302,0.030699197842710375,-0.20843297470084915,0.005454275534116093,-0.0009645177687106555,-0.001988022941352699,0.2962962962962963,4.007333185232471,0.2479188392982862,0,1,0.05578879560334583,-1.4871019094793454,7.2289156347606935
2017-10-20,0.03042486987359429,0.06770774951558516,0.019790984506814373,0.05578879560334583,0.04735630918615711,-0.007409463231041783,0.0045996799277193915,-0.007992042726700737,0.46511627906976744,3.784189633918261,0.04414978463618546,0,1,0.002486087671967378,-2.6979623003498756,2.643448689968698
2017-10-21,0.056509715970077486,0.009934126155425804,0.0436801916946406,0.002486087671967378,-0.17013444414097245,0.0,0.0,0.0,0.5945945945945946,3.6375861597263857,-0.12675170561211688,1,0,-0.012517919214783185,-5.193844997801262,0.5797299970012811
2017-10-22,-0.001739204681725678,-0.018151099257706756,-0.02247273930254652,-0.012517919214783185,-0.20038732521402186,0.0,0.0,0.0,0.5161290322580645,3.4657359027997265,-0.3238851210834834,1,0,-0.0057458684370105635,-5.687965976210677,2.161011508164862
2017-10-23,-0.00472022295191815,0.0032948958968524846,-0.01745912899887728,-0.0057458684370105635,0.2857170382487483,0.00023476714183852992,0.0025581499129217825,0.10465810839574695,0.19230769230769232,3.970291913552122,0.18672685028110173,0,0,-0.07708572922167396,-8.203310378426377,0.15319745617785127
2017-10-24,-0.011027948931923898,-0.025824008956880702,-0.030899312459167518,-0.07708572922167396,0.3532127485545845,-0.0021153697891088514,0.00021284345906884072,0.008097224127690763,0.30357142857142855,4.04305126783455,0.23146892762908539,0,1,0.03814550742970845,-3.5315788855212165,4.077298865820209
2017-10-25,-0.07055066567650346,-0.03784471512525027,-0.030368414292622454,0.03814550742970845,-0.122543154326425,0.000313695430923488,-0.002664252680974361,0.006252784707365365,0.08196721311475409,4.127134385045092,0.24564302026831755,0,1,0.029743115095792694,-0.7052945509101273,4.299895920400196
2017-10-26,0.029201271059292676,0.04037147797550831,0.06640835077581922,0.029743115095792694,-0.14587060978358954,-0.007160573007206216,0.00955828780165139,0.006214014609706075,0.35294117647058826,3.9512437185814275,0.07561740642218397,0,0,-0.015982318768057224,-3.6930582926952233,1.9968962199296674
2017-10-27,0.03324485149480402,0.006713118091087384,-0.00013452232205818878,-0.015982318768057224,-0.3404217561179846,0.0017357990230928244,0.00327122710946803,-0.14242033745821897,0.07547169811320754,3.9889840465642745,0.08431958534278615,0,0,-0.00856342064703692,-2.435451626098147,1.3975793046153626
2017-10-28,-0.015989252607098516,-0.02197548792120043,-0.0034062521020865547,-0.00856342064703692,-0.09479493613617435,0.0,0.0,0.0,0.36666666666666664,3.4339872044851463,-0.4640334622258984,1,1,0.07578973007280727,-1.2602595620532275,7.900983405381871
2017-10-29,-0.010246832121330655,0.05647062036062827,0.003188499993412233,0.07578973007280727,0.34611644619890114,0.0,0.0,0.0,0.5,3.4965075614664802,-0.40248447993877656,1,0,-0.00805180388752671,-2.2948585681862723,1.2674645021492719
2017-10-30,0.07147013613110109,0.009454541040481369,0.06544374001147683,-0.00805180388752671,-0.20267023534502518,0.004404927786188189,-0.004540426090529972,0.06899285202421052,0.4032258064516129,4.143134726391533,0.22950011708517407,0,1,0.05444981374732836,-0.33550213541645707,5.985218364735122
2017-10-31,-0.00203859693093746,0.039125734738332016,0.011541760440171548,0.05444981374732836,0.02551695450710705,-0.005588126504385657,0.0006348411945933237,-0.030950216063127034,0.43243243243243246,3.6375861597263857,-0.23006931964014293,0,1,0.0440383544700602,-1.9527189447427828,4.7097050811624435
2017-11-01,0.05444654604578049,0.04169468091160149,0.03827764565406495,0.0440383544700602,0.1028959667157286,0.005588126504385709,0.0028515268743756527,0.0019626604903781493,0.5833333333333334,3.8918202981106265,0.07090796944388421,0,1,0.03862840827999376,-1.0250791445668281,7.774238740352696
2017-11-02,0.0440383544700602,0.0746836910619626,0.0533147524718196,0.03862840827999376,0.40155363678005307,0.0006277354683380319,-0.00137193047694159,-0.026827192800941202,0.34,3.9318256327243257,0.11492996669397695,0,1,0.013450484420709972,-1.3911167334923944,4.544186098741145
2017-11-03,0.037249961857122184,0.006327881863878263,0.034968032390737994,0.013450484420709972,-0.28036511901908895,-0.006610572852132713,0.0026367150598698803,-0.08290008576106517,0.47058823529411764,3.9512437185814275,0.14116348432005496,0,1,0.033453620671027105,-3.0544524813057414,5.0154282718162255
2017-11-04,0.014826119892679004,0.018162906151460916,-0.0031828730574236003,0.033453620671027105,-0.3014741313981017,0.0,0.0,0.0,0.6666666666666666,3.2188758248682006,-0.5930637219612961,1,0,-0.001643303027247447,-1.0668236360034196,3.120005481895898
2017-11-05,0.03348089751783111,0.014499392771823787,0.05332990912405044,-0.001643303027247447,-0.14706747041814527,0.0,0.0,0.0,0.5294117647058824,3.5553480614894135,-0.25131442825149447,1,0,-0.05382445551829412,-6.163057212750123,0.7593955120027481
2017-11-06,-0.0016555157814093272,-0.02524940272617901,-0.05260563879471463,-0.05382445551829412,0.3782005382734942,0.010134046656738413,-0.0023199548152396023,0.028049225665348985,0.10344827586206896,4.07753744390572,0.2959261422441042,0,1,0.014820410222775445,-0.8530386938543001,3.367456622799916
2017-11-07,-0.05073811948066359,-0.027743844410322495,-0.0007242703293358337,0.014820410222775445,-0.2022045269639224,-0.004465224838411223,0.0020039287042879104,0.050814531654679584,0.4634146341463415,3.7376696182833684,-0.06410288616836954,0,1,0.03326809683818943,-6.024990649749907,9.525561257903423
2017-11-08,0.012565175152103229,0.07640145657381049,-0.03689910933618063,0.03326809683818943,0.6727284293673095,0.006183266004363352,-0.00042155037168188744,-0.011184723605584555,0.23728813559322035,4.0943445622221,0.2645458191007013,0,0,-0.03101272736272032,-4.023450908354843,1.211311170141027
2017-11-09,0.032426112028841395,-0.0498744040394344,0.0532834942521402,-0.03101272736272032,-0.38867085091527187,0.0031162381684789577,-0.004542824287080146,0.0710358004203113,0.29508196721311475,4.127134385045092,0.26377040486087433,0,0,-0.0843970483801611,-12.388975263663266,2.78460042195615
2017-11-10,-0.03115393714527064,-0.01527983484456911,-0.11466797091580457,-0.0843970483801611,0.5312204867947465,-0.010320616370498838,-0.0005296091981325529,0.07254211761926446,0.19148936170212766,3.871201010907891,0.015314234994318953,0,0,-0.04108629694447721,-6.45866757158257,4.375006233272814
2017-11-11,-0.08486904590503738,-0.06849299026699458,-0.0250939714593542,-0.04108629694447721,-0.16699001056575427,0.0,0.0,0.0,0.0967741935483871,3.4657359027997265,-0.42222102180434523,1,0,-0.0720313142483596,-15.937456042261624,5.981565424715709
2017-11-12,-0.040474458936400726,-0.025020705030048263,-0.1358741816512677,-0.0720313142483596,0.5900032198143793,0.0,0.0,0.0,0.5,2.9444389791664403,-0.9162907318185994,1,1,0.1067982970486001,-1.9293415249253913,14.19720074410256
2017-11-13,-0.06706862713585883,0.01012503894550886,0.06804983092500273,0.1067982970486001,-0.6394659283879407,0.0038436132139390324,0.0010588573159488154,0.018429660586462084,0.35,3.713572066704308,-0.05894253560845019,0,1,0.016716924399269445,-2.4250898465692132,3.330708602595131
2017-11-14,0.10183560993609923,-0.0018666243664742777,0.10184081383216197,0.016716924399269445,-0.7370769543122389,0.0032827535277863674,-0.007009332369972878,0.0077956351479338964,0.2553191489361702,3.871201010907891,0.08232494527727938,0,1,0.09635643650597914,0.015207992133316533,10.432728086413178
2017-11-15,0.016869004320602767,0.08773711923745003,0.041119902786294855,0.09635643650597914,0.3498202110753139,-0.003909309122587321,-0.0002132197037067616,0.12475702651355414,0.39622641509433965,3.9889840465642745,0.22246992382360334,0,1,0.08272946804245676,-2.2920717358564477,9.228378160294099
2017-11-16,0.09621540615578462,0.08431293724478849,0.07328363922608148,0.08272946804245676,0.27031581761378376,0.0007048235582582072,0.001278393142545528,-0.11019573509747056,0.3389830508474576,4.0943445622221,0.336472236638162,0,0,-0.0212438331774784,-5.401071012696966,1.5706633801344725
2017-11-17,0.0843040384530172,0.0061523202408606086,0.05163947527405157,-0.0212438331774784,0.5351759073742742,0.01430152145789673,-0.0028785843999633697,-0.028462457426959645,0.425531914893617,3.871201010907891,0.10908239444682861,0,1,0.008117174429252947,-3.666656588267583,1.556814726294188
2017-11-18,-0.025323732438192678,-0.02138231971588135,-0.0038996889331845935,0.008117174429252947,-0.0070885126165552625,0.0,0.0,0.0,0.6206896551724138,3.4011973816621555,-0.3669666299407971,1,1,0.034947993076674747,-1.4483518787372922,4.548570703194513
2017-11-19,0.010611453708268267,0.03803473419825632,0.03030022152455586,0.034947993076674747,-0.022228069739220147,0.0,0.0,0.0,0.48148148148148145,3.332204510175204,-0.4686800022781903,1,1,0.02141620312967777,-1.050534924151051,3.4480756882308663
2017-11-20,0.03732262847586557,0.0239430429270381,0.03892616262253703,0.02141620312967777,0.0049765299312169884,-0.016495917971793554,0.004474260757626734,-0.07068164816958256,0.46153846153846156,3.970291913552122,0.1477608817477181,0,0,-0.01132669163150913,-5.13445685505111,2.2635206692580807
2017-11-21,0.01910123472777494,0.00957065293994999,-0.019423016179322843,-0.01132669163150913,0.15636841592583078,0.005086680079378604,-0.0013828102363703811,-0.09034600718539311,0.3191489361702128,3.871201010907891,0.04666476487839506,0,1,0.010586037483122231,-0.35063512908179967,2.4714510824532057
2017-11-22,-0.01489270991961529,-0.00924738749955772,0.03651152562818401,0.010586037483122231,-0.24837222217751256,0.008162676176655977,-0.007800389337229486,0.015298674191578704,0.5161290322580645,4.143134726391533,0.2953922108938773,0,0,-0.02291867001344763,-2.5414303328464363,0.6568742524586264
2017-11-23,0.01739065594751154,-0.007559730816823424,-0.011321914554524111,-0.02291867001344763,0.14397115980190725,0.0,0.0,0.0,0.4489795918367347,3.912023005428146,0.09152725664619468,0,1,0.014607274584645523,-2.1423643200535665,4.259722805588419
2017-11-24,-0.02621943095882386,0.013109815517850232,-0.01892800988551891,0.014607274584645523,0.07476937101410218,-0.0038009777393278247,-0.0049467686224755406,-0.021484205987906055,0.5283018867924528,3.9889840465642745,0.15101095984145846,0,1,0.06677972550566669,-0.5915718509097846,7.076830765614847
2017-11-25,0.014731412468933228,0.04277835418490966,0.030115199276083252,0.06677972550566669,-0.027382174631794192,0.0,0.0,0.0,0.4,3.4339872044851463,-0.4212134650429703,1,1,0.0480246285326826,-1.1013285172457077,7.205216821543073
2017-11-26,0.06666152965913708,0.06806358606494892,0.0616821588423075,0.0480246285326826,-0.034421260170154525,0.0,0.0,0.0,0.6136363636363636,3.8066624897703196,-0.0899831473560601,1,1,0.05560911173304707,-0.1752187666973793,5.605253672171605
2017-11-27,0.04801898920865632,0.03202499703896783,0.05728572603816577,0.05560911173304707,0.08639473215259003,0.00550289910736466,0.0015081268277717462,0.020471524495606463,0.296875,4.174387269895637,0.24972131022818306,0,1,0.025253557215590052,-0.8272464646867215,2.9508496634973933
2017-11-28,0.05561130279112002,0.029065071646304987,0.049088834753153766,0.025253557215590052,0.0838698979347427,0.000695308000776598,0.003867652041601972,0.01608073350026642,0.5147058823529411,4.23410650459726,0.25191484860785585,0,0,-0.021335852849879648,-14.979513172526037,13.259390801554268
2017-11-29,0.02525254678746683,0.12833896859615887,-0.11626910986280302,-0.021335852849879648,0.9989650358811054,-0.009779630834338625,0.0,0.06466314829134018,0.1875,4.174387269895637,0.1858993781574636,0,1,0.015474394704952911,-9.036776930196629,11.788716951849295
2017-11-30,-0.021334842421756286,-0.03604259134692947,0.03809150957341441,0.015474394704952911,-0.35210657286685404,-0.00696596145918346,-0.0026842770642300554,0.0527874987549737,0.12903225806451613,4.143134726391533,0.11980119982874968,0,1,0.09161987809224754,-4.77702514034248,10.222927173934854
2017-12-01,0.015275166814015816,-0.00018350307419145366,0.05807191260349457,0.09161987809224754,-0.42560232949112176,0.004388798311228533,-0.0011833749773719475,0.013210282109116265,0.08955223880597014,4.219507705176107,0.16164135157134127,0,1,0.009875962704287587,-1.5230876700012794,3.7050629810028304
2017-12-02,0.09108156174928385,0.026441236162927182,0.12415925279565947,0.009875962704287587,-0.25260780849667874,0.0,0.0,0.0,0.35135135135135137,3.6375861597263857,-0.44952509787516787,1,1,0.02497475129858656,-3.647059805461539,8.23700791599036
2017-12-03,0.011777199498625346,0.0551954120541628,-0.011363758650315095,0.02497475129858656,0.11507785426854576,0.0,0.0,0.0,0.48484848484848486,3.5263605246161616,-0.5364680543490256,1,1,0.036372506113456396,-3.3089304345980204,3.8184491595639387
2017-12-04,0.023811058738149614,-0.019210836265677697,0.0283560450072217,0.036372506113456396,-0.13671761330702642,-0.0035251298326162196,0.0031167837509665005,0.02163649902188187,0.2571428571428571,4.2626798770413155,0.20044396381238896,0,1,0.010394874472354574,-1.1406023247446706,2.338788746722742
2017-12-05,0.035683954062778044,0.021575901985044353,0.058055787211989965,0.010394874472354574,0.17417975807038696,-0.010016309238676628,0.002036714134111687,-0.030423935222028114,0.5373134328358209,4.219507705176107,0.15913822135322284,0,1,0.14680225025331167,-0.2945361476394577,15.160103201311943
2017-12-06,0.011083426523032897,0.13860801901824663,0.01885553624340656,0.14680225025331167,0.18936302053278736,0.000950779053228449,0.0024600617739744604,-0.027742223041995064,0.35526315789473684,4.343805421853684,0.25562014000527605,0,1,0.20295221522828027,-3.760210358709963,20.60175766653625
2017-12-07,0.14613487139581924,0.20121879490555472,0.1121455081426065,0.20295221522828027,0.10988411635793797,-0.010347938786658826,0.002027666643103051,-0.08125341813227814,0.19736842105263158,4.343805421853684,0.22220414308543193,0,0,-0.04428199676509268,-16.92142679673308,3.5857005438804843
2017-12-08,0.20361959408577282,0.03279164400172256,0.0713400508480491,-0.04428199676509268,0.8540974957277219,-0.003687457209357425,0.0010655139173488834,-0.05878084311295062,0.15492957746478872,4.276666119016055,0.14480481742310516,0,0,-0.08020587169774789,-23.6535724208733,2.4219440515901205
2017-12-09,-0.04428136704236905,-0.05591956168799621,-0.1116034530064949,-0.08020587169774789,-0.23403697733483098,0.0,0.0,0.0,0.30612244897959184,3.912023005428146,-0.25357943489135015,1,1,0.016505286547391564,-16.974209227617568,7.00868364384694
2017-12-10,-0.07966489306237057,-0.03433847577517991,-0.013412239765190619,0.016505286547391564,0.17333212382566796,0.0,0.0,0.0,0.07017543859649122,4.060443010546419,-0.15522421721823862,1,1,0.10731786317757497,0.007382287747472062,15.912525347733181
2017-12-11,0.019064908836232797,0.10554370358625403,0.186321201701042,0.10731786317757497,-0.3367425985539262,-0.0012053519550518667,-0.0003195268559355698,-0.02537131544110756,0.46153846153846156,4.189654742026425,-0.01310062403031345,0,0,-0.014450448123928062,-4.393218906745286,2.3149355685398074
2017-12-12,0.1042166325306329,-0.02865803461435891,0.0633118512326471,-0.014450448123928062,-0.22520980628928872,-0.004189798469908035,0.002447154767506919,0.060246660409918815,0.3448275862068966,4.07753744390572,-0.10732902021325723,0,0,-0.019560099985029375,-10.865721322584799,1.1917095045710864
2017-12-13,-0.014450448123928062,-0.02568270876361514,-0.07917547228232301,-0.019560099985029375,0.2743952500015876,0.005555813112327661,-0.007145534304608319,0.025872112112647422,0.35384615384615387,4.189654742026425,0.031252543519488994,0,1,0.018641634950172414,-3.7058182393496364,2.5354293903769514
2017-12-14,-0.01974410909493516,-0.006122901126970846,0.05203893084732213,0.018641634950172414,-0.06655433840429964,0.006722195742235451,0.0006419597821736128,0.029997359488804817,0.22033898305084745,4.0943445622221,-0.026285862253975906,0,1,0.07116547407737575,-0.22388094207796183,9.656281216705917
2017-12-15,0.018825644060078126,0.08985015321346207,0.05346100792288913,0.07116547407737575,-0.235292137538065,0.00039870817523665717,0.0046953714019990385,-0.10758730390173897,0.3269230769230769,3.970291913552122,-0.10673319945056767,0,1,0.08535329760674149,-2.0145893636644345,10.793817346757521
2017-12-16,0.06985217061710829,0.08254083537789168,0.05325838986151102,0.08535329760674149,-0.7814557565857359,0.0,0.0,0.0,0.3235294117647059,3.5553480614894135,-0.4938760654228057,1,0,-0.012783254721404172,-3.151646578613431,3.5787676439961515
2017-12-17,0.0875838535078435,0.013202800579127805,0.07398272545725161,-0.012783254721404172,0.7810101294850706,0.0,0.0,0.0,0.38235294117647056,3.5553480614894135,-0.433091174353684,1,0,-0.0001999137249021069,-10.206901737434999,2.3060758260703724
2017-12-18,-0.013699446718538372,-0.025510172900662,-0.08333580630961977,-0.0001999137249021069,0.14645483763353948,0.006278504505989414,-0.0024516705804719604,0.011609592958881986,0.3088235294117647,4.23410650459726,0.25191484860785585,0,0,-0.08641541756711658,-14.567931611251758,0.4959507603201221
2017-12-19,-0.00020097416860230134,-0.018301164382404467,-0.04381021246306968,-0.08641541756711658,0.21785557763411334,-0.001189107958943395,-0.0024576144205916786,0.05113588570453367,-0.02040816326530612,3.912023005428146,-0.051147511146532904,0,0,-0.04773672736985413,-15.731242542915528,2.4284690316757263
2017-12-20,-0.08641541756711658,-0.06709023485356046,-0.09804852688375432,-0.04773672736985413,0.017985276859431566,0.004274206737060993,-0.0012846886123828334,-0.031394929406385025,0.2962962962962963,4.007333185232471,0.0769610411546467,0,0,-0.062327206544340534,-16.206475420348763,4.856320474512306
2017-12-21,-0.04824992897653178,-0.023458212941488372,-0.05248905614418638,-0.062327206544340534,0.41279711125370416,0.0009474013739520169,-0.0007501441262056627,-0.010341393162977216,0.25925925925925924,4.007333185232471,0.09134977860674648,0,0,-0.1506022841748821,-34.60215542103367,1.325360081014827
2017-12-22,-0.06043430157750615,-0.09763681047931529,-0.24628400655118957,-0.1506022841748821,0.57382219557808,0.006371182406177087,0.0007501441262055796,0.028690465826777888,0.04081632653061224,3.912023005428146,0.0029197101237430226,0,0,-0.001998753041332951,-2.6493302540726535,11.494851156765437
2017-12-23,-0.1519819875350388,-0.04890737341737589,0.16892596749472816,-0.001998753041332951,-1.0098572210714474,0.0,0.0,0.0,0.39473684210526316,3.6635616461296463,-0.26294246624970946,1,1,0.014925650216675792,-13.331659292441628,3.835205952255253
2017-12-24,-0.001998753041332951,-0.07859520508643489,-0.10882204342502269,0.014925650216675792,0.776142703828573,0.0,0.0,0.0,0.038461538461538464,3.295836866004329,-0.6190392083677618,1,1,0.014657971046752266,-6.045796903711403,5.756985182147791
2017-12-25,0.014925650216675792,0.03414344251560097,0.08778427410397786,0.014657971046752266,-0.5951942677370272,0.0,0.0,0.0,0.2413793103448276,3.4011973816621555,-0.38723759431441634,0,1,0.13561281074873285,-1.2216509396767585,15.836119308488868
2017-12-26,0.014657971046752266,0.1154493123101632,0.06289943068709884,0.13561281074873285,-0.046367814760541776,0.006798190801191451,-0.0009645393555918218,0.03474298697616949,0.45161290322580644,3.4657359027997265,-0.25845731576102815,0,0,-0.014705070911332652,-9.970793930816436,5.028172486446273
2017-12-27,0.13694852270110844,0.02753334252830689,0.04812138083733611,-0.014705070911332652,-0.0049878113796866,0.002255863771485303,-0.002469305627496123,0.02123634480221222,0.35135135135135137,3.6375861597263857,-0.019121041419751513,0,0,-0.08627408516599482,-16.183363770476273,0.5161305110114467
2017-12-28,-0.016042076526442614,-0.05982549066568096,-0.07683076930793106,-0.08627408516599482,0.37276394213745023,0.005501525365828419,-0.004632883484900258,-0.028089009286278725,0.26666666666666666,3.828641396489095,0.21130909368942896,0,1,0.013780543072329307,-2.369607852919394,5.480142037270346
2017-12-29,-0.08507270327290417,-0.03663396990340594,0.05186347400957396,0.013780543072329307,-0.18377064380456296,0.009383296909513904,-0.005197020406212444,0.08109999629325694,0.23809523809523808,3.7612001156935624,0.17015102119750888,0,0,-0.14484396306563954,-20.190861364470287,0.13864880469047988
2017-12-30,0.012586713993809256,-0.03963438925346938,-0.1644319920431796,-0.14484396306563954,0.06164742523795211,0.0,0.0,0.0,0.25925925925925924,3.332204510175204,-0.22631312603845166,1,1,0.09767138980616373,-2.3590367474563516,12.171233376137039
2017-12-31,-0.1525088901768481,-0.024518117351173978,0.033474283104499625,0.09767138980616373,-0.49054357125204595,0.0,0.0,0.0,0.5625,3.4965075614664802,-0.08141539145425877,1,0,-0.024828226275312542,-7.30580093709598,0.74226114543883
2018-01-01,0.10527829342160651,-0.016618332500818428,0.04820374790976741,-0.024828226275312542,-0.3125535380681827,0.0,0.0,0.0,0.4074074074074074,3.332204510175204,-0.24304991839397558,0,1,0.09239180672704118,-3.7307686159809874,14.536718237298588
2018-01-02,-0.024615039983028355,0.11311634464328504,0.010922096935837358,0.09239180672704118,0.8467147317411016,0.005648795435594413,-0.002935309719338939,-0.12220852448490782,0.3333333333333333,3.828641396489095,0.21130909368942896,0,1,0.01651689098613066,-3.6438237337876807,4.219396258239893
2018-01-03,0.09324451353734883,-0.010781413063545827,0.0932612555489741,0.01651689098613066,-0.2329537749228316,0.0019012136171542553,0.0033694416356018432,-0.06556267531195133,0.44642857142857145,4.04305126783455,0.35813373342024923,0,1,0.009341925003289227,-6.948391201857956,2.387503132512043
2018-01-04,0.015502762227468058,-0.0018020402711479923,-0.016528783694572162,0.009341925003289227,0.293422602568444,0.0024283463684654956,-0.0033694416356018554,0.007621228933663394,0.1346153846153846,3.970291913552122,0.2587991983222255,0,1,0.11886894796584493,-3.099014870225263,13.151535604787663
2018-01-05,0.00934325306422066,0.11698224972604557,0.047835688319616314,0.11886894796584493,0.0862711608228868,0.0006819141750703172,0.0010881228126030883,0.0,0.33962264150943394,3.9889840465642745,0.2394482603580212,0,1,0.006429609063577102,-5.759152346572284,1.0716884884342324
2018-01-06,0.11886761990491364,-0.0019295231976893495,0.09226757320237468,0.006429609063577102,-0.22474340486331204,0.0,0.0,0.0,0.6785714285714286,3.367295829986474,-0.4020579497508357,1,0,-0.05538832719388593,-8.93984999186249,0.17658898786261065
2018-01-07,0.006429609063577102,-0.0025213859421389863,-0.025377367389324793,-0.05538832719388593,-0.39644732185479337,0.0,0.0,0.0,0.21212121212121213,3.5263605246161616,-0.2411620567865851,1,0,-0.08039023903033347,-23.153967550516782,1.0610363726537344
2018-01-08,-0.05113608839553574,-0.04654385334597468,-0.19752950278042905,-0.08039023903033347,0.755755606880005,-0.0012884713036933884,0.00412421775515785,0.032019830357280246,-0.03773584905660377,3.9889840465642745,0.14788106683253083,0,0,-0.034303461639791186,-6.168536421436733,3.930835570345474
2018-01-09,-0.08464247782868362,-0.051692247053416074,0.08946407226046724,-0.034303461639791186,-0.6196259088963665,-0.005246580568031189,0.0021637674522575014,0.057158358186686756,0.19230769230769232,3.970291913552122,0.1071936967587179,0,1,0.03460873212019189,-9.222875172848369,3.7861616923342387
2018-01-10,-0.034234019606500646,-0.03575020041990362,-0.06484684915390762,0.03460873212019189,0.19579404978832995,0.004336147142567866,-0.0021637674522576207,-0.026132163784968167,0.2,4.02535169073515,0.16634595293925844,0,0,-0.11868653745400316,-26.822358330169717,0.4123079488921674
2018-01-11,0.036744531089425755,0.0008701946857710667,-0.14138609945302147,-0.11868653745400316,0.6560753654146102,0.002426044534775419,-0.005212340567761042,0.006091432053454601,0.15555555555555556,3.828641396489095,-0.012618463936989368,0,1,0.0371616133478326,-5.74217569398883,6.371777271614565
2018-01-12,-0.12089328917089144,-0.059091844226779044,0.09211528890780574,0.0371616133478326,-0.7148503914253543,0.009645929220218629,-0.009626999795694074,0.02794590378897739,0.3333333333333333,3.8918202981106265,0.06771817407578425,0,1,0.03363392751303307,-0.24673773801630114,5.93387119845358
2018-01-13,0.03788629720855259,0.03278255261622275,0.09211599290755787,0.03363392751303307,-0.2951298658409498,0.0,0.0,0.0,0.6428571428571429,3.367295829986474,-0.4712783266420218,1,0,-0.05311056742925163,-12.269656512805595,0.9072024951092855
2018-01-14,0.03291075436667697,-0.016632759520410073,-0.08659526023485992,-0.05311056742925163,0.33106800445392087,0.0,0.0,0.0,0.23076923076923078,3.295836866004329,-0.5228410604719401,1,1,0.004807722923946996,-2.458169101629079,5.59208302802696
2018-01-15,-0.052888699485773405,-0.006261762100074682,0.045004306682513553,0.004807722923946996,-0.14968208952314183,0.0,0.0,0.0,0.225,3.713572066704308,-0.048790164144432074,0,0,-0.21688030836860656,-40.453717355951284,0.02215423343227994
2018-01-16,0.0016324428211478875,-0.050891565021999804,-0.37514775961927505,-0.21688030836860656,1.464898994000807,0.0014988012123869202,-0.006396160194818216,0.1377057407040636,0.25,3.8918202981106265,0.14723023700351784,0,1,0.008112873027980404,-18.733151690491237,6.919994484700659
2018-01-17,-0.21392781364089933,-0.147901905855923,0.00032534828599375227,0.008112873027980404,0.13178151760213686,0.0019450709821960197,0.0016581170617713005,0.02121420271955673,0.1111111111111111,3.828641396489095,0.11778303567860568,0,0,-0.0024436523697732144,-5.1678497892793605,7.788132013888065
2018-01-18,0.006638473067120542,0.016794248319854294,0.14376589204009904,-0.0024436523697732144,-0.40043359144209284,-0.009009069942365968,-0.000441901413786949,0.02569560503977075,0.44680851063829785,3.871201010907891,0.15415067984853487,0,1,0.045737003132394885,-5.647977306196813,7.324370296633317
2018-01-19,-0.0011480633507354211,-0.007081269542320594,-0.007244927538947688,0.045737003132394885,-0.35067176592807475,0.004439620791428774,0.0007731783114749032,-0.08092960692565507,0.38636363636363635,3.8066624897703196,0.10247866930566447,0,1,0.10927147038888521,-0.5464148275217996,13.236687838981192
2018-01-20,0.04591673150583053,0.10486017855587358,0.0967526279191449,0.10927147038888521,-0.17086498611481707,0.0,0.0,0.0,0.0,3.295836866004329,-0.41639417860189315,1,0,-0.1044881491336175,-15.47321015447337,-0.00109376110853573
2018-01-21,0.10926053277779982,-0.023106345612012056,-0.03999648288063038,-0.1044881491336175,0.3634987202189793,0.0,0.0,0.0,0.20689655172413793,3.4011973816621555,-0.31800580274509543,1,0,-0.06911213271797718,-15.239333501002378,3.3797903633116357
2018-01-22,-0.1044772115225322,-0.07067930788941584,-0.10214938259890771,-0.06911213271797718,0.0557589979675345,-0.0007510891007015731,-0.001878744740033201,-0.021525559613488735,0.175,3.713572066704308,0.003577821372884004,0,1,0.0036300037587387226,-8.280052141247618,5.768543069165111
2018-01-23,-0.06911213271797718,-0.04522460565944244,0.0004806808795704432,0.0036300037587387226,-0.15490590236160107,0.003600038990317503,-0.0031021382363364924,0.006326333628840086,0.05454545454545454,4.02535169073515,0.29725152348611356,0,1,0.04974665754802564,-2.809494815825143,6.898682162659508
2018-01-24,0.0036262997669466845,0.014931394693682596,0.05833557701296342,0.04974665754802564,-0.321951988103513,0.015009996047209607,-0.010149015377902462,0.03278981173697751,0.4,4.02535169073515,0.26288387998190565,0,0,-0.015513561588170759,-3.585822870895037,3.837830414335609
2018-01-25,0.04974771836218949,0.019138140064786785,0.041983376997326835,-0.015513561588170759,-0.26482128598747784,0.0047824097943095206,0.0020156816087156175,0.00954451113451812,0.38636363636363635,3.8066624897703196,0.049927173979234414,0,0,-0.007749675310505253,-8.047746728103675,4.1001839773294995
2018-01-26,-0.014667446745859928,-0.012890025958231929,-0.060132800160257176,-0.007749675310505253,0.461357452486237,-0.007958810491319437,-0.003586238254267262,-0.04413779112302295,0.13333333333333333,4.110873864173311,0.306913434396335,0,1,0.03561049430441794,-2.2462505763383276,4.935255404063081
2018-01-27,-0.008593146975187822,0.0006010389568305658,0.050265286207148215,0.03561049430441794,-0.5611454550854796,0.0,0.0,0.0,0.32142857142857145,3.367295829986474,-0.46167825291300263,1,1,0.0332879848959367,-0.7249256603556496,6.347190080766936
2018-01-28,0.03639167026617839,0.04972984107145657,0.050823743464244515,0.0332879848959367,-0.11051981517975325,0.0,0.0,0.0,0.32142857142857145,3.367295829986474,-0.45845763821296037,1,0,-0.05439509158249847,-6.435026646126435,0.7970708270288696
2018-01-29,0.032506808934176026,-0.022213207641443956,-0.023813024961771134,-0.05439509158249847,-0.1754105037714954,0.0,0.0,0.0,0.4318181818181818,3.8066624897703196,-0.019293202911951673,0,0,-0.09439858760924733,-12.79222564483906,0.5090567399148215
2018-01-30,-0.05447419879102859,-0.0572752324536391,-0.11796708156962478,-0.09439858760924733,0.5896547576703384,-0.012058167071074382,0.0013463790336780623,0.28880959971006476,0.0392156862745098,3.9512437185814275,0.14116348432005496,0,1,0.004637819975389339,-5.393254047035037,1.82298731535811
2018-01-31,-0.0950533264168697,-0.08125928185481437,-0.020408871631207123,0.004637819975389339,-0.3495506001267451,0.0026921759851948287,-0.0006730057240450261,-0.08830300947669255,0.21428571428571427,4.04305126783455,0.23146892762908539,0,0,-0.10883108990254975,-16.152940912858128,0.48399471786546516
2018-02-01,0.005371665991541735,-0.008752105999536996,-0.10295904868284154,-0.10883108990254975,0.6222189811346686,0.003950401091376265,-0.005174354585465533,-0.005183254420537541,0.3018867924528302,3.9889840465642745,0.14788106683253083,0,0,-0.03884881716142667,-14.117189809647513,0.2758395471806675
2018-02-02,-0.10883108990254975,-0.11091264160939775,-0.0884735788704435,-0.03884881716142667,0.3979785483634568,-0.007916469765226359,0.005959412631732636,0.2508193280893314,0.09302325581395349,3.784189633918261,-0.0066225407372376924,0,1,0.03618279732835513,-7.535183826752465,6.543036363353536
2018-02-03,-0.03884881716142667,0.023823151000302002,0.02697124266752386,0.03618279732835513,-0.5536875345392146,0.0,0.0,0.0,0.4230769230769231,3.295836866004329,-0.5031035776336189,1,0,-0.1169191388606565,-14.854610057269912,1.8100490075960571
2018-02-04,0.03618279732835513,-0.011147076229219637,-0.03701146497681926,-0.1169191388606565,0.1084150925718227,0.0,0.0,0.0,0.25,3.367295829986474,-0.42899560548264426,1,0,-0.1649796637633145,-21.14296254865133,2.390199020485154
2018-02-05,-0.11750820809943491,-0.11111763873176543,-0.17980266377447068,-0.1649796637633145,0.6833311166961131,-0.0005249568386138391,0.003916157212102871,0.7682450294663026,0.1,3.9318256327243257,0.13108540691626228,0,1,0.0976850136855151,-14.5539197702152,12.677373095322942
2018-02-06,-0.16444246914359345,-0.06210792301493659,-0.0990892359789531,0.0976850136855151,0.4576691030721984,-0.005189755905578952,0.000446503147633375,-0.21899889039638815,0.11475409836065574,4.127134385045092,0.29788223936773733,0,0,-0.006968687593351903,-6.787159197466288,10.225329312505279
2018-02-07,0.09811318280126327,0.07316457585733843,0.1753526194130041,-0.006968687593351903,-0.49994770359952967,-0.010994537916590984,0.007450752333208592,-0.07801563428568233,0.2903225806451613,4.143134726391533,0.2953922108938773,0,1,0.024056254565828366,-0.3547540515804009,3.1732248646452
2018-02-08,-0.007344982090042862,-0.07748973207195282,0.05735536386550693,0.024056254565828366,-3.687514240897384,0.0040327608986760796,-0.00033241485578283615,0.18783582507703145,0.5344827586206896,4.07753744390572,0.2133395512348302,0,1,0.10940012537559372,0.07551085763111823,11.560841627576806
2018-02-09,0.02481136314213946,0.10793242219514432,0.028358903657943375,0.10940012537559372,2.599869703033223,-0.002889772982946634,0.002324671193936946,-0.14098802843245245,0.23404255319148937,3.871201010907891,-0.009077218129840149,0,0,-0.017417198432916687,-6.714288545548326,4.303384610496863
2018-02-10,0.10864616835229574,0.03682555520479437,0.04150213134379928,-0.017417198432916687,0.8799851961571847,0.0,0.0,0.0,0.022222222222222223,3.828641396489095,-0.10821358461801071,1,0,-0.05666101093024384,-9.939597977086315,0.17584758479433735
2018-02-11,-0.017417178200415846,-0.05869256868994184,-0.049670292748296554,-0.05666101093024384,-0.0923540509106039,0.0,0.0,0.0,0.75,3.2188758248682006,-0.7253608005019336,1,1,0.09899346832562467,-0.13501374525015156,10.860677732535285
2018-02-12,-0.05666962333035271,0.05018729054716565,0.04138483138811779,0.09899346832562467,-0.06984176305737008,0.008417731344798464,-0.0025463988848283925,-0.1263797157203979,0.4,3.9318256327243257,0.008608374556600165,0,0,-0.04163900046148712,-6.4007006420441765,0.5265233695229907
2018-02-13,0.09900090894021951,-0.00434807530449824,0.036336599357684435,-0.04163900046148712,-0.16911677840198036,0.002940864406439292,-0.005669540476778337,-0.025307847251119286,0.45,3.713572066704308,-0.15210777817245813,0,1,0.1012643851739862,-0.08082985755991674,10.544716397227806
2018-02-14,-0.04219302455872203,0.05854292981556108,0.021559707383355428,0.1012643851739862,0.1407114769455135,0.020421058915214334,-0.00648692804503151,-0.25964465853909074,0.3541666666666667,3.8918202981106265,0.0741079721745551,0,1,0.056580409649512595,-1.5838005828127975,7.828397659566215
2018-02-15,0.10181735106848322,0.07410119779737026,0.0862346779214574,0.056580409649512595,0.2504581066279328,-0.002511468630411128,-0.005964863911680532,-0.0067726786716267385,0.36363636363636365,4.02535169073515,0.2199020574082205,0,1,0.015862380690915286,-3.397951953065358,3.1816164181494346
2018-02-16,0.05666146393248531,0.010112597235344698,0.038438895946987,0.015862380690915286,-0.3176136583864456,0.0008132005147932578,0.005740374265087106,0.017103290129086884,0.058823529411764705,3.9512437185814275,0.13153259125909364,0,1,0.08302780550417584,-1.088383913937648,8.624016280852413
2018-02-17,0.015397467262251545,0.07028637931794525,0.03895806108219239,0.08302780550417584,0.09303927956884318,0.0,0.0,0.0,0.46153846153846156,3.295836866004329,-0.4795730802234247,1,0,-0.061273012835288285,-9.093101650541453,2.1014910510746216
2018-02-18,0.08341272285260488,0.01780255320639785,0.00298062813813772,-0.061273012835288285,0.37826474624055734,0.0,0.0,0.0,0.25925925925925924,3.332204510175204,-0.4519851237060202,1,1,0.07149725369905101,-1.0952110464579825,8.015686233708031
2018-02-19,-0.06208424917691801,-0.002131061008954174,0.018705893205546407,0.07149725369905101,-0.4036716621708968,0.0,0.0,0.0,0.3333333333333333,3.6888794541139363,-0.0465200156092519,0,1,0.00429364723937341,-0.47102599535370004,5.520471486724157
2018-02-20,0.07178024151303074,0.04654510622921216,0.07773910421009371,0.00429364723937341,0.1649389863084749,-0.018195805777987704,0.006934405906405551,0.05693006460225121,0.2553191489361702,3.871201010907891,0.11588514176958112,0,0,-0.07058749628237194,-9.361444696154784,0.9157132054744483
2018-02-21,0.004293231337844157,-0.04175393557312342,-0.08461053976863747,-0.07058749628237194,0.34678931201128,0.0009026261706847339,0.004004461460659216,-0.028559297561090536,0.3409090909090909,3.8066624897703196,0.06367309488386955,0,0,-0.0619063887400933,-7.545608080244974,4.64113118025576
2018-02-22,-0.06992279450594134,-0.03333331653455889,-0.05242913012327381,-0.0619063887400933,-0.01558988749854561,0.00045100774382701627,-0.00367015734997529,-0.06713936238272884,0.12962962962962962,4.007333185232471,0.27193371550216017,0,1,0.03209569611200183,-2.485522325201841,6.165725829985603
2018-02-23,-0.06158284547967141,-0.04666044224279494,-0.011305531189662002,0.03209569611200183,-0.1589890821321265,-0.001805344615643647,0.0014473893904171098,-0.12683831167819482,0.1111111111111111,3.828641396489095,0.1106655679097417,0,0,-0.0440442324402057,-8.001375417154263,3.548266574884973
2018-02-24,0.031636115504328294,0.005921103560995595,-0.023062834807522213,-0.0440442324402057,-0.335760697428884,0.0,0.0,0.0,0.4827586206896552,3.4011973816621555,-0.33928320119238053,1,0,-0.010838857005757338,-4.425870098241575,1.5607094364560907
2018-02-25,-0.0440442324402057,-0.06391980382449461,-0.008289179251078851,-0.010838857005757338,-0.3653842133000432,0.0,0.0,0.0,0.2727272727272727,3.5263605246161616,-0.230905556619396,1,1,0.07375039296102064,-2.534454559475119,8.533740107383766
2018-02-26,-0.010838857005757338,0.058891449703519436,0.008075298381907238,0.07375039296102064,0.2064084208556567,0.0018804775121498492,-0.0006677524968507495,-0.042744170586720996,0.23529411764705882,3.9512437185814275,0.1640029762898778,0,1,0.0234576908169124,-1.9858808649603286,5.153541927675062
2018-02-27,0.07345976568844942,0.03994841116393353,0.07923612990616856,0.0234576908169124,-0.1274266012442285,-0.011488261375785172,0.005994034092513105,0.1626138578366678,0.15384615384615385,3.970291913552122,0.1670540846823969,0,0,-0.023190388304420374,-2.5785077437689625,4.883593923042971
2018-02-28,0.025193950881121075,0.020758210770591395,0.017531422028825936,-0.023190388304420374,0.0031085800604036557,0.0,0.002762890615529982,0.06558021640940212,0.19607843137254902,3.9512437185814275,0.12516314297361383,0,1,0.05585738594789953,-0.8436964757497629,6.863348156264674
2018-03-01,-0.02474448306668597,-0.0033928459722034,-0.0058422756242284025,0.05585738594789953,-0.2049754844921609,-0.009624253533214297,-0.0032056725074198263,0.12397702928809691,0.30612244897959184,3.912023005428146,0.1011581497071561,0,1,0.010838486719455614,-1.3831479148461736,2.5317807984289784
2018-03-02,0.056273492898649746,0.012541712369542801,0.05046287155693547,0.010838486719455614,-0.04824466646951839,0.013872136457073265,-0.004216107975184558,-0.13716181589339477,0.15384615384615385,3.970291913552122,0.1382520937786907,0,1,0.0378191028154963,-0.21755689293924563,4.473136443535516
2018-03-03,0.010529935859767437,0.03025204317052087,0.022494396938524952,0.0378191028154963,-0.11622272111826942,0.0,0.0,0.0,0.38235294117647056,3.5553480614894135,-0.30228087184352204,1,1,0.004396973420937615,-3.682132193483582,0.872973583169168
2018-03-04,0.037819136435320665,0.0018174742118327073,0.003173349810052743,0.004396973420937615,-0.20763320070389116,0.0,0.0,0.0,0.045454545454545456,3.1354942159291497,-0.7028403097201504,1,0,-0.005311519300982928,-0.872137725097551,1.6792644336977445
2018-03-05,0.004397845680679169,0.012459881926223427,0.032496918104797996,-0.005311519300982928,-0.132850886143157,-0.0022734172079491807,0.001555376230969817,-0.04489274772965498,0.3333333333333333,3.6888794541139363,-0.09097177818008584,0,0,-0.06655627045932556,-8.169385762769888,0.008730193379321438
2018-03-06,-0.0052242173671897246,-0.022016861704167105,-0.07828399967770623,-0.06655627045932556,0.6672983292632835,0.011690746933441305,-0.0051196447133906005,-0.01995207357997202,0.09302325581395349,3.784189633918261,0.03722934179161167,0,0,-0.07823839517044331,-13.221093542024937,1.688829839483456
2018-03-07,-0.06664357239311884,-0.04975527399828423,-0.1170733482518761,-0.07823839517044331,0.5399752482062805,-0.005715142383890748,0.0002231021188336129,-0.0332256679843781,0.18518518518518517,4.007333185232471,0.2547215866210389,0,0,-0.06658406963285031,-8.967522828700867,1.8892060702523275
2018-03-08,-0.07823839517044331,-0.07623463286275478,-0.03570268803720267,-0.06658406963285031,-0.2086546619262693,-0.004610897113995902,0.0053405039171791615,-0.07116700550365268,0.06382978723404255,3.871201010907891,0.12273448361515596,0,0,-0.004826310112627507,-10.721687775584279,1.4812674888242046
2018-03-09,-0.067077092080752,-0.07066345544713157,-0.08412571910168458,-0.004826310112627507,0.44439751210384326,0.0018922913369371754,-0.00033301602709247025,-0.12202421296368898,0.023255813953488372,3.784189633918261,0.065203193834018,0,0,-0.05077207700814944,-6.260318186438857,2.8104644025417733
2018-03-10,-0.004008207746383785,0.00846565902454824,0.03978738577882675,-0.05077207700814944,-0.5448647710661598,0.0,0.0,0.0,0.2692307692307692,3.295836866004329,-0.40912141927281337,1,1,0.08345736243611354,-3.719545021918693,10.487922606617433
2018-03-11,-0.05109715692649138,0.026002505032607138,-0.025364345362947727,0.08345736243611354,0.17579948382476154,0.0,0.0,0.0,0.19230769230769232,3.295836866004329,-0.4236144265753801,1,0,-0.043106801293249175,-8.234284637735751,3.659163949472916
2018-03-12,0.08345736243611354,0.015169775864668254,0.03830996627794288,-0.043106801293249175,-0.04842152188150889,-0.0022711796760658443,-0.002111171563249572,0.07498576651157736,0.32608695652173914,3.8501476017100584,0.12206236529749673,0,1,0.002041426556296274,-3.4350504491166003,3.683875177042642
2018-03-13,-0.043106801293249175,-0.04285968901755181,0.00488554059294231,0.002041426556296274,-0.04949601481447784,0.004914386241190294,-0.00267317887894561,0.03548462217899347,0.3018867924528302,3.9889840465642745,0.22922670628648317,0,0,-0.1132849704155184,-14.685567740456909,1.988619821740496
2018-03-14,0.0022512406093621864,-0.014911126996725126,-0.11046374635710685,-0.1132849704155184,0.21251450393213087,-0.001131947426727324,0.00044595547122581807,0.05242410329726621,0.2653061224489796,3.912023005428146,0.1678495242058283,0,1,0.0086503600164496,-6.57632610334671,3.1327863141852594
2018-03-15,-0.11178144279553377,-0.10184330549107082,-0.032192554044416385,0.0086503600164496,0.05065691899402891,-0.0057549571034445565,0.004893275448427337,-0.037851910572074765,0.16666666666666666,4.007333185232471,0.2411620568354065,0,1,0.0023053186445256128,-4.225650941538514,4.399550760346823
2018-03-16,0.006937018343398974,0.021318004478065145,0.03215711163453144,0.0023053186445256128,-0.29800736818044576,-0.004185539229898073,0.0009979927192423008,-0.048790161295187505,0.14285714285714285,3.912023005428146,0.12399764167697887,0,0,-0.05412641053874062,-6.735248469297564,1.067166821029745
2018-03-17,0.0023053186445256128,-0.0310185207486452,-0.02279065663306475,-0.05412641053874062,-0.15897574681031773,0.0,0.0,0.0,0.21951219512195122,3.7376696182833684,-0.10256916699616567,1,1,0.04561449986886557,-6.6414662296101685,6.105152900067122
2018-03-18,-0.0542273766825778,-0.003746549748366817,-0.053188588141866645,0.04561449986886557,0.5859369234579277,0.0,0.0,0.0,0.20689655172413793,3.4011973816621555,-0.45823514405374577,1,1,0.048849526396450536,-1.248174038357414,6.101131760487994
2018-03-19,0.04559457943774233,0.04557428847307435,0.09954742178139303,0.048849526396450536,-0.07305831300687093,0.00418553922989804,-0.003664044759949974,0.18548112907998673,0.46808510638297873,3.871201010907891,0.021506205242240204,0,1,0.03540979355182516,-3.7919234862293725,5.100255445237279
2018-03-20,0.04839001201321653,0.03884076324394329,0.023412031917730836,0.03540979355182516,-0.20905985389963674,-0.004338127119398508,0.00521442585585132,-0.04406944518223561,0.2571428571428571,3.58351893845611,-0.21576949083292346,0,0,-0.002807535204672574,-1.8049727364105654,2.9529446705718576
2018-03-21,0.035987949833550144,0.01393668580517123,0.055279301050013295,-0.002807535204672574,-0.1154709893909436,0.007295401194057268,-0.006550164549312973,-0.018858026379926878,0.1206896551724138,4.07753744390572,0.2601499690788207,0,0,-0.01841271016713497,-4.841263274220855,2.3909951916189685
2018-03-22,-0.002825549596669633,-0.008427029994201663,-0.03317044058277549,-0.01841271016713497,0.01601105653230297,0.0044573976096106815,0.0008906906770818705,0.2676050237734511,-0.022727272727272728,3.8066624897703196,0.016366977486932565,0,1,0.01987815248285389,-5.343816869945014,2.1110250299027014
2018-03-23,-0.01872496461726011,-0.0212124117842976,-0.023438246124376484,0.01987815248285389,-0.015545786363632925,0.016966715936515404,-0.00468487373089344,0.06349365816409866,0.06521739130434782,3.8501476017100584,0.0707690709099463,0,0,-0.04026593988898665,-4.68231249051073,1.1389117842897991
2018-03-24,0.020211789845080555,0.010157020026724915,0.02649319627719677,-0.04026593988898665,-0.12006294206464274,0.0,0.0,0.0,0.4074074074074074,3.332204510175204,-0.4142447957231732,1,0,-0.00901574596303241,-2.1415583621715273,1.4287525571376594
2018-03-25,-0.0420951353807357,-0.037367532160508234,-0.014858398605594538,-0.00901574596303241,-0.2012348394041718,0.0,0.0,0.0,0.3333333333333333,3.4339872044851463,-0.3123746850088191,1,0,-0.04046713461426167,-7.8458002301514025,0.5268177581563286
2018-03-26,-0.0071888549322515274,-0.01803509395284558,-0.06605816464283124,-0.04046713461426167,0.41759604127695993,0.003772594220179005,-0.004594658828934108,-0.16771226919475257,0.041666666666666664,3.8918202981106265,0.15415067984809142,0,0,-0.042533156531052586,-5.097222085672238,0.9995086319779984
2018-03-27,-0.04046718337034759,-0.03574022587604509,-0.012981353169470054,-0.042533156531052586,-0.1625431963172803,-0.00971924053303923,0.003811708251571125,0.06756528684500536,0.20930232558139536,3.784189633918261,0.016750810448071154,0,1,0.019535947550118275,-0.8697830014783529,3.9426629037419794
2018-03-28,-0.04253192715763356,-0.013101613813412665,-0.0002587656891137463,0.019535947550118275,-0.3489952330560487,-0.012830862694559693,0.0076910016387542555,0.016310735520134442,0.20833333333333334,3.8918202981106265,0.16111934916418497,0,0,-0.11437878800473697,-13.562217038270921,0.3227774195789696
2018-03-29,0.019535947550118275,-0.016662907291511958,-0.10738839281780743,-0.11437878800473697,0.7270024193736326,-0.0010577275967254573,0.000998878810564609,-0.135594931686637,-0.07407407407407407,3.332204510175204,-0.3529643645051598,0,0,-0.03588372967026073,-7.162028603763329,2.813173734030551
2018-03-30,-0.11437596718994462,-0.08947482486022103,-0.050376903659661056,-0.03588372967026073,0.17866753500953111,0.0,0.0,0.0,0.10526315789473684,2.995732273553991,-0.5985885978823009,0,1,0.012159282162465812,-0.9286830646145092,5.449886181295493
2018-03-31,-0.03588508854697624,-0.009516605197611317,0.026449725721227533,0.012159282162465812,-0.5717258172000232,0.0,0.0,0.0,0.14285714285714285,3.367295829986474,-0.21494678407431692,1,0,-0.016146619389951777,-7.400610071305888,1.8044140978133776
2018-04-01,0.011881926474954849,-0.02429543867235517,-0.05255998790444785,-0.016146619389951777,0.17845314910200333,0.0,0.0,0.0,0.12903225806451613,3.4657359027997265,-0.11727087172048412,1,1,0.03504429913185516,-0.7071757949883724,4.4775706582079255
2018-04-02,-0.015870725640517443,0.010584946213993595,0.050787723373223355,0.03504429913185516,-0.3162220176613719,0.014484794192477413,-0.0011098610637691225,0.16786273325597026,0.16666666666666666,3.8918202981106265,0.31994293469083573,0,1,0.04830548782990234,-0.6396548150624037,6.368781925725821
2018-04-03,0.036173196834388695,0.05395641180703423,0.0357195089311149,0.04830548782990234,0.16238418963002288,-0.006953504164492984,0.0016642877237852988,-0.1128207877386875,0.4222222222222222,3.828641396489095,0.24724110291549228,0,0,-0.08583488829500112,-9.903204941679236,0.30082145126697957
2018-04-04,0.04717659012736891,-0.01237411691468609,-0.04433001343626607,-0.08583488829500112,0.11109027044832374,0.002248370796679207,-0.0006653827439912696,-0.05054530265037734,0.18,3.9318256327243257,0.3445044083384771,0,0,-0.0037355776454287993,-3.4339017870378914,1.5462306436420212
2018-04-05,-0.08583488829500112,-0.07338079637125064,-0.021141856748587727,-0.0037355776454287993,-0.07874047880728247,-0.008646345041192702,0.0035437434375483945,-0.057451639955505604,0.05,3.713572066704308,0.07026919587155611,0,0,-0.025333107675319738,-4.081116369237116,1.1635311680171412
2018-04-06,-0.0038478313152078255,-0.007562572401677752,-0.010207723467421062,-0.025333107675319738,-0.3517749659246651,0.005722457733424547,-0.003876600908548161,0.12631158404852685,0.1509433962264151,3.9889840465642745,0.22922670628648317,0,1,0.043632297701987996,-0.22915354436460855,6.858024698983849
2018-04-07,-0.02522085400554071,0.031611827634347514,0.013186520573405514,0.043632297701987996,0.16157620219522126,0.0,0.0,0.0,0.16666666666666666,2.9444389791664403,-0.816207273261617,1,1,0.017565746540392356,-0.229387867537872,3.04673428383736
2018-04-08,0.043633747859003834,0.005519393550523289,0.04362995447025536,0.017565746540392356,-0.40944171189530887,0.0,0.0,0.0,0.2727272727272727,3.5263605246161616,-0.2170645052075246,1,0,-0.03410007571887251,-5.974334880958232,2.351724236996483
2018-04-09,0.016572068751119596,0.010615646071983745,-0.03988372359381119,-0.03410007571887251,0.4639775109045149,0.003298124789570669,-0.0030008833527354188,0.012945196269927605,0.1875,3.8918202981106265,0.15762894422441642,0,1,0.008979543142650856,-1.8859497923243393,1.569288358341643
2018-04-10,-0.033280360135240564,-0.04192443450542109,0.006783775167466391,0.008979543142650856,-0.4228762060623177,0.004256401204819836,-0.002786603934448281,-0.061572530144520216,0.14893617021276595,3.871201010907891,0.12963106267421629,0,1,0.015929090097948514,-0.8348726863180441,2.112281166091714
2018-04-11,0.008517712686451793,0.014409471220151784,0.01949031420271387,0.015929090097948514,0.07218059541760112,0.01074681456735932,-0.00022322665318425048,-0.011299533018332213,0.43137254901960786,3.9512437185814275,0.20785485881872703,0,1,0.1304830873003545,-3.075224498161498,14.168228964837565
2018-04-12,0.01656199453702864,0.13648856808540716,-0.006474428020485958,0.1304830873003545,0.9942905817660654,-0.013432964185142135,0.002007588288404827,-0.09043080009052253,0.41935483870967744,4.143134726391533,0.33004134630705145,0,0,-0.005770752343539542,-2.4402360637020415,3.8427915550125062
2018-04-13,0.13048326321712586,0.02722871320210388,0.1368329716449491,-0.005770752343539542,-0.1641133376851689,0.0047704504893987506,0.0005569819237051723,-0.06018528800463542,0.3333333333333333,4.007333185232471,0.18869100509795284,0,1,0.015318614382607587,-0.8594205787970768,3.842620843064596
2018-04-14,-0.005760604064609694,-0.005772459463018691,0.010037402505510067,0.015318614382607587,-0.5543118568304447,0.0,0.0,0.0,0.4482758620689655,3.4011973816621555,-0.4675375367160593,1,1,0.043542378025184125,0.00012501539252018356,5.242441948021863
2018-04-15,0.015933360951964393,0.029316825432180237,0.023914070324503676,0.043542378025184125,-0.12353065651877966,0.0,0.0,0.0,0.5714285714285714,3.367295829986474,-0.4870764435186129,1,0,-0.035336369924218125,-6.018336670025155,0.7630894308169849
2018-04-16,0.042927123507409695,-0.0012511471468645164,-0.016642238828992725,-0.035336369924218125,0.2714973924743626,0.002005684379909184,-0.004128809521549358,-0.050054628308458644,0.41304347826086957,3.8501476017100584,0.015649771688866818,0,0,-0.022559035249717883,-3.014893879255054,1.3397890608205838
2018-04-17,-0.03534474810575784,-0.02956937362418221,-0.005301942016517157,-0.022559035249717883,-0.13130381939045868,-0.00022269553924516243,0.001005826733866866,-0.08241061365383635,0.5192307692307693,3.970291913552122,0.12260232211156298,0,1,0.03587128166057163,-0.21608563466083303,4.3602240739825024
2018-04-18,-0.02180599166311326,0.007645314881901218,0.00542904719622446,0.03587128166057163,-0.17580371840502956,0.0029647221128227827,0.0011165135005621514,0.02269143565525821,0.2692307692307692,3.970291913552122,0.11950154443331476,0,1,0.012765354792547949,-1.1444166000988665,1.4937432393233487
2018-04-19,0.035239361290071165,0.007206473313980274,0.026587972006191427,0.012765354792547949,0.0053548630469707325,-0.0032616058148920136,0.0035642684824207333,0.022814655703145195,0.5348837209302325,3.784189633918261,-0.009917436634090284,0,1,0.06760445539741863,-1.2265051725676646,7.58150015618671
2018-04-20,0.012141568417835456,0.07364292396118155,0.011944469067860092,0.06760445539741863,0.38370518289689903,-0.007527591093269497,0.0042161079751844915,0.05604384503836758,0.36363636363636365,3.8066624897703196,0.04652001565762006,0,1,0.006564174841321903,-3.3521716947876037,1.990007532023244
2018-04-21,0.06755824818745863,0.011689529155784145,0.04634779017521914,0.006564174841321903,0.02670110030067651,0.0,0.0,0.0,0.2222222222222222,3.332204510175204,-0.4350067871716023,1,0,-0.014494390964487373,-2.1270439318003755,1.1748587129832058
2018-04-22,0.007113045209890455,-0.0015873133490785256,0.018815452471194143,-0.014494390964487373,-0.32747673228694735,0.0,0.0,0.0,0.43333333333333335,3.4339872044851463,-0.3364722365878796,1,1,0.01658970964796054,-0.4793524130228383,2.2280887634728552
2018-04-23,-0.0146446238257044,-0.003962090459590831,0.001982524223288095,0.01658970964796054,-0.1311234087489359,-0.010679968716113873,0.006841058780626733,-0.0325133406800305,0.1702127659574468,3.871201010907891,0.10908239444682861,0,1,0.07397788292728111,-0.13452055426812465,8.545235123418278
2018-04-24,0.016738823190350072,0.07976117324741487,0.020038028235507606,0.07397788292728111,0.5826169379395857,0.006707153771284317,-0.0018711776875230638,0.09786617881312008,0.43478260869565216,3.8501476017100584,0.1081248574537153,0,0,-0.08116955625089858,-9.707785532452444,1.4430732455947604
2018-04-25,0.07387192779547719,0.0029562641490458942,-0.021754766854562235,-0.08116955625089858,0.5613390675002768,-0.007690660944510987,0.004397077957168942,-0.010039141878284853,0.23076923076923078,3.970291913552122,0.2307271795435393,0,1,0.04367811806931989,-2.492708227967046,4.814470903256206
2018-04-26,-0.08106248180026747,-0.047455579674284154,-0.00901878320604463,0.04367811806931989,-0.627647060087345,-0.003715570032884322,0.004268592906964459,-0.09396581506517351,0.20408163265306123,3.912023005428146,0.15075509084652813,0,0,-0.038577276775288154,-4.1537229734918775,1.3825845870971947
2018-04-27,0.04378927096780029,0.009359254907729904,0.02706797061407173,-0.038577276775288154,-0.15074003792168697,0.0030342129414097896,-0.000218423192928116,-0.052460681209673184,0.358974358974359,3.6888794541139363,-0.060409127769919094,0,1,0.047387906457443105,-0.5099713897680362,5.585431847576099
2018-04-28,-0.0386884296737685,0.003451195829500741,-0.0021397609380497573,0.047387906457443105,-0.06896301303885334,0.0,0.0,0.0,0.3103448275862069,3.4011973816621555,-0.3635478231920117,1,1,0.0075665091640684835,-1.9908024377856548,2.352407890435812
2018-04-29,0.047387906457443105,0.015057666886040353,0.03257959597726684,0.0075665091640684835,0.0930652163255662,0.0,0.0,0.0,0.4482758620689655,3.4011973816621555,-0.3601172880952223,1,0,-0.018536818726453352,-3.1712122263136346,0.4199683674654741
2018-04-30,0.007358397479545335,-0.011757886065634727,-0.004237588721211296,-0.018536818726453352,-0.08611565627686539,-0.003110260543535764,0.0032718474694839917,0.033187503649106796,0.4838709677419355,3.4657359027997265,-0.2368737440938536,0,0,-0.019056680995625856,-4.938470536205905,0.03222492593443274
2018-05-01,-0.018328707041930205,-0.022414253141763776,-0.036209401825376054,-0.019056680995625856,0.15861612733191205,-0.009465644983154229,0.006620032126942854,-0.02800950342658224,0.28888888888888886,3.828641396489095,0.13944453245978497,0,1,0.01925458462369398,-1.1227453752424574,2.143218045152891
2018-05-02,-0.019056680995625856,0.002053250196558537,0.019100570614008605,0.01925458462369398,-0.4511853226656854,-0.0009208665713252698,0.0006488450518002712,0.030517339294898603,0.5277777777777778,3.6109179126442243,-0.02353049738241631,0,1,0.05287727426746115,-0.862722170422048,6.247212178651481
2018-05-03,0.01925134061767083,0.060294525958679616,0.021854816671897995,0.05287727426746115,0.3947682045254871,0.00619906000228972,-0.0010815323462364198,-0.004392893713193908,0.14545454545454545,4.02535169073515,0.3772942311596497,0,0,-0.003700170528775011,-2.3783154477928203,0.8175718317032361
2018-05-04,0.05288051827348413,-0.0014191292020214136,0.03772134149375332,-0.003700170528775011,-0.3013497652660956,0.0015247392406204264,0.001729874253539356,-0.07372095769828975,0.375,3.8918202981106265,0.2076393647990777,0,1,0.015324651381062362,-0.3298622963478141,3.101598117573803
2018-05-05,-0.0036991410862026986,0.019140092329930667,0.016784360985675057,0.015324651381062362,-0.1377789355007262,0.0,0.0,0.0,0.4482758620689655,3.4011973816621555,-0.2962658161086896,1,0,-0.02100060736155858,-4.637201361125251,1.0688818111703822
2018-05-06,0.015322608150466108,-0.005002511682971799,-0.027748739266711973,-0.02100060736155858,0.10260755440617628,0.0,0.0,0.0,0.18181818181818182,3.1354942159291497,-0.5465437063226154,1,0,-0.03091182260443279,-5.0755027338921685,0.31692110947267155
2018-05-07,-0.020791519361718913,-0.028520214378535726,-0.0253836210892277,-0.03091182260443279,0.19901102214694594,-0.0003809669127580398,0.0019425897051274154,-0.0013550447502601436,0.08888888888888889,3.828641396489095,0.11778303567860568,0,0,-0.019128940766176317,-3.305061496832441,1.1751290971515125
2018-05-08,-0.031119896816248407,-0.02232974272764423,-0.013207410233835606,-0.019128940766176317,-0.2800907419266877,-0.00015239019585577444,0.00398131199066495,-0.002715545579214714,0.4166666666666667,3.6109179126442243,-0.0726897333404999,0,1,0.013238696159100179,-2.4522288072779403,2.179489809029593
2018-05-09,-0.020170019923410044,-0.009085333647395489,-0.010600613870631164,0.013238696159100179,0.005455987783460927,-0.0005336417302308635,-0.0008594954276526562,-0.0917813999779858,0.38461538461538464,3.970291913552122,0.23767165189635017,0,0,-0.03362009937998716,-3.7203415218270934,0.9101314246345561
2018-05-10,0.01427977531633399,0.000545112315149842,0.0005575690136085463,-0.03362009937998716,-0.024384349816545397,0.007218601800712527,-0.004200548849906804,-0.01425919370219339,0.6415094339622641,3.9889840465642745,0.26371288235765245,0,0,-0.0692372860597206,-7.628587864951385,0.1620512036743137
2018-05-11,-0.033618988541031694,-0.04110090158958969,-0.07270256281122996,-0.0692372860597206,0.6548440752211339,-0.0013637768572015564,-0.0011879758284816975,-0.04482975850861594,0.25,4.110873864173311,0.34652257249138096,0,1,0.007819349052131747,-2.9845748168494217,2.896685638730367
2018-05-12,-0.06853150394923666,-0.04189094170916014,-0.022797155578700996,0.007819349052131747,-0.18102567819176305,0.0,0.0,0.0,0.5483870967741935,3.4657359027997265,-0.3205462198179688,1,1,0.02493706307447925,-2.0036532990723446,3.45283381497732
2018-05-13,0.008233970524274777,0.01338083081460128,0.017628564229902364,0.02493706307447925,-0.4510188611953674,0.0,0.0,0.0,0.3076923076923077,3.295836866004329,-0.5097261183941122,1,0,-0.0018877884641445746,-4.750753407262001,2.2812312901439693
2018-05-14,0.023815548652896767,0.013221037826145733,-0.002533938007417464,-0.0018877884641445746,0.3775188829670661,-0.0018971737809504907,0.0005401115358979668,0.02189303136809524,0.2857142857142857,3.912023005428146,0.11088269959915098,0,0,-0.023514777213858397,-3.0713873732092596,2.2445306436446906
2018-05-15,-0.0018843256024701765,-0.00225479492913736,0.014905871876382802,-0.023514777213858397,-0.2846659607264357,-0.021187539583848607,0.006781199131391543,0.12352400646846437,0.4782608695652174,3.8501476017100584,0.015649771688866818,0,0,-0.01572209611912437,-4.582122438251452,0.3067849013806304
2018-05-16,-0.023518240075532736,-0.04289223463649901,-0.038622127864280396,-0.01572209611912437,0.10146666831459372,0.001008046900233056,0.0018219625466556293,-0.0863280856257502,0.38181818181818183,4.02535169073515,0.18492233851219378,0,0,-0.03525279743391407,-4.305036585260743,1.5958418937192342
2018-05-17,-0.01572209611912437,-0.002831526195738452,-0.01295123758921733,-0.03525279743391407,-0.20187844013773334,-0.0015513500441079692,0.0008562756682172256,0.0007448960299561571,0.41304347826086957,3.8501476017100584,0.028348355025994153,0,1,0.024366626658270284,-1.6242703533622103,2.8411924919602525
2018-05-18,-0.0355811499282387,-0.02279929145150371,-0.008445135114928724,0.024366626658270284,-0.0803312741422046,0.0015513500441079395,0.0018170938503147753,-0.000744896029956075,0.4166666666666667,3.8918202981106265,0.11000089523516185,0,0,-0.0007673022782413454,-1.7640523216486435,1.815858213938993
2018-05-19,0.024476503649505366,0.014113283878057598,0.022968806975406014,-0.0007673022782413454,-0.3114583624572666,0.0,0.0,0.0,0.3333333333333333,3.4339872044851463,-0.35667494390539894,1,1,0.03502527114150157,-0.8487987149885492,4.459818455095143
2018-05-20,-0.0005488267751518495,0.025672300133320232,0.008385233788359576,0.03502527114150157,0.14905581939859724,0.0,0.0,0.0,0.42857142857142855,3.091042453358316,-0.6965427695134646,1,0,-0.01723937935867626,-2.637751120110973,0.7981451399122313
2018-05-21,0.03502409839266633,-0.001591462010327386,0.017135747090277414,-0.01723937935867626,0.0752417463464097,0.0,0.0004270864424570555,-0.02566179703244607,0.38461538461538464,3.6888794541139363,-0.04301738505804984,0,0,-0.04941968442854542,-5.4698658391504225,0.22572592834163657
2018-05-22,-0.01656430913721606,-0.022963571474382296,-0.045560526549070876,-0.04941968442854542,0.09711041162879623,0.0011619351837768423,-0.0007475006432959248,0.010646514426208504,0.4418604651162791,3.784189633918261,0.065203193834018,0,0,-0.061413203731023915,-7.172350579038286,0.6844922193519607
2018-05-23,-0.050092328315130746,-0.0448320215184422,-0.0664445318274241,-0.061413203731023915,0.5931854592186632,-0.0018596691479237644,0.004263960410091356,-0.04962260941479785,0.2033898305084746,4.0943445622221,0.3674557821581294,0,1,0.009691684778452453,-3.1820811198236187,3.004030864972968
2018-05-24,-0.06141445731706347,-0.03821781727481373,-0.021510509138877205,0.009691684778452453,-0.12560976645239869,0.011106864926633073,-0.002449581669125899,-0.0039824976107742825,0.0784313725490196,3.9512437185814275,0.20441251462775448,0,0,-0.015701482964916948,-3.5864507769898704,0.9792151052286454
2018-05-25,0.010216958645617629,-0.010556472818990905,0.005647988206789872,-0.015701482964916948,-0.3473517211939499,-0.0003067912135685513,0.004362444109968448,0.053605107025572064,0.24242424242424243,3.5263605246161616,-0.17798315516505356,0,0,-0.016637572977028725,-2.1278840407312343,2.1623181136897136
2018-05-26,-0.01622809785484,-0.003870452880306206,-0.0011158156023304945,-0.016637572977028725,-0.317587922599034,0.0,0.0,0.0,0.1724137931034483,3.4011973816621555,-0.3035651185903011,1,1,0.0006856153939101124,-1.4123064227060715,0.8964384625495034
2018-05-27,-0.01663077788976569,-0.029296369488430823,-0.009481796796777122,0.0006856153939101124,-0.03967615471626534,0.0,0.0,0.0,0.3,3.4339872044851463,-0.30186670741040394,1,0,-0.03324730192129037,-3.9036672065548172,1.3266310742624048
2018-05-28,0.0006801613294049257,0.004987541511038968,-0.02422799244457728,-0.03324730192129037,0.37503651298948965,0.0,0.0,0.0,0.024390243902439025,3.7376696182833684,0.0034904049641588195,0,1,0.049774392461102136,-0.9347681098314081,6.026825296261587
2018-05-29,-0.03324730192129037,0.01375464029870152,-0.0035583109540563117,0.049774392461102136,0.37001745511850886,-0.0035358204833160823,0.00677178944970753,0.25265829541846974,0.047619047619047616,3.7612001156935624,0.031090587093840546,0,0,-0.011502258272255131,-2.7279624529695865,1.4332636808679486
2018-05-30,0.05067061852544362,0.003838776307165667,0.03184244902972026,-0.011502258272255131,-0.20691429351000107,0.002153718916270126,-0.007196562894394621,-0.13034699842298353,0.40540540540540543,3.6375861597263857,-0.015325970451199832,0,1,0.014676290629947557,-0.659030492217871,4.286438704981663
2018-05-31,-0.011570460494783509,0.01702949196888207,0.009187061335262047,0.014676290629947557,-0.040297331602605804,-0.0010762796451007667,-0.0017009004061178687,0.032271534535272615,0.34,3.9318256327243257,0.2895886507423624,0,1,0.0047980835777630265,-1.7448583075161728,1.637026107795149
2018-06-01,0.01384826678813439,-0.011817835341917833,0.0038180124769644544,0.0047980835777630265,-0.08532083415256193,-0.004084885026490751,0.002125673850804869,-0.13659135910246892,0.42857142857142855,3.7612001156935624,0.08146094648279018,0,1,0.015701092418484074,-1.1232895732643158,2.3173078026270315
2018-06-02,0.0047980835777630265,0.011600900526081998,0.011013770920281484,0.015701092418484074,-0.05597820177503261,0.0,0.0,0.0,0.5,3.4339872044851463,-0.2586945355451952,1,1,0.009669034297781922,-0.5253282580004865,1.901433599047895
2018-06-03,0.015279539263815301,0.011542350382692725,0.021680705571122293,0.009669034297781922,0.028935405412144743,0.0,0.0,0.0,0.76,3.258096538021482,-0.4224626844367355,1,0,-0.02990238092152404,-3.532644082628701,0.5978778089243143
2018-06-04,0.010090587452450606,-0.0033665236034539536,-0.020404123948500212,-0.02990238092152404,0.15941837748030147,-0.0013138633414813785,-0.0018065548632196814,-0.05497569487227085,0.20930232558139536,3.784189633918261,0.11239888517029237,0,1,0.01826413924492724,-1.7380026565965594,2.538495545603988
2018-06-05,-0.02990238092152404,-0.010496203554727173,-0.011955966661202659,0.01826413924492724,-0.01675083194165291,0.0033969186184965657,-0.0013836121217738577,-0.027050190331106984,0.2682926829268293,3.7376696182833684,0.06849523527315454,0,1,0.004428213760099597,-2.093231433269258,0.9658127802437139
2018-06-06,0.018479198085330162,0.002537311591324275,0.014711851478200115,0.004428213760099597,-0.15272212168886518,-0.00030835151545212326,-0.002452634914316161,-0.0632489700489296,0.5660377358490566,3.9889840465642745,0.2672278244650969,0,1,0.004200679535544633,-0.5084166555019942,1.3765920347075653
2018-06-07,0.0042066264946073045,0.008536006304737869,0.020276361537772118,0.004200679535544633,-0.08295718884682589,0.001232741993758485,-0.0027798812836009154,0.04123426059212118,0.3958333333333333,3.8918202981106265,0.17520408904592386,0,0,-0.011460439324659283,-2.1033380669904633,0.16135552505733403
2018-06-08,0.004207207960633888,-0.00795168556095783,-0.011748534579340272,-0.011460439324659283,-0.06876235978117567,-0.0004620884269374544,0.0016047237699442125,0.004113554946738901,0.2727272727272727,3.8066624897703196,0.08112554483509576,0,0,-0.014801030973022017,-2.038674407299198,1.0536865627426755
2018-06-09,-0.011460439324659283,-0.0025371289478056695,-0.01081380272774647,-0.014801030973022017,-0.1904299076357497,0.0,0.0,0.0,0.2608695652173913,3.1780538303479458,-0.5426131411593971,1,0,-0.1020389620663794,-12.327999430588438,0.0
2018-06-10,-0.014801030973022017,-0.02533789660044882,-0.11769428120591441,-0.1020389620663794,0.9956299378959529,0.0,0.0,0.0,-0.13793103448275862,3.4011973816621555,-0.3251486902574758,1,1,0.015694401256895668,-2.317712956146377,2.294396178809396
2018-06-11,-0.10203748386868672,-0.0790950002782856,-0.0019360973219588577,0.015694401256895668,-0.415329357776268,0.0006161331177777786,0.00032061966302678605,0.013860806624989432,-0.07692307692307693,3.970291913552122,0.22727294467545167,0,0,-0.05104824139361455,-6.570334363386422,0.26899179235476234
2018-06-12,0.015692923059202932,-0.004559642607650557,-0.02683181281550497,-0.05104824139361455,0.06091164855702836,-0.0029298778307513215,0.002348183542108863,-0.0008100631196740042,0.02857142857142857,3.58351893845611,-0.14771602758790772,0,0,-0.03700399883342598,-6.5060556302244406,1.4835804424665389
2018-06-13,-0.05104824139361455,-0.03890235489249672,-0.05040545406199473,-0.03700399883342598,0.22928450635044417,0.0013889267881947254,-0.0009599911809710416,0.04747722580233045,-0.1568627450980392,3.9512437185814275,0.23582871086113324,0,1,0.05310341400496915,-0.5222759342906562,6.568521008014453
2018-06-14,-0.03700399883342598,0.013845406822052916,0.022833798125911915,0.05310341400496915,-0.03766866139965718,0.005459643319964293,0.011247970694262666,-0.06546628544603085,0.37735849056603776,3.9889840465642745,0.2567198468666818,0,0,-0.03794424886387517,-4.211483950457636,0.4612626425498244
2018-06-15,0.05350869776564396,-0.007969169649676916,0.016211333843299352,-0.03794424886387517,-0.39318943459697375,-0.022804078760698156,0.00021106006322884878,-0.011618416722202882,0.20408163265306123,3.912023005428146,0.16097664491806626,0,1,0.014772409756933736,-1.0706834745366938,2.6428493359989904
2018-06-16,-0.03974197746696842,-0.016128381929383616,-0.006536244104665705,0.014772409756933736,-0.2982426109572291,0.0,0.0,0.0,0.2647058823529412,3.5553480614894135,-0.24146213180848275,1,0,-0.005314855489628235,-0.9604923685619283,1.6071625611326597
2018-06-17,0.015936573677093172,0.004415542008270399,0.0158743208166812,-0.005314855489628235,-0.11550023895242963,0.0,0.0,0.0,0.2,3.258096538021482,-0.5356575994271724,1,1,0.03994583692225749,-1.0851566506614623,5.207613601540475
2018-06-18,-0.005947462172336724,0.030689654914449832,-0.0065614983106237045,0.03994583692225749,0.4720747771553983,0.0012544894477869528,-0.0004220841608947046,0.02717341980718159,0.15,3.713572066704308,-0.024692612565371613,0,1,0.004273933248472515,-0.8897620025820165,1.9076584463177466
2018-06-19,0.04064730677415619,0.006946285370030131,0.04189978340305199,0.004273933248472515,-0.26919387334555295,-0.0004702371770622632,0.003581929076781774,0.08110443913694274,0.46808510638297873,3.871201010907891,0.09561417739596191,0,1,0.003006803857909355,-2.8498086682746346,1.1213796958909723
2018-06-20,0.004253841891713873,-0.0035888542557951115,-0.015326533408453611,0.003006803857909355,0.08089207273006202,-0.0034553391851679326,-0.00031552753624677465,-0.04285280081258066,0.2127659574468085,3.871201010907891,0.10908239444682861,0,0,-0.006330717304896108,-1.3241144829906784,0.49408097111544125
2018-06-21,0.0034377044950960993,-0.003266183389845842,0.01826374571074892,-0.006330717304896108,-0.0359538031209693,-0.003151594283591868,-0.00200068314727858,0.1350939193759841,0.45652173913043476,3.8501476017100584,0.11159106543020143,0,0,-0.10568403652030066,-12.675814177728725,0.22493451374475823
2018-06-22,-0.006753283979828111,-0.009022181878602833,-0.1198477142522766,-0.10568403652030066,0.7183809951167328,0.00015787362465893563,-0.00369614555267596,-0.06126518600006092,0.0,3.9889840465642745,0.2394482603580212,0,1,0.01721734571386217,-0.605967932086997,3.4948701045251163
2018-06-23,-0.1053606810586118,-0.07298468061249702,0.015014425936116637,0.01721734571386217,-0.6724979476489656,0.0,0.0,0.0,0.10344827586206896,3.4011973816621555,-0.34627623668335106,1,0,-0.0021176947675519654,-6.724897497135913,1.7699405939223423
2018-06-24,0.017065165399746358,-3.194939216554002e-05,-0.04397194993662687,-0.0021176947675519654,0.5778246373251663,0.0,0.0,0.0,0.0,3.258096538021482,-0.49469624179610705,1,1,0.01857027754616394,-1.2296305251462243,3.4123677891533992
2018-06-25,-0.0019580195921404283,0.014306577184758688,0.05283497495234488,0.01857027754616394,-0.19182108516509397,-0.0014212784296392148,-0.002542351682821953,0.22994675334098222,0.06521739130434782,3.8501476017100584,0.09437893654908015,0,0,-0.029414314919623725,-3.532555800973537,0.32799637215233174
2018-06-26,0.01841060237075224,-0.012273436623846801,-0.004458975212109123,-0.029414314919623725,-0.7036719086123027,-0.007136657182704904,0.004233722748722857,-0.08486291411652427,0.35555555555555557,3.828641396489095,0.0792493716763627,0,1,0.010315950128999891,-1.6572680074751058,1.9517453526254058
2018-06-27,-0.030220137318125,-0.013176825114893017,-0.0106614369846394,0.010315950128999891,-0.007852784087013934,-0.003028556328446318,0.006422095098880598,0.11778302234434666,0.18518518518518517,4.007333185232471,0.23780070913270177,0,0,-0.04668127597212111,-5.13007596076691,0.6383515599721604
2018-06-28,0.01128479217335972,-0.002817987797532727,-0.024412129403918282,-0.04668127597212111,0.4642719682297972,-0.003999045403677075,0.0010488617907332008,-0.061008528115393416,0.21153846153846154,3.970291913552122,0.18012616624974953,0,1,0.05709198009628982,-1.271808911219901,7.342786160100184
2018-06-29,-0.04735177150027236,0.020363070029159172,-0.008098605476651031,0.05709198009628982,0.10322952644075,0.00280101008486938,-0.007999223262922411,-0.0461527089498326,0.09523809523809523,3.7612001156935624,0.003407158345423762,0,1,0.03053147105325548,-0.19202279811329273,5.203850868242778
2018-06-30,0.057599455978582376,0.035702627177715815,0.06788984122735602,0.03053147105325548,0.11172055039781724,0.0,0.0,0.0,0.10714285714285714,3.367295829986474,-0.3986391430020502,1,0,-0.005218543750520015,-2.2003771996355144,0.794789989904348
2018-07-01,0.030689516299904164,-0.013559137730128871,0.010447927038033272,-0.005218543750520015,-0.31899540826876155,0.0,0.0,0.0,-0.045454545454545456,3.1354942159291497,-0.6294740856533484,1,1,0.039856957168599896,-1.3491984717547871,5.033953135839606
2018-07-02,-0.004745968333901933,0.03717308770883258,0.0032932435282871436,0.039856957168599896,0.27342692881426894,-0.009232934241235006,0.002533040860083745,-0.030927031779012053,0.2962962962962963,4.007333185232471,0.2411620568354065,0,0,-0.01545142191173791,-2.3288482815478884,0.9637041060745998
2018-07-03,0.039226336505333075,-0.0008455331290501495,0.03006045907066893,-0.01545142191173791,0.0648481042158567,0.009472597636754327,-0.0029558388463219246,0.03402968631704133,0.375,3.713572066704308,-0.0419641990740322,0,1,0.01116275891798502,-1.1231328939984007,4.07702880501369
2018-07-04,-0.015889046248178055,0.015681825077653082,-0.003394268036243118,0.01116275891798502,-0.49469307395940354,0.0,0.0,0.0,0.2222222222222222,3.6109179126442243,-0.08369901884886927,0,0,-0.00881054907261458,-2.049869671909515,1.8801995794547548
2018-07-05,0.011380227793414733,-0.010805533337604308,0.0018953911388738538,-0.00881054907261458,0.39734730035100985,0.004543890146389284,-0.0012693868068318491,-0.07525240875658754,0.1590909090909091,3.8066624897703196,0.14660347421460257,0,1,0.012265946107273903,-1.6087793516459343,1.8112857393457689
2018-07-06,-0.008590393611604217,-0.009499687473704489,-0.0043996458699787685,0.012265946107273903,-0.1765064672054901,-0.0023889164756203734,-0.00456210329525985,-0.11303483371481093,0.4883720930232558,3.784189633918261,0.11986160637188191,0,1,0.022025674267196312,-1.5382971996388093,3.103927032780291
2018-07-07,0.01226745901578766,0.025192359041619372,0.012970767627345245,0.022025674267196312,-0.20393107690810192,0.0,0.0,0.0,0.4166666666666667,3.2188758248682006,-0.44819005273283896,1,0,-0.006664176929376997,-1.3340066513811704,0.34010572800909855
2018-07-08,0.021506044273358095,-0.0056125387805156255,0.024068579749772737,-0.006664176929376997,0.02671407081213518,0.0,0.0,0.0,0.3333333333333333,3.332204510175204,-0.34923996541417723,1,0,-0.0074741155247471025,-1.4989390802148517,1.3313639738282466
2018-07-09,-0.006146059844052532,0.003248405528814544,-0.008313501217713865,-0.0074741155247471025,0.08219771262708318,0.003024939992368851,0.00042527020567909154,-0.05219913389474765,0.45,3.713572066704308,0.09745533617571286,0,0,-0.05637871533387015,-6.177844867481321,0.2829924725251196
2018-07-10,-0.0073750528675355165,-0.01795783053777841,-0.05426317339741188,-0.05637871533387015,0.3663563572837741,-0.0034236481676053563,0.000318813743151246,-0.0039478327792526555,0.0,3.6109179126442243,0.007968169676954484,0,1,0.01280650687076354,-0.2849897363802916,1.7176014302747546
2018-07-11,-0.056477777991081765,-0.04203262575637382,0.002549835977140087,0.01280650687076354,-0.2947959212039337,-0.008812040976282251,0.0064608666669774975,0.07540683822437215,0.2972972972972973,3.6375861597263857,0.03137512259478078,0,0,-0.020192884165139598,-4.950693868357557,0.03464397860388356
2018-07-12,0.01280650687076354,-0.004023067645945185,-0.033850534449008936,-0.020192884165139598,0.0863939674290352,0.0017685920911130215,0.0009496791561672673,-0.08016500889710042,0.2571428571428571,3.58351893845611,0.012320484416611995,0,0,-0.005776124470448971,-2.274588640633893,1.5782153314757459
2018-07-13,-0.020060105090926504,-0.004757170636420926,0.006568168112097169,-0.005776124470448971,-0.17140203656789857,-0.004346802680328338,-0.0006330192168176404,-0.032312957870359635,0.0975609756097561,3.7376696182833684,0.17884329244202002,0,1,0.006003277950393231,-0.5901940623003952,1.919327865370848
2018-07-14,-0.005908903544661963,-0.0023649991314978564,0.011067821312886058,0.006003277950393231,-0.3941819313309059,0.0,0.0,0.0,0.23076923076923078,3.295836866004329,-0.2849310390414294,1,1,0.016028903272869762,-0.42621157552978706,2.261662196101889
2018-07-15,0.005828918261911242,0.00942662125770355,0.007643102818099354,0.016028903272869762,0.2563429662267043,0.0,0.0,0.0,0.45,3.044522437723423,-0.5179430914848546,1,1,0.05665782588138391,-0.3565291029810393,6.021370852044193
2018-07-16,0.016382689363955677,0.0536259898322928,0.01672572799835721,0.05665782588138391,0.4546038759893881,-0.0012108005108086726,-0.0025361723523495885,0.05199088534378457,0.45652173913043476,3.8501476017100584,0.2897546120754924,0,1,0.08467399780455212,-1.0662967682335023,10.51732402826741
2018-07-17,0.05647542476680618,0.10161735764361639,0.04956014922885941,0.08467399780455212,0.36407520471947313,-0.010065857197482181,0.004855393498240384,-0.06189194658789122,0.6285714285714286,3.58351893845611,0.02061928723130704,0,1,0.008770518023086779,-1.2660712257464493,3.6318054951170695
2018-07-18,0.08467697251652573,0.015818812473048553,0.08267625322942258,0.008770518023086779,0.13249957743197296,0.0004894760752293569,0.0011575966416088321,0.0033112580359921082,0.3181818181818182,3.8066624897703196,0.2207114463683245,0,1,0.011356449556526297,-1.5274766506251818,2.599125596645494
2018-07-19,0.008767808689840177,-0.0015562809616289624,0.006156463774299546,0.011356449556526297,-0.3668873422644246,-0.00318538620092535,0.0009460850943859614,0.061693528586848276,0.3617021276595745,3.871201010907891,0.23922968908711068,0,0,-0.01738523387631885,-2.621864643580241,3.083282125143224
2018-07-20,0.01171402833836729,0.016198014841503437,0.00041256962697572465,-0.01738523387631885,0.11280577050134659,0.005791423271754504,-0.007488292068672905,-0.0007773206034422148,0.1956521739130435,3.8501476017100584,0.1986024424198312,0,1,0.008312848021666184,-1.739463579726475,1.634802561538568
2018-07-21,-0.017748280496974557,-0.03187002951236523,-0.008561223237781175,0.008312848021666184,-0.4683130242684169,0.0,0.0,0.0,0.2857142857142857,3.367295829986474,-0.30538164951546753,1,0,-0.0005394235599317676,-0.8589546155991821,2.4514650477633273
2018-07-22,0.008384547162551634,0.01647947288391372,0.017117937662939155,-0.0005394235599317676,0.046790317549650656,0.0,0.0,0.0,0.3333333333333333,3.091042453358316,-0.5968160715738943,1,1,0.0431694863012378,-0.2679795967738118,5.756988019147973
2018-07-23,-0.0006042978331161995,0.03251580615391464,0.005370326628321958,0.0431694863012378,0.319049310390225,-0.004483398583975911,0.002220686023605449,-0.01883884406767623,0.35294117647058826,3.5553480614894135,-0.06899287145753984,0,1,0.08395789593441796,-0.3244471131454161,9.447256228527348
2018-07-24,0.04325372588024737,0.08007216839503163,0.04260481113752191,0.08395789593441796,0.36714827201621436,-8.16827362195705e-05,-0.0006339556317637173,-0.016780261123892023,0.4,3.828641396489095,0.17284281286163303,0,0,-0.026744079248490246,-4.223098899880564,1.1194378730296228
2018-07-25,0.08387500865976892,0.0006797123794407463,0.04497137806706674,-0.026744079248490246,-0.21980757551225838,0.006109251967322684,-0.002645924159786552,-0.009716666446916437,0.4528301886792453,3.9889840465642745,0.30307395623823274,0,0,-0.031767795354452955,-4.06378261035783,1.6985090582876907
2018-07-26,-0.026745302395071537,-0.020953367395909663,-0.025150916353262942,-0.031767795354452955,-0.11017044125770485,-0.004966001498039611,0.004124582954732077,-0.012280106562395527,0.3333333333333333,4.060443010546419,0.33998717874620127,0,1,0.033348073619131544,-1.4626651858939068,4.505544505219172
2018-07-27,-0.03176657220787159,-0.003697440885138172,-0.005756621109813715,0.033348073619131544,0.010300496115708836,-0.0022060331796797134,-0.0007390560935186854,0.07074855673172394,0.125,4.04305126783455,0.28768207246963806,0,1,0.004443880416028875,-1.4957613490628654,0.7054438991494718
2018-07-28,0.033348073619131544,-0.004652932441565614,0.03301711198744195,0.004443880416028875,-0.510346003863324,0.0,0.0,0.0,0.38235294117647056,3.5553480614894135,-0.2315118009553146,1,0,-0.001708441134843017,-1.3468958894940213,0.841069030615197
2018-07-29,0.004443880416028875,0.0058001317306860525,0.005932535011717321,-0.001708441134843017,-0.026436138000927346,0.0,0.0,0.0,0.42857142857142855,3.367295829986474,-0.44873308832096553,1,0,-0.004526120762384564,-4.2925044717033884,0.7522481481394119
2018-07-30,-0.0017096590140404139,-0.0025966499596008375,-0.031164526956936733,-0.004526120762384564,0.44125789107209157,-0.0010638134681618262,-0.0033855268612133535,0.09020406039340109,0.5116279069767442,3.784189633918261,-0.04863194881478067,0,0,-0.05571943212300709,-6.846764514793385,0.07435526503884997
2018-07-31,-0.004833248026624765,-0.011305049593390182,-0.030068721193284468,-0.05571943212300709,0.19620754878354685,0.001963110932089534,0.0013767251787247716,-0.10567225835575152,0.17391304347826086,3.8501476017100584,0.015649771688866818,0,0,-0.016478468479518643,-3.970330711159225,0.2463677523995649
2018-08-01,-0.05479815328394206,-0.05399930724940005,-0.026955094086665535,-0.016478468479518643,-0.1259287214663476,-0.004750931950486037,0.0013749130439732592,0.0246355569336504,0.17647058823529413,3.9512437185814275,0.12516314297361383,0,0,-0.010425539018218475,-1.976917433167581,1.3697448850151852
2018-08-02,-0.017683325984213974,-0.005244697153362313,0.003455664300397737,-0.010425539018218475,-0.12268919971023774,-0.006011999848421064,0.005795847613919709,-0.0758058205445158,0.34615384615384615,3.970291913552122,0.16058157017677938,0,0,-0.014310535167938794,-3.285918745494972,0.18970236763417714
2018-08-03,-0.009833615209150786,-0.022225964192028595,-0.02351555214149241,-0.014310535167938794,0.1705408517855769,0.002969299191421566,-0.00031526225558511277,-0.04616843727177926,0.05263157894736842,4.060443010546419,0.24916850472817303,0,0,-0.05669974692594556,-6.873217719535382,1.019615782416536
2018-08-04,-0.01518842316886889,-0.006011401020115252,-0.050183524908342984,-0.05669974692594556,-0.20779178201607346,0.0,0.0,0.0,0.24242424242424243,3.5263605246161616,-0.29415458692709545,1,1,0.002045029831224618,-1.8363430849062212,1.1352128442234928
2018-08-05,-0.05582185892501545,-0.05554377630787616,-0.006331000579654033,0.002045029831224618,-0.09818274379307296,0.0,0.0,0.0,0.20689655172413793,3.4011973816621555,-0.4265869331029641,1,0,-0.012804807950119665,-2.935381740828065,1.915007489169119
2018-08-06,0.002045029831224618,0.009842976280680872,-0.008945356727993911,-0.012804807950119665,-0.004101995060684093,-0.0046227387549226465,0.0023097251287020506,-0.03230310312879455,0.2727272727272727,3.8066624897703196,-0.012903404813180636,0,0,-0.031458015064116024,-3.8935238203211,3.0621592170058594
2018-08-07,-0.012778852314068065,-0.0013332906717523382,-0.022386228745049967,-0.031458015064116024,0.3271450712444381,0.0008270615145103922,-0.001469193131347154,-0.030633038560200505,0.35555555555555557,3.828641396489095,0.012779726668620981,0,0,-0.06693124102441655,-9.30449105708099,0.02202118804278824
2018-08-08,-0.0313991536259933,-0.061859395353746474,-0.08556768743171486,-0.06693124102441655,0.27046612183660607,0.0024770882622964334,-0.00126106307984043,-0.007346214964409838,-0.015873015873015872,4.1588830833596715,0.3113925522400623,0,1,0.0382089414640777,-1.7074133452870899,5.235390914334293
2018-08-09,-0.06729135454128753,-0.014797543761501655,0.009039536093522434,0.0382089414640777,-0.13671327905955363,-0.0005773983842617266,0.004197293980333861,0.03797925352461052,0.19047619047619047,3.7612001156935624,-0.0626234231776622,0,0,-0.06089716005807519,-8.022662534377579,0.7033625905908016
2018-08-10,0.03848423790677434,-0.007111341773357431,-0.024943550426827246,-0.06089716005807519,0.12801804032367897,-0.0006603787513001009,0.008964936594062011,0.15503754563276792,0.32558139534883723,3.784189633918261,0.006666691381445013,0,1,0.014275845289050121,-2.8563205883357834,5.447669336489859
2018-08-11,-0.060226812965659696,-0.013454092599084604,-0.009233740597657166,0.014275845289050121,-0.22514779033102908,0.0,0.0,0.0,0.07142857142857142,3.367295829986474,-0.4054651080724502,1,1,0.012117513516414526,-1.6558718789143334,3.7778063467503653
2018-08-12,0.012031820042262584,-0.0024227846083447755,0.02628033238326466,0.012117513516414526,-0.20056530083682517,0.0,0.0,0.0,0.2,3.258096538021482,-0.5050949490170057,1,0,-0.009873689099789142,-2.62257298996646,3.6830417108185376
2018-08-13,0.013727650734791607,0.01116986715709636,0.00245050240589333,-0.009873689099789142,0.3346361147963409,-0.01648382857584301,0.00031127138302553225,0.11609298315080728,0.15789473684210525,3.6635616461296463,-0.06547792935319126,0,0,-0.009372432278415936,-6.044053124335331,0.06369692005502407
2018-08-14,-0.009606016776691578,-0.04606713700742408,-0.04408849044347776,-0.009372432278415936,-0.07130213702933741,0.0014259543053397558,0.003521171434844869,-0.10475923351971028,-0.08695652173913043,3.8501476017100584,0.12206236529749673,0,1,0.012698440598051607,-0.25841041095265194,6.58074956128427
2018-08-15,-0.009676563665518292,0.05579809413387666,0.04848399485541102,0.012698440598051607,0.31554998554100283,-0.013077596207343322,-0.00031025599839479615,0.09524186805072947,0.0625,3.4965075614664802,-0.12568821513224684,0,1,0.007089674188074853,-0.9871191278999683,3.339720889065887
2018-08-16,0.012396823112164604,-0.01971184612413243,0.005411353428578289,0.007089674188074853,-0.3494226586655084,-0.0011046853781724766,-0.0005171494582062639,-0.08477844011735569,0.35714285714285715,3.7612001156935624,0.1462455003439545,0,1,0.04230390778718328,-0.4183492048693324,4.23813595336449
2018-08-17,0.008064412405758075,0.016073824831061054,0.012777373418381392,0.04230390778718328,0.176003021033135,0.0002550676550167926,-0.0057069213438016705,-0.06211267598649599,0.21052631578947367,3.6635616461296463,0.06604341234330717,0,0,-0.030301914856385295,-4.6073828321877235,0.5378486500134114
2018-08-18,0.04080274164334266,0.005301034753672509,0.0004135715139993125,-0.030301914856385295,-0.07368048423606455,0.0,0.0,0.0,0.0,3.091042453358316,-0.4985051393303311,1,1,0.013924296267447166,-1.3865335194910244,2.3675090386678344
2018-08-19,-0.029473869444341133,-0.012005310969841204,0.001906578270581669,0.013924296267447166,-0.1733062251651702,0.0,0.0,0.0,-0.15,3.044522437723423,-0.5264177184758267,1,0,-0.03498370080450283,-4.056935810875643,0.8067678428495166
2018-08-20,0.013924296267447166,-0.001683115690735992,-0.012779726646398882,-0.03498370080450283,0.08977531908110979,0.008716721391922366,-0.0020833022976758943,-0.011938110068042226,0.19047619047619047,3.7612001156935624,0.19878283387183607,0,1,0.035364946308841766,-0.3164154211750468,3.844661284624979
2018-08-21,-0.035597813910169175,-0.00460476638674829,0.0024215030925031776,0.035364946308841766,-0.1732924192883925,0.0048751266583741855,-0.006695980002562071,0.029193386300245622,0.20930232558139536,3.784189633918261,0.23483959110065683,0,0,-0.018552205695517878,-3.5947065045514295,6.026725949518059
2018-08-22,0.0359759729899918,0.05718559295777259,0.002582035475077829,-0.018552205695517878,0.628169014087929,0.0030977237750973805,-0.0011554080192556161,-0.04859575512178875,0.2558139534883721,3.784189633918261,0.18965736830742383,0,1,0.02547418110596709,-0.29299794167220666,3.3408889199339367
2018-08-23,-0.018285040158910748,-0.04541057599135907,0.014464879933274336,0.02547418110596709,-0.6577527283443735,-0.0078043853831430325,0.004927422143164621,0.012976649930220439,0.0,3.828641396489095,0.223143551336432,0,1,0.023720980623559363,-1.3036308920627047,3.018943971327015
2018-08-24,0.02520856942800062,0.02225473161989792,0.015367851602062086,0.023720980623559363,-0.052195707924178394,0.01612874843926602,-0.004927422143164718,-0.03442963697092799,0.23076923076923078,3.6888794541139363,0.0760823064830804,0,1,0.007752392858191145,-0.46548866139980377,1.5940188921318026
2018-08-25,0.024521398980789,0.009471729831607127,0.03210240293018835,0.007752392858191145,-0.6896203396953824,0.0,0.0,0.0,0.5172413793103449,3.4011973816621555,-0.25131442824642336,1,0,-0.005008332859462741,-2.490648710625608,0.6163359113819823
2018-08-26,0.006953507066837092,-0.00202443694930709,-0.012499207634066827,-0.005008332859462741,0.04510506810959739,0.0,0.0,0.0,0.23333333333333334,3.4339872044851463,-0.25501129012889884,1,1,0.030665275803412877,-0.8017126071403589,3.52677324534535
2018-08-27,-0.005008332859462741,0.02409604048017096,0.011881028175389798,0.030665275803412877,0.6298252941610868,0.0022357075658587097,-0.0038962061186109246,0.014078914039646118,0.29411764705882354,3.9512437185814275,0.24294617862999723,0,1,0.023951519482310835,-0.7065360462539412,3.2239448728466416
2018-08-28,0.030465505972335844,0.02763699207842594,0.03161704141227708,0.023951519482310835,0.24761846585559405,-0.001324264032107223,-0.0006332196369235461,0.027576780318580765,0.45,4.110873864173311,0.34652257249138096,0,0,-0.006364088953719495,-2.3416101575854174,0.812113187443946
2018-08-29,0.02427705672439158,-0.00016679737171620068,0.007600778368996241,-0.006364088953719495,-0.11147181069299006,-0.002404764527759338,-0.0012677240951518974,-0.020202707317519466,0.4791666666666667,3.8918202981106265,0.10668414260916784,0,0,-0.00661814650998183,-3.567394278186077,0.45988509449997744
2018-08-30,-0.006206872978509762,-0.009886369883159076,-0.01862193015972607,-0.00661814650998183,0.03329395868596273,-0.0056615328697090395,0.0012677240951518567,0.09938348545590657,0.3333333333333333,4.007333185232471,0.1951012834588719,0,1,0.003768210488415819,-1.3961319093513205,1.4802200653937696
2018-08-31,-0.006901129896195034,0.003585203198955986,0.015094477178365656,0.003768210488415819,-0.09985197489395638,0.0021685560260155255,0.004424300565650013,-0.050787730334117834,0.5294117647058824,3.9512437185814275,0.10008345857659023,0,1,0.026572118202575292,-0.03523550405750711,3.693351635019754
2018-09-01,0.003768210488415819,0.0258995261846757,0.017377174541354123,0.026572118202575292,-0.0035644323659137444,0.0,0.0,0.0,0.45161290322580644,3.4657359027997265,-0.4039278287570199,1,1,0.014067237810384827,-1.019202639020042,1.99986590066725
2018-09-02,0.026788761099549276,0.009637260859050246,0.01673244685295008,0.014067237810384827,-0.012692579147691082,0.0,0.0,0.0,0.21428571428571427,3.367295829986474,-0.49953766395642507,1,0,-0.005353932417028108,-1.5231802925561289,0.49548300209044077
2018-09-03,0.013849225426537168,-0.0009765911753830514,0.00902746127502411,-0.005353932417028108,-0.20620419049353325,0.0,0.0,0.0,0.5227272727272727,3.8066624897703196,-0.025642430590610575,0,1,0.013136486889629234,-0.4948185378870702,2.0034719004704638
2018-09-04,-0.005355316609414003,0.00972595656677212,0.0049296851296624315,0.013136486889629234,0.08586558329770373,-0.006351962565760579,0.002938696309702286,0.023060222189821785,0.52,3.9318256327243257,0.13434805255107843,0,0,-0.09382468079599963,-9.651486325835524,0.5182861572958931
2018-09-05,0.01313788169876216,-0.0017153705421165929,-0.07843019098985536,-0.09382468079599963,0.5905229269783974,0.0018429166421238857,-0.003043832552054276,0.055426080663350606,-0.016666666666666666,4.110873864173311,0.2782033285139038,0,0,-0.027845300974444133,-6.712893804888872,0.37243990909824937
2018-09-06,-0.09423086764791724,-0.0952831432779762,-0.06443875558653317,-0.027845300974444133,-0.04939567859533066,0.002507523830407757,-0.001156987916415018,0.05183231445848943,0.14,3.9318256327243257,0.10854016859520603,0,0,-0.018661352987100796,-3.0543017263710186,0.42863738779696225
2018-09-07,-0.02731038479987083,-0.027283326187456828,0.008740619810734507,-0.018661352987100796,-0.4438724730529641,-0.003596114122648065,0.0036767319599759034,0.01557772767168095,0.23636363636363636,4.02535169073515,0.1911919515257891,0,0,-0.03346578254922665,-4.5510446522597,1.2810948313762152
2018-09-08,-0.018788723439629878,-0.010136778551308345,-0.033628782245987546,-0.03346578254922665,-0.01792693355386957,0.0,0.0,0.0,0.4,3.4339872044851463,-0.41179424312647867,1,1,0.010575965464806937,-0.7061193100937198,4.054871767860481
2018-09-09,-0.033464165748729284,-0.005728013184383883,0.004983470872433107,0.010575965464806937,-0.030854698329383364,0.0,0.0,0.0,-0.038461538461538464,3.295836866004329,-0.5485659517103763,1,1,0.009741528192617485,-0.47803898180730325,1.95130228921686
2018-09-10,0.010806291700140112,-0.010459729321629366,0.012856768747671091,0.009741528192617485,-0.13299877920406708,-0.0005027868974392518,-0.0023094826113245056,-0.04959695960627505,0.25,3.8918202981106265,0.05192005719919293,0,0,-0.0027112132106262396,-2.2805610828627323,1.447021159089524
2018-09-11,0.009508000871628269,0.0046987168913439565,-0.008283692817937009,-0.0027112132106262396,0.020305490015229567,0.0020097347155790214,-0.0009463642756499988,-0.06869022286720176,0.11904761904761904,3.7612001156935624,-0.05621314481674317,0,1,0.006919708808447703,-1.6423481308787342,1.0287007019083847
2018-09-12,-0.003013094713617959,-0.006894417782437524,0.003670916309213815,0.006919708808447703,-0.05180211705951469,0.0077496549279547884,-0.002738804050557243,-0.006069815437863327,0.02631578947368421,3.6635616461296463,-0.08293037930441735,0,1,0.023197672069712336,-0.019248944128639374,3.051126793479078
2018-09-13,0.007223174596597882,0.027143969724154407,0.023150700675948672,0.023197672069712336,0.252560116532769,-0.002243696646296927,-0.0027464064034023084,-0.06038686203162,0.4727272727272727,4.02535169073515,0.26966356696728433,0,0,-0.0016584378543234896,-1.5810163856573305,1.4934065380098993
2018-09-14,0.02319921352285574,0.007620469515020615,0.0075799976544254155,-0.0016584378543234896,-0.0848471442570414,-0.005840650729541842,0.004643343415447874,-0.02455116732729373,0.3181818181818182,3.8066624897703196,0.08465288535306399,0,1,0.0059007575235102555,-0.16225290901670897,1.3620737364923463
2018-09-15,-0.0016599793074668933,-0.002971765869499223,0.012529196912082789,0.0059007575235102555,-0.3870169173623099,0.0,0.0,0.0,0.47619047619047616,3.091042453358316,-0.622695519561715,1,0,-0.0015299589158250337,-2.250160129622166,0.14816430846988016
2018-09-16,0.0059007575235102555,-0.006238336756714162,-0.014978314682544264,-0.0015299589158250337,0.08808559959948092,0.0,0.0,0.0,0.3448275862068966,3.4011973816621555,-0.3108115271110684,1,0,-0.04019927018530844,-4.786054259672773,0.44237136173764896
2018-09-17,-0.0022865863621335573,0.0014121116168526388,-0.02688890021633106,-0.04019927018530844,0.26650434024348385,0.003925299454991307,-0.004960706854372862,0.12521192467696143,0.41304347826086957,3.8501476017100584,0.15778044789957613,0,1,0.013946832938242788,-0.3801612284955738,2.236242661028325
2018-09-18,-0.03944264273899986,-0.022260557192401647,0.0038596601264634057,0.013946832938242788,-0.09821267520589383,-0.0024201158014890986,0.0011632276203153396,-0.06727132189438621,0.34545454545454546,4.02535169073515,0.29028285417002003,0,1,0.008711324587229893,-3.4266502221585484,2.8202878250257446
2018-09-19,0.013937363868957662,0.01978728457821694,-0.01651805699838702,0.008711324587229893,0.17973910087174735,0.004501801970305429,-0.0007400718493798507,-0.08481037201802095,0.3103448275862069,4.07753744390572,0.2762533766453994,0,1,0.015540650347712062,-1.051996469104881,2.290716616447459
2018-09-20,0.00873800281585585,0.0034156125014471067,0.03245786211776656,0.015540650347712062,-0.4382828933997764,0.003321710546514391,-0.00679191156865328,0.004246307045422489,0.208955223880597,4.219507705176107,0.3822817726674326,0,1,0.04030725947910054,-0.015404760101324005,4.41230096706877
2018-09-21,0.015523441188371274,0.03675649385392514,0.02590656743774753,0.04030725947910054,0.7205829219066187,-0.008325056744842725,0.0032955704153078045,-0.010221544107446391,0.4925373134328358,4.219507705176107,0.31287232129526493,0,0,-0.005335988516169763,-1.972569602535564,1.1767999581121455
2018-09-22,0.040305779973581,0.007952249389534337,0.020735611054758213,-0.005335988516169763,-0.5677092881243349,0.0,0.0,0.0,0.4230769230769231,3.295836866004329,-0.6481957926592176,1,0,-0.0022410766543132558,-0.9159707816303649,0.9648309506189461
2018-09-23,-0.005334509010650001,-0.007455678591101746,0.005229999692882197,-0.0022410766543132558,0.03141113951474084,0.0,0.0,0.0,0.6,3.258096538021482,-0.6758556834098842,1,0,-0.01905487473246544,-2.2767662679480023,0.3274299695674059
2018-09-24,-0.0024184925108361385,-0.0086150864648286,-0.015849031517489613,-0.01905487473246544,0.153352408124974,0.0025882691604381183,0.00042445793097913844,0.043557932577061545,0.44680851063829785,3.871201010907891,-0.04748666624471127,0,0,-0.020547306519357253,-3.97327725645763,0.03980129786542306
2018-09-25,-0.018872900578740057,-0.02193116144948531,-0.03601998461756167,-0.020547306519357253,0.13233145893759227,0.0005834628245632641,-0.0013801677782315266,0.017872146542956775,0.38596491228070173,4.060443010546419,0.13963663696054815,0,1,0.002722910827337732,-1.0577588401581148,1.6985490857015364
2018-09-26,-0.020928823786015228,-0.00395982864099607,0.00860787764363787,0.002722910827337732,-0.18529311174819185,-0.005012541823544286,0.0006372683742167752,0.03714376093774751,0.40384615384615385,3.970291913552122,0.06527139037245452,0,1,0.0340622473040466,-0.4825144719642772,4.312093134796113
2018-09-27,0.0035205005016132186,0.02885835131828334,0.00847535450927612,0.0340622473040466,-0.011930501114110707,-0.009847279784212154,0.008562846845800118,-0.03794925666495328,0.2553191489361702,3.871201010907891,0.024616627656632552,0,0,-0.008188455738147228,-2.241210784841705,1.8612896848726148
2018-09-28,0.03364012163538602,0.009554212804811711,0.01647528417527228,-0.008188455738147228,0.24798195514159316,0.007751282370461494,0.0019980283103902116,-0.02364561572210813,0.4,4.110873864173311,0.2908617253858273,0,0,-0.005774351391320126,-2.5958867078202053,0.021400722582127916
2018-09-29,-0.008186960774306641,-0.02658734536105214,-0.011735214967932225,-0.005774351391320126,-0.3374421756723061,0.0,0.0,0.0,0.2,3.4339872044851463,-0.41494385202937484,1,1,0.00456631121771178,-0.9654757852443318,0.9898726060431287
2018-09-30,-0.005580324390641769,0.003910367443289758,0.010529757834438533,0.00456631121771178,-0.08592686718371799,0.0,0.0,0.0,0.42857142857142855,3.091042453358316,-0.7589603990818979,1,0,-0.0022601303756572435,-1.7747868708290502,0.6096157941073381
2018-10-01,0.004372284217033289,0.0007637430983538199,-0.0035267996381354643,-0.0022601303756572435,-0.2974317576021746,-0.0036996800454468406,0.001154922771867,-0.00995032141084811,0.5625,4.174387269895637,0.3026748570535474,0,0,-0.013065175876138691,-1.794852087245696,0.42847689352313667
2018-10-02,-0.0025036710651734025,-0.004071519381499147,-0.0024607825398237125,-0.013065175876138691,0.3146105759614876,0.01280624224985772,0.0022011337304114437,0.004158025977282852,0.2545454545454545,4.02535169073515,0.15718558354059411,0,0,-0.0024225624564945406,-1.4787480427444362,0.3550347558944157
2018-10-03,-0.012821635186622517,-0.013799597252425942,-0.009904135431126143,-0.0024225624564945406,0.007272241043020947,-0.0034156533069074047,0.002614107144679238,-0.03719790962678013,0.25925925925925924,4.007333185232471,0.1327758202610433,0,1,0.012788840788172674,-0.0754508840573824,2.02934558879154
2018-10-04,-0.0024210263593640187,0.014320545872476815,0.011610409130376026,0.012788840788172674,-0.3487769414334688,-0.0009184702430270636,-0.00010445549713338638,0.20278267701498873,0.4098360655737705,4.127134385045092,0.2132395962136582,0,1,0.006328331312572889,-0.7720294388520738,1.5531367919262529
2018-10-05,0.012468772484743117,0.008026752819519914,0.005823055240225758,0.006328331312572889,-0.22083531881621998,0.003335560266446415,-0.0013585961388699174,0.04132815612229089,0.35185185185185186,4.007333185232471,0.10889408825765577,0,0,-0.006255538195129945,-1.0434545328591427,0.2310590981060606
2018-10-06,0.006646863518872111,-0.006892445625629011,0.00361408037250229,-0.006255538195129945,-0.3862245270054732,0.0,0.0,0.0,0.03225806451612903,3.4657359027997265,-0.44904826403748943,1,1,0.0031780112791526716,-1.056013691733645,0.691087336224899
2018-10-07,-0.0059265187534812335,-0.001655255813941584,-0.006381129783875004,0.0031780112791526716,0.4644821742500394,0.0,0.0,0.0,0.2,3.044522437723423,-0.884357684721146,1,1,0.008691931091452958,-0.42810917466904136,1.505407677485974
2018-10-08,0.0028489918375040444,0.011321214691763627,0.009457056449798834,0.008691931091452958,0.2839831777284517,-0.014084678619262271,0.001567416559604713,0.05704594072494537,0.3023255813953488,3.784189633918261,-0.05494111800804536,0,0,-0.0024606865424725453,-0.9941339448950475,0.18520201215469187
2018-10-09,0.008691931091452958,-0.004510125561859893,0.0030316833891928536,-0.0024606865424725453,-0.40941914526245987,0.0023612144438462214,-0.0009401550896224304,0.016435277271826917,0.11538461538461539,3.970291913552122,0.14458122883033828,0,0,-0.003854723567495947,-1.9203402665886837,0.050163106238219554
2018-10-10,-0.002451672986083595,-0.0038110756016373052,-0.011722749759408947,-0.003854723567495947,0.0023341341171520718,0.0017673875050836347,-0.0017783169786583202,0.3642947143039256,0.21875,4.174387269895637,0.3209680501008727,0,0,-0.05874545054686773,-6.640020373016002,0.04402589758799604
2018-10-11,-0.0039828816063166616,-0.003916095653998197,-0.05105152463176913,-0.05874545054686773,1.1521726988724195,0.02835066409333902,-0.00514361598314026,0.0843219547957439,-0.07017543859649122,4.060443010546419,0.2175202937773914,0,1,0.007223538643362246,-0.7010319457107058,1.7018205512167903
2018-10-12,-0.05862150813330396,-0.04216750401057976,0.0006444337261851698,0.007223538643362246,-0.5184974107262449,-0.004423356219554005,0.0021026561561220056,-0.15889906532306058,0.14285714285714285,4.04305126783455,0.19360951658566294,0,1,0.005529293776654126,-0.20567308737611165,0.7433390683125995
2018-10-13,0.007217152907837994,-0.00236127618567982,0.01217712722670804,0.005529293776654126,-0.41784892975521937,0.0,0.0,0.0,0.2,3.258096538021482,-0.5941157999137666,1,1,0.0010116578240036086,-0.39443351590870673,1.3031866304334303
2018-10-14,0.00552930253187067,0.011127769397862294,0.0036416894913281522,0.0010116578240036086,-0.2005607763238671,0.0,0.0,0.0,-0.08,3.258096538021482,-0.6097655715808943,1,1,0.06313814460075089,-0.622502868639569,19.1844885075698
2018-10-15,0.0010132368731791523,0.17982467659536747,-0.001269035703304933,0.06313814460075089,1.7590602708389562,0.006790820801527913,-0.001576557425263519,-0.00046938415253863173,0.1875,4.174387269895637,0.2670627852646703,0,1,0.0010020893734170356,-1.229294675710119,2.160860491858021
2018-10-16,0.06313814460075089,-0.1070981355563671,0.057070226530045357,0.0010020893734170356,-1.1917954367022523,0.0007336059237572539,-0.0002103581196220599,-0.1896723687590015,0.543859649122807,4.060443010546419,0.13675893713293286,0,0,-0.0027229323735908574,-1.2394392356647885,0.7641674604140338
2018-10-17,0.001518284068665385,-0.012964840941022739,0.0009006437738703307,-0.0027229323735908574,-0.0338237672767279,-0.002937658298874482,0.005560511266005637,-0.012564483840687984,0.4915254237288136,4.0943445622221,0.18571714581204196,0,0,-0.01825370577487822,-2.613485647562412,0.8142240125225895
2018-10-18,-0.0035180608906314444,-0.0022223668525053917,-0.01646339649256718,-0.01825370577487822,-0.2809261101386385,0.002285568608961214,0.0033423854932272215,0.14225757161384167,0.22641509433962265,3.9889840465642745,0.09020195524585266,0,0,-0.013702845411439162,-1.460386509562261,0.4398858386930968
2018-10-19,-0.017974771953085816,-0.02199708751317306,-0.006722714394876589,-0.013702845411439162,0.03209338313745423,-0.0009788328932091772,-0.0019832211583627486,-0.008510693731249819,0.16666666666666666,3.8918202981106265,0.014992784606974589,0,1,0.009075114428241183,-0.35797537619650105,1.350490953446194
2018-10-20,-0.013702845411439162,-0.004596794263908105,-0.0026787340777816022,0.009075114428241183,-0.07660586431215827,0.0,0.0,0.0,0.08333333333333333,3.2188758248682006,-0.6751286750156004,1,1,0.00025951340623444057,-0.12757815891577318,1.1394371823165854
2018-10-21,0.008668256127729599,0.006964576716944966,0.011379086601048532,0.00025951340623444057,-1.0828668561007053,0.0,0.0,0.0,0.36363636363636365,3.1354942159291497,-0.7530075684381697,1,0,-0.0013529408022600999,-0.8356378119096057,0.7391309404404297
2018-10-22,0.0006678891309488853,-0.0037435490125270945,-0.006821083123703907,-0.0013529408022600999,0.9116939839043273,-0.0033518099283377867,0.0031295983174397125,-0.012648790330171394,0.3023255813953488,3.784189633918261,-0.016474837180249287,0,0,-0.004216315551869199,-1.0040819965114163,0.20946866389199315
2018-10-23,-0.001354458226462887,-0.006649563567744331,-0.003037382648278132,-0.004216315551869199,-0.15709433101240922,0.009940661474511047,-0.0005209465288400127,0.053048359351117784,0.5757575757575758,4.204692619390966,0.3829922522712574,0,1,0.0018278823384338691,-0.0912904687766622,1.1604020219282494
2018-10-24,-0.004216315551869199,0.005293018028493132,0.004911599725478418,0.0018278823384338691,-0.14790130702182028,-0.004550613589319168,0.00488593125625678,0.19741711330886696,0.515625,4.174387269895637,0.336472236636838,0,0,-0.005714261985447439,-0.9595812938990804,0.14595998661506193
2018-10-25,0.0020273902702975023,-0.008316538014697868,-0.006855025912790328,-0.005714261985447439,-0.1445793959989183,0.0010581845953804216,0.002589199304805741,-0.0408550347347463,0.4716981132075472,3.9889840465642745,0.14788106683253083,0,1,0.0016132590712825106,-0.20056588364279557,1.0955244700904667
2018-10-26,-0.005907642569579462,0.0037813828493066053,0.00187589211711533,0.0016132590712825106,-0.09095396288409958,0.002762452559275811,-0.0033153749110911316,-0.0024803430237041024,0.42857142857142855,4.1588830833596715,0.2749143436376525,0,0,-0.005064318950867275,-1.1627868064871192,0.3011383525431486
2018-10-27,0.001607131723550945,-0.006330602104190624,-0.00800895015716073,-0.005064318950867275,-0.19416830184397482,0.0,0.0,0.0,0.15,3.044522437723423,-0.8604759527177586,1,0,-0.0024115996184044136,-0.811820549818786,0.13164596974752066
2018-10-28,-0.005064318950867275,-0.006759242778823547,-0.0015546563841837896,-0.0024115996184044136,-0.3030145183258524,0.0,0.0,0.0,0.38461538461538464,3.295836866004329,-0.6101238447098095,1,0,-0.02266344897865391,-2.732398903103169,0.2320904408817153
2018-10-29,-0.0024115996184044136,-0.0014071549070623945,-0.021617383151248278,-0.02266344897865391,0.878495113233903,-0.006512029524622742,0.002280515323591645,0.022104907771277688,0.21666666666666667,4.110873864173311,0.17662353569598346,0,0,-0.002150628384569255,-0.43423009096025905,0.7928139175973727
2018-10-30,-0.02266344897865391,-0.0170562142114972,0.0003182391427751831,-0.002150628384569255,-0.4431559881799943,-0.0015528787665673905,0.004442388589578161,-0.05620627407022853,0.22580645161290322,4.143134726391533,0.2208420543420595,0,1,0.0064647389553645,-1.3653321335800421,1.522578040500312
2018-10-31,-0.00228647992116429,0.005147012844460114,-0.011461648810767078,0.0064647389553645,0.3137542416149494,-0.008460296595855924,0.0012361711429410035,-0.0951817462988885,0.40625,4.174387269895637,0.2525907526561359,0,1,0.005956864506951309,-0.36586394116917204,1.103753973479145
2018-11-01,0.006222297592997307,0.002276498285152609,0.01645942087947302,0.005956864506951309,-0.2890692043726834,0.019360936987837057,-0.008789658900664393,-0.09323975623814611,0.5238095238095238,4.1588830833596715,0.20851188906201854,0,1,0.003734049393257197,-0.34067323661002646,0.7822677055886292
2018-11-02,0.006335157405913258,0.0027420018280461264,0.006208771552542802,0.003734049393257197,0.06801523448047006,-0.004134730067067751,0.0026968394795528266,0.008751668451629042,0.6666666666666666,3.8918202981106265,-0.020619287181902417,0,0,-0.0073145547230699295,-1.3926219159484967,0.09305613944828027
2018-11-03,0.00355063131922356,-0.0031580662681460966,-0.00678543740012746,-0.0073145547230699295,-0.24000964764653834,0.0,0.0,0.0,0.4375,2.833213344056216,-1.1075012360228558,1,1,0.015344115280428195,-0.44076333174952387,2.1362187605991094
2018-11-04,-0.00698867189903626,0.013117071488438282,0.0022040311189197516,0.015344115280428195,0.3239622422091512,0.0,0.0,0.0,0.2,3.258096538021482,-0.6582599215195046,1,0,-0.0026028896565180163,-0.8489723799057466,0.2854452664231568
2018-11-05,0.015201650530428174,-0.0031636196613313767,0.011262024798865823,-0.0026028896565180163,-0.1642590424364928,-0.0008940347270811313,-0.0019700606922040892,0.022803058648679618,0.42,3.9318256327243257,0.06491954611931561,0,1,0.007717872327009078,-0.36874265986796223,0.9587544499082543
2018-11-06,-0.0026028896565180163,0.004130202178333028,0.0021994075438598426,0.007717872327009078,0.2828910806918579,-0.0048907822962693795,-0.0003114006313841299,-0.002508114602990564,0.4909090909090909,4.02535169073515,0.18180221117595013,0,1,0.009062811838116712,-0.15520289634349602,1.4624609493104563
2018-11-07,0.00827300873306336,0.012754937321030916,0.009853269962253736,0.009062811838116712,0.17950260244438315,0.001959104580683226,-0.003327786924321495,-0.1963827419300698,0.37735849056603776,3.9889840465642745,0.1796297651471111,0,0,-0.01510485669047986,-1.6899720649948868,0.23594692577374637
2018-11-08,0.008507675432062625,-0.003202328397250451,-0.006284879848397207,-0.01510485669047986,-0.07353483273434952,-0.0026948093485058135,0.0066445364029446095,0.021766198107086673,0.4583333333333333,3.8918202981106265,0.13013580364421756,0,0,-0.009279258633064185,-1.3803503334041531,0.48786329470419515
2018-11-09,-0.01510485669047986,-0.012585693001175353,-0.012008639374572583,-0.009279258633064185,-0.11768655507653263,-0.013584368668582848,0.0027900226644436868,0.03756317780146399,0.2916666666666667,3.8918202981106265,0.13013580364421756,0,1,0.002032204753841915,-0.1401295063137632,0.8616985994910991
2018-11-10,-0.009279258633064185,-0.005540905585195018,0.003122949637839811,0.002032204753841915,-0.42390509731935655,0.0,0.0,0.0,0.5909090909090909,3.1354942159291497,-0.6701576622897919,1,1,0.0026019081873635956,-1.220686018068248,0.45117674646796807
2018-11-11,0.0023601446955913014,-0.0020730137763895267,-0.008773360363702846,0.0026019081873635956,0.06263556751534133,0.0,0.0,0.0,0.3157894736842105,2.995732273553991,-0.7966262280654345,1,1,0.0005053135531552418,-0.4476804197552078,0.728985888893056
2018-11-12,0.0024134975051261936,0.005379999611614443,0.010331964170494048,0.0005053135531552418,0.20999595782714073,-0.004236394117412716,0.0064798091328552585,0.1638141754056591,0.3055555555555556,3.6109179126442243,-0.10892558179454488,0,1,0.000711036508916558,-0.9641765664503701,0.6938450684290104
2018-11-13,0.00015035973983546197,0.0001539053485146604,-0.00465964791379645,0.000711036508916558,0.15152366336016165,-0.0017497173022614182,-0.0024635391117036947,-0.021251123043970206,0.125,3.713572066704308,0.051293294412550525,0,0,-0.08652356242154874,-13.239628735286177,0.38916628846387596
2018-11-14,0.0011308485821711091,-0.0023357512907347,-0.12204348517944154,-0.08652356242154874,1.3717001935168494,0.007228707752084227,-0.005151994747421748,0.05962509861803324,-0.01639344262295082,4.127134385045092,0.44365590685694767,0,0,-0.02895247624443291,-9.171137421734096,0.28882286484110714
2018-11-15,-0.08760804655503837,-0.08752699665777652,-0.045838649286028044,-0.02895247624443291,0.025948962401595953,0.004048441325541188,0.001342045843976419,-0.061625145061113364,0.07692307692307693,4.189654742026425,0.4469741517948427,0,0,-0.017084664071226715,-3.6128200913920425,0.5112573320383782
2018-11-16,-0.027431225322205807,-0.02672813157246018,0.02663069705898761,-0.017084664071226715,-0.20854597794698962,0.0065746453782541325,-0.004756979816761442,-0.09661233926904576,0.0,3.7612001156935624,0.031090587093840546,0,0,-0.004900654335793468,-1.6132069948579915,0.011668467041875715
2018-11-17,-0.018675713688181054,-0.02208055272119178,0.002911466894113846,-0.004900654335793468,-0.3826130770388373,0.0,0.0,0.0,0.3333333333333333,3.2188758248682006,-0.5355182363146955,1,1,0.005971520691174607,-0.2007952448237451,1.9334678169519386
2018-11-18,-0.0035599529133949434,0.014317339163307203,0.009223463164548838,0.005971520691174607,-0.10221520625394538,0.0,0.0,0.0,0.43478260869565216,3.1780538303479458,-0.5919189021435513,1,0,-0.14249713492231114,-15.376808494641962,0.03531697017107724
2018-11-19,0.00557011755919348,-0.013009987776633985,-0.14578861180700742,-0.14249713492231114,1.0851849440713168,0.001882178005493029,-0.0029066642905638154,0.10260042300335638,0.03773584905660377,3.9889840465642745,0.18610227965272852,0,0,-0.07420745949631138,-12.663672423652969,2.77596159229715
2018-11-20,-0.141800423149295,-0.1150906887010504,-0.11536577421242115,-0.07420745949631138,0.5086651735787225,-0.0033577490512391004,0.0064248419678407526,0.11190617061871413,-0.06451612903225806,4.143134726391533,0.27395187965600787,0,1,0.022172443243175764,-3.2325267796025514,4.887309708688094
2018-11-21,-0.07466328003264508,-0.05309397833240189,0.020103996944192716,0.022172443243175764,-0.6533739382121515,0.005562881404039089,-0.001033469251303258,-0.07767305463484726,0.06779661016949153,4.0943445622221,0.2304339845938382,0,0,-0.06448202640676247,-7.252342528175602,1.2938693788276014
2018-11-22,0.021944294452671077,-0.01376196005542906,-0.018025714242554634,-0.06448202640676247,-0.5701897821819146,0.0,0.0,0.0,0.1111111111111111,4.007333185232471,0.1759924217608256,0,1,0.011514686509508765,-3.4231441165695,2.5752496102414764
2018-11-23,-0.06427824338255629,-0.051668224092623824,-0.026190042290701394,0.011514686509508765,0.35752092642971434,-0.0039235367746059515,0.002169076793748075,0.034029806537639325,0.0425531914893617,3.871201010907891,0.021506205242240204,0,0,-0.11701759725291112,-14.480027737452678,2.3781772836813886
2018-11-24,0.010181581673117583,0.009543963243908058,-0.09905414969932297,-0.11701759725291112,0.22279042356378675,0.0,0.0,0.0,0.0,3.332204510175204,-0.5420781672330581,1,1,0.03825255419313612,-7.380442906822285,7.3650863174690135
2018-11-25,-0.1155751447196312,-0.06714850691503495,-0.04602174894660704,0.03825255419313612,0.49979579259598406,0.0,0.0,0.0,0.06896551724137931,3.4011973816621555,-0.48891239630079275,1,0,-0.05627568325274474,-9.890959915321385,2.8999424723275333
2018-11-26,0.03864925083827496,-0.006398884258278585,0.013147384108145255,-0.05627568325274474,-0.07331674196748626,-0.0006554554094466516,0.0015464875243705772,-0.12982085468311622,0.1509433962264151,3.9889840465642745,0.1140836872492402,0,1,0.0033628855807920814,-4.584902207832201,1.9943754005354344
2018-11-27,-0.0564052561545867,-0.06533135397066564,-0.00321510617785289,0.0033628855807920814,-0.33681106620615536,-0.007403176331916226,0.003085818618085386,0.006329179302721405,0.0,4.143134726391533,0.2709261587394709,0,1,0.09580715545160723,-0.024259692382201204,12.574707739876837
2018-11-28,0.0028888610389659827,0.1091662089742062,0.04896931073529198,0.09580715545160723,0.30976969580970076,0.008386198408281134,-0.005974490578445494,-0.02826104816438351,0.2903225806451613,4.143134726391533,0.26190354113983344,0,1,0.007240102228244788,-3.3183427206422955,4.2582475453891755
2018-11-29,0.09504438123936267,0.012642553506730516,0.06286632516900628,0.007240102228244788,-0.21781248000379513,0.002208098359343363,-0.00010334386790452241,0.016094829129201856,0.23529411764705882,3.9512437185814275,0.07561740642218397,0,0,-0.06107574128430203,-8.570525766964197,1.0540550514219948
2018-11-30,0.007866566698670916,-0.024801822711427033,-0.045281728234974256,-0.06107574128430203,-0.08784835146959659,-0.0031911204357085257,0.005050233617851522,-0.03907177443394828,-0.04081632653061224,3.912023005428146,0.029587957205904184,0,1,0.03613413591151425,-1.9567533734812248,6.204132583458723
2018-12-01,-0.06106017916463387,-0.009574965963934942,0.0050619826505275915,0.03613413591151425,-0.4128468834327664,0.0,0.0,0.0,0.2916666666666667,3.2188758248682006,-0.6751286750156004,1,0,-0.006947673925982669,-2.0977344815643413,2.8925891898914213
2018-12-02,0.03637559779172102,0.003018701975841119,0.03472432483068305,-0.006947673925982669,-0.14179557265431408,0.0,0.0,0.0,0.38095238095238093,3.091042453358316,-0.7841189587180529,1,0,-0.0688897081753039,-8.367662682279626,0.43141501994168024
2018-12-03,-0.007287319728333028,-0.03155941562548005,-0.06964695593313552,-0.0688897081753039,0.23243768294010672,0.011165164989324806,-0.0023673082995181033,-0.09453566560231473,0.3793103448275862,4.07753744390572,0.2163929887217206,0,1,0.01726255752792494,-2.6879600182261765,5.045360322090855
2018-12-04,-0.0685860712228431,-0.02275025515381219,-0.01209268153476942,0.01726255752792494,-0.012396003151017236,0.005818158773582782,-0.0007216091654138691,0.232346769652323,0.32075471698113206,3.9889840465642745,0.15415067984612613,0,0,-0.047098122377981194,-5.370906564979968,0.46354120801165943
2018-12-05,0.01690244355720854,-0.02855563361286711,-0.009566907939613008,-0.047098122377981194,-0.09704963774184058,0.0,0.0,0.0,0.3695652173913043,3.8501476017100584,0.06412452819127769,0,0,-0.07177271154704609,-7.426959174563332,3.394142878874811
2018-12-06,-0.04730252668634343,-0.017792105669349734,-0.06765864847381481,-0.07177271154704609,0.44076408402611145,-0.0024201367564945673,-0.001651395391470158,0.02146520571788001,0.24,3.9318256327243257,0.15082288975458352,0,0,-0.030440844136481928,-8.445093714645289,1.1684937887993263
2018-12-07,-0.07140127402652514,-0.09402920244780084,-0.08195405694786571,-0.030440844136481928,0.3303440612236799,0.0070023813482669945,-0.0031036174595921915,0.0919151295931136,-0.05405405405405406,3.6375861597263857,-0.10959862638586748,0,1,0.002165976827357233,-5.481671980269063,2.651437112830034
2018-12-08,-0.030434967936268074,-0.0156114108961749,-0.0008066267927196669,0.002165976827357233,-0.5414420686464881,0.0,0.0,0.0,0.2,3.044522437723423,-0.7108467576093462,1,1,0.03865754550827522,-0.49640291384140617,6.993156858384348
2018-12-09,0.0022861580068706633,0.045583174282900325,0.05201866749163376,0.03865754550827522,-0.1862609280631885,0.0,0.0,0.0,0.2727272727272727,3.1354942159291497,-0.6190392083607688,1,0,-0.03224296787847104,-5.06971421119846,1.8065245451683802
2018-12-10,0.03941112212222026,-0.013208777623884352,-0.007075567465295301,-0.03224296787847104,-0.11439415055870422,-0.0024895396566155777,0.007329812119545769,-0.02572630070061568,0.32653061224489793,3.912023005428146,0.21371294099900956,0,0,-0.015408471560615348,-3.2134417100295702,1.3632734771748354
2018-12-11,-0.032793486359822786,-0.03667547855840657,-0.013680242866782197,-0.015408471560615348,-0.1319914034306588,-0.0014482837866976904,0.0017470655326213172,-0.03964479386978198,0.16666666666666666,4.110873864173311,0.3912804731328746,0,1,0.018932817011602716,-0.9030741617044181,3.2483550523336575
2018-12-12,-0.016080801635703367,0.0034423441909726986,0.007695203922636242,0.018932817011602716,-0.05722707606440608,0.0020110210300008265,-0.003600255635690914,-0.013882737965695592,0.34545454545454546,4.02535169073515,0.2730707252888988,0,0,-0.04237738832720035,-5.657803077084223,0.4344684604010892
2018-12-13,0.01967653191492487,-0.00920604890772285,-0.02861447214219532,-0.04237738832720035,0.1658106317877097,-0.0013671131226424276,0.00020604475316199524,-0.03847539360658156,0.4,4.02535169073515,0.25614984780056155,0,0,-0.023870963355656402,-3.860916085104248,1.0043097921273259
2018-12-14,-0.04277788866775512,-0.03667897500993807,-0.024408518407400593,-0.023870963355656402,0.10542965287563796,-0.00459729912749512,0.0039075101935771,0.046365900231525356,0.05,3.713572066704308,-0.07232066155462623,0,0,-0.003868933598917332,-2.128777042941956,1.610022671464937
2018-12-15,-0.023554652897408032,-0.017813834562280268,-0.006549572934033502,-0.003868933598917332,-0.40095596251345184,0.0,0.0,0.0,-0.1724137931034483,3.4011973816621555,-0.4233663184029218,1,1,0.005263668546469598,-0.8040407695991028,2.5296012571600723
2018-12-16,-0.004188357658465871,0.005326852258033973,0.009378429134511212,0.005263668546469598,-0.1904587104285976,0.0,0.0,0.0,0.32142857142857145,3.367295829986474,-0.4776275543206807,1,1,0.0832836071289746,-0.3931936413597579,10.468818632126615
2018-12-17,0.0054371164214504835,0.08465584229613515,0.009372139828863252,0.0832836071289746,0.9972204610425419,0.008372311271493809,-0.0034954694343000917,0.12540792857154523,0.391304347826087,3.8501476017100584,0.028348355025994153,0,1,0.04018937798677158,-2.440717964482035,4.717563172608517
2018-12-18,0.08309902400481982,0.02577105253379361,0.06280836389775173,0.04018937798677158,-0.08422245043790026,0.0014419026574249351,0.0004118710516137875,0.04232166343113211,0.4745762711864407,4.0943445622221,0.2804444051684995,0,1,0.0025262480626872907,-0.8365075106120288,6.869206723487411
2018-12-19,0.040209101804327484,0.06170581349556052,0.056231482525471777,0.0025262480626872907,0.42783994341046905,0.0023188148550025403,-0.0010299565640528015,0.0,0.6607142857142857,4.04305126783455,0.22505864926816643,0,1,0.1005535286471596,-0.7460409923268185,11.778364245268403
2018-12-20,0.001917131836834106,0.05161782328049717,0.00343091324553935,0.1005535286471596,0.07573579632723959,0.009142648430483463,-0.007862673834137246,0.1038738489924655,0.5925925925925926,4.007333185232471,0.19189100782862392,0,0,-0.053499702189735716,-7.314082783277734,2.2070322819457893
2018-12-21,0.10171015530047155,0.004840209013933507,0.03487311073765045,-0.053499702189735716,-0.20958681292687828,-0.0077857918229155085,0.007037912642491261,0.059172720603768734,0.42,3.9318256327243257,0.08338160895905093,0,1,0.0283162440987348,-1.407746047676262,3.590718407861676
2018-12-22,-0.05363856630333336,-0.03966284093057697,0.005563665166278945,0.0283162440987348,-0.6538435910407906,0.0,0.0,0.0,0.391304347826087,3.1780538303479458,-0.6743378485589708,1,0,-0.00487395965505564,-2.018508442321898,1.8222835772273533
2018-12-23,0.027902122817791662,0.01063189579239132,0.022208620152278348,-0.00487395965505564,-0.06524674890817103,0.0,0.0,0.0,0.68,3.258096538021482,-0.5814172165766393,1,1,0.019729226979577484,-0.12425936153891758,6.604258958858736
2018-12-24,-0.00487395965505564,0.042945794161258155,0.014068531152774372,0.019729226979577484,0.47714078245368824,0.010867477681360828,-0.004237472396105464,0.18060412369042553,0.39285714285714285,3.367295829986474,-0.4088606970735884,0,0,-0.06766231613606057,-9.455173685301824,0.29870438414984213
2018-12-25,0.02025304055383572,-0.04332631876751156,-0.07357991625805176,-0.06766231613606057,-0.03018408947222231,0.0,0.0,0.0,-0.2962962962962963,3.332204510175204,-0.3304070170810851,0,1,0.008493404576570976,-2.4060502540812547,2.4097360888770303
2018-12-26,-0.06824753386312789,-0.046551999088788786,0.002828918176145168,0.008493404576570976,-0.386226538190901,0.001340285772125058,0.005165300577651703,-0.1706899897832085,-0.04,3.258096538021482,-0.2819513977027959,0,0,-0.057145957045561246,-6.641264788140553,0.9547316096047034
2018-12-27,0.008554808729379759,-0.006056640216152414,-0.03385874076402206,-0.057145957045561246,0.033857074265555946,0.006361771038876295,-0.005890573287267943,-0.01490836858088965,0.12,3.9318256327243257,0.4285875255490186,0,1,0.07329964951128502,-0.7841963667507162,8.57219765714082
2018-12-28,-0.057151562583833,0.019028703429800037,0.0014247271683371196,0.07329964951128502,0.04146445365486578,0.0020334556603831245,-0.0009333123091904052,-0.05558888844397321,0.18,3.9318256327243257,0.4285875255490186,0,0,-0.03821248552710063,-4.508797762918655,1.3643524628093195
2018-12-29,0.07323753137255198,0.0012211975679701213,0.036053635549605674,-0.03821248552710063,-0.16752985173778875,0.0,0.0,0.0,0.4,3.044522437723423,-0.474457979545116,1,1,0.02843641786578249,-1.0177941916373177,5.480643240964367
2018-12-30,-0.037768681120882615,0.002950422254449947,-0.00330244981428716,0.02843641786578249,-0.15711184298947664,0.0,0.0,0.0,0.5,3.367295829986474,-0.15123096968820923,1,0,-0.02638727559849181,-4.618001879865996,0.21256171042622077
2018-12-31,0.02837854758681351,-0.024244397439599007,-0.007565659016504268,-0.02638727559849181,-0.10230013288893942,-0.0012508605650431678,-0.002285015779151884,-0.10873797088407904,0.20454545454545456,3.8066624897703196,0.2329315577030998,0,1,0.02513185534819952,-1.6583315130439429,2.8554886571655222
2019-01-01,-0.027156585645398613,4.199386890117161e-05,0.003209428069728775,0.02513185534819952,-0.23369083955590933,0.0,0.0,0.0,0.34782608695652173,3.1780538303479458,-0.39923455831404997,0,1,0.016045905094793787,-1.2372319001159742,2.2138396197072687
2019-01-02,0.025401222720209806,0.018715364973616935,0.02934285147747917,0.016045905094793787,0.39257603143673114,0.002109914525054996,0.006736141674936876,-0.09052232206419511,0.30434782608695654,3.8501476017100584,0.21003113824345396,0,0,-0.024073531785738185,-3.3885823223124856,0.10827193369885033
2019-01-03,0.015971031999050696,-0.005009771765290418,-0.005467599127171179,-0.024073531785738185,-0.1785774958205115,0.008395609500155037,-0.005281451136241887,0.09170182627605764,0.5666666666666667,4.110873864173311,0.43813589041437967,0,1,0.0066756964269890735,-1.692330576096909,1.4982323404969182
2019-01-04,-0.023705431611245647,-0.01017392771775751,-0.007111014323582565,0.0066756964269890735,0.003821928785218359,-0.007069439157760669,-0.0012467026777098658,-0.1742599066308067,0.38,3.9318256327243257,0.2558143336237583,0,0,-0.005566610566114471,-1.0873750420349646,1.2833924351603847
2019-01-05,0.006057745567025902,0.004527297373623848,0.012725251767608615,-0.005566610566114471,0.03236774746855006,0.0,0.0,0.0,0.3235294117647059,3.5553480614894135,-0.1802185065677642,1,1,0.055859935212426354,-0.8243999527544855,6.586836528268665
2019-01-06,-0.005017725946384556,0.04746783036496837,-0.0029368596733097135,0.055859935212426354,0.1813646700812111,0.0,0.0,0.0,0.24242424242424243,3.5263605246161616,-0.22746321242842327,1,0,-0.0030515969204376486,-1.6707662391212388,0.7569831912637182
2019-01-07,0.055822522134184406,-0.0024385981576230376,0.04739627234875885,-0.0030515969204376486,-0.13712502692677905,0.0031913610711298765,-0.005002650903429743,0.0009350378584183692,0.4918032786885246,4.127134385045092,0.3299362656578208,0,0,-0.005124478781474369,-1.839246104749625,2.3455908951977555
2019-01-08,-0.002727144292655527,0.012834480118902694,-0.004736395576721512,-0.005124478781474369,0.19937052949759657,-0.0028016342498520465,0.001983221158362685,-0.04443053807291186,0.3484848484848485,4.204692619390966,0.27763173661343105,0,1,0.0029084392953749355,-0.6363866518078289,1.2981943045070519
2019-01-09,-0.005373042636932456,-0.015598444688381462,0.006904115747943543,0.0029084392953749355,-0.2940992251954159,0.0047425532281951755,-0.007115981214347269,-0.024228615819893357,0.28846153846153844,3.970291913552122,0.022223136803941043,0,0,-0.10091799860589419,-11.379518261419156,0.7374453525803776
2019-01-10,0.0026787838037635736,-0.0026990502238920903,-0.10452287680073846,-0.10091799860589419,0.7174001337953083,-0.0035742832584524176,0.00335500095828451,-0.024317284739611384,0.2222222222222222,4.1588830833596715,0.20572248697444007,0,1,0.004293757005468074,-3.429127851211395,1.9912638814693475
2019-01-11,-0.1007692474222286,-0.08837981331700442,-0.021414094503816584,0.004293757005468074,-0.43787309348582426,0.0018664166569111902,0.0013597330063225294,-0.06954244367971371,0.0,4.204692619390966,0.2086388651264797,0,0,-0.005060948049945182,-1.9999797214243116,0.4676232636548751
2019-01-12,0.004293757005468074,-0.010942649172676554,0.018585238303338837,-0.005060948049945182,-0.5554194524657475,0.0,0.0,0.0,0.20512820512820512,3.6888794541139363,-0.3306994575098307,1,0,-0.03012151338560415,-4.038741313630871,0.7775714962158309
2019-01-13,-0.00479027165029779,-0.0019614657243356734,-0.025448563972010733,-0.03012151338560415,0.18178517747953812,0.0,0.0,0.0,0.08333333333333333,3.6109179126442243,-0.41860590164144507,1,1,0.04203972603983707,-0.28197713615627173,5.458586235753316
2019-01-14,-0.030176498068271346,0.016688634009770484,0.007446128389141745,0.04203972603983707,0.28922152703056186,0.0015526748231558635,-0.0008365767857185844,0.04724438171941504,0.15942028985507245,4.248495242049359,0.2113090936816997,0,0,-0.02034572872980224,-3.065463173999983,0.6139264400164507
2019-01-15,0.04182127652760393,-0.0064068719175315245,0.014204865661400005,-0.02034572872980224,-0.03163484231779391,-0.0022521847725428135,0.003967481584089056,-0.0249548023811221,0.234375,4.174387269895637,0.14121388881216398,0,1,0.01085540198408706,-0.26914427011661424,2.5547161426687293
2019-01-16,-0.020342970934549256,-0.0009378317032793188,0.007617460309031438,0.01085540198408706,-0.21694604219488567,0.004189644244261605,0.0009373154720789112,0.02338047621935703,0.14285714285714285,4.04305126783455,-0.002547772060941697,0,1,0.006761910046847543,-1.7256259589054426,1.1861970612489552
2019-01-17,0.01085540198408706,-0.00282978883011088,-0.0037094149038012568,0.006761910046847543,0.07954698386701367,-0.0004646291352922488,0.00010411842380125397,-0.052842559030095146,0.37777777777777777,3.828641396489095,-0.17435338712255563,0,0,-0.005918686880883267,-1.4052105643474104,0.10475097728109638
2019-01-18,0.005962411281660861,-0.004052550792830855,0.009966063992427996,-0.005918686880883267,-0.270054883412756,-0.007541886222843759,0.002806473944679403,-0.014501103981270722,0.21153846153846154,3.970291913552122,0.00827590932309056,0,1,0.01940235819347309,-0.017804732210997196,3.421583910106988
2019-01-19,-0.005119188115696556,0.02724964244737554,0.007955371440480866,0.01940235819347309,-0.02414591325886926,0.0,0.0,0.0,0.2413793103448276,3.4011973816621555,-0.5475802443895957,1,0,-0.03498687074880035,-5.331570836070295,0.772660022854673
2019-01-20,0.019525123691066147,-0.007086880679050133,-0.0337353028451199,-0.03498687074880035,0.2298849663032576,0.0,0.0,0.0,0.1111111111111111,3.6109179126442243,-0.3313571359266648,1,0,-0.003504018484372307,-1.8184963070254554,0.5699578312527004
2019-01-21,-0.03511528712920259,-0.03701389266482005,0.0001438745416480273,-0.003504018484372307,-0.3509019845004443,0.0,0.0,0.0,0.016666666666666666,4.110873864173311,0.20544397423147556,0,1,0.012406767923614694,-2.6446041545724097,2.2872875385905025
2019-01-22,-0.00350403831995814,0.013669278589005884,-0.01176509695984186,0.012406767923614694,0.40103634471777333,0.00093607242112592,-0.00041521269553691917,0.15575453559121874,0.11764705882352941,4.23410650459726,0.3189790791884016,0,0,-0.005084411725233669,-1.5928798434077476,1.0321992879862383
2019-01-23,0.01226680770974232,-0.0001441145824279687,0.022924011035261257,-0.005084411725233669,-0.16240399470310363,0.0004677078286435974,-0.0018709110514122799,-0.06351334559153629,0.35294117647058826,4.23410650459726,0.28488486784542555,0,1,0.004717493206436952,-0.6664770986224627,1.0131957822803395
2019-01-24,-0.0048965617012053575,-0.005274446782292656,0.004179615722619129,0.004717493206436952,-0.18021226880653726,-0.003122319355127618,0.004981285979844965,-0.032806955233365256,0.373134328358209,4.219507705176107,0.21043151574077343,0,0,-0.0012137505677229684,-1.3285343869603308,0.4898867801644592
2019-01-25,0.004521184218325904,-0.0005155968147220087,-0.00190307967694175,-0.0012137505677229684,-0.16784123462335787,0.01420559407819777,-0.008420420470173488,-0.0810136733985566,0.28,3.9318256327243257,-0.07696104111612843,0,0,-1.1219346641478312e-05,-0.5707236997289943,2.7020706664762693
2019-01-26,-0.0006670628183271118,0.020908088295395113,0.006364356304590418,-1.1219346641478312e-05,0.10083723898319297,0.0,0.0,0.0,0.21621621621621623,3.6375861597263857,-0.39900930773826615,1,0,-0.004049982419135288,-2.247923053691017,0.38492541491495313
2019-01-27,-0.0003000430458091793,-0.02318267186225459,-0.016783212886261663,-0.004049982419135288,0.15472162583316595,0.0,0.0,0.0,0.25,3.044522437723423,-0.9718605829789657,1,0,-0.033414752855628206,-4.922860725424154,0.19441273660283379
2019-01-28,-0.004376263893436313,-0.005955109202256526,-0.030799359136466656,-0.033414752855628206,0.5750243996774739,0.0038464543970783884,-0.00041767689169542764,0.07995442805090369,-0.01639344262295082,4.127134385045092,0.14058195063758272,0,0,-0.006752212225881009,-2.4832977405161696,0.27044334268694126
2019-01-29,-0.03323592541989715,-0.03265444679478714,-0.009019123006548346,-0.006752212225881009,-0.3130441758884978,0.0044433742087311885,0.0007308002093346978,0.013684335727209264,-0.015151515151515152,4.204692619390966,0.22476824705636328,0,1,0.013725208982230525,-0.7043132081218918,1.9440185797996432
2019-01-30,-0.007001741043378054,0.009983540145246033,0.011037633098061723,0.013725208982230525,-0.2091816556909381,0.0012987078392666725,-0.005022016904459742,-0.07995555304664195,0.3384615384615385,4.189654742026425,0.21766408556496883,0,0,-0.006987556505922125,-1.145282680659941,0.8930044460601089
2019-01-31,0.013821763124870646,0.003215067644834996,0.0093155142568499,-0.006987556505922125,0.21128678057245737,0.007453583981655651,0.002514200941681066,-0.06370837351439929,0.4166666666666667,4.110873864173311,0.1569323228058017,0,1,0.008111793465487807,-0.9626572080902892,1.557362343632987
2019-02-01,-0.006790901946373003,-0.0003439775301931754,-0.005161301780225618,0.008111793465487807,-0.15877627872251382,-0.002123892768155545,0.0,-0.026293187995383722,0.32786885245901637,4.127134385045092,0.1432810076067478,0,1,0.012258221715457639,-0.6310905918244094,1.8410844460512659
2019-02-02,0.008149342550088885,0.010949014489670523,0.011427459628146695,0.012258221715457639,-0.34327880605176747,0.0,0.0,0.0,0.22857142857142856,3.58351893845611,-0.4068247275956326,1,0,-0.013402700741218382,-2.2731497889420527,0.1801632788994519
2019-02-03,0.012018071054722284,-0.004350989956060517,-0.004162370255718868,-0.013402700741218382,0.10311483473141583,0.0,0.0,0.0,0.19444444444444445,3.6109179126442243,-0.4212134650485259,1,1,0.0014765950846030577,-0.7197386622248505,0.7711413284008367
2019-02-04,-0.013200099165084106,-0.007492920246204455,0.002131410525953704,0.0014765950846030577,0.15213912785047062,-0.0019762666158226303,0.0028208412648959165,-0.02573093705684819,0.017241379310344827,4.07753744390572,0.06355378449227296,0,1,0.00241391013288215,-0.42797371321313715,0.4537480830314892
2019-02-05,0.0014765950846030577,-0.0016973373690904524,0.004394244574720226,0.00241391013288215,0.08818076151008974,-7.616332988273438e-05,0.002604846526007075,-0.010223721723207882,0.2413793103448276,4.07753744390572,0.08477473997515834,0,0,-0.019259104839806154,-2.6736992772688115,0.3200895416774402
2019-02-06,0.0024081490673154653,0.0010773247193416253,-0.020043345507674656,-0.019259104839806154,0.33477625899760943,-0.0035826933617428332,0.0033243298888585445,-0.012277994727274234,0.208955223880597,4.219507705176107,0.223676742490794,0,0,-0.0020488648023813502,-0.4523676035450479,0.6171142360041881
2019-02-07,-0.018774802523219284,-0.016288857896538615,0.0029542118974313827,-0.0020488648023813502,-0.6374941739652805,-7.634929554701608e-05,0.000933022066781138,0.062382471131200955,0.20754716981132076,3.9889840465642745,0.00811912445737205,0,1,0.07389608530050837,-0.7472529787044578,9.406282625346194
2019-02-08,-0.002527406053401478,0.08584281909103866,-0.0049977185539754575,0.07389608530050837,0.9438563611959719,0.0032785106548437006,0.001346075816926694,-0.04051663866196492,0.421875,4.174387269895637,0.18859116982317506,0,1,0.001676629439950937,-0.9310668193361213,0.5717369022743571
2019-02-09,0.07423218255874119,-0.014449371930209991,0.07205794689419157,0.001676629439950937,-0.6613125992468752,0.0,0.0,0.0,0.5833333333333334,3.6109179126442243,-0.3894647667339456,1,1,0.0040516090298640325,-1.5236159225583197,0.5390364567524278
2019-02-10,0.0013405321817180932,0.0013496249847316866,-0.004248861592271047,0.0040516090298640325,-0.06289168064363085,0.0,0.0,0.0,0.3548387096774194,3.4657359027997265,-0.5254644944818526,1,0,-0.013407193747153196,-1.7690600189783479,0.13143318352700462
2019-02-11,0.003967367724671837,-2.4423702390190725e-05,0.0015971680656638155,-0.013407193747153196,0.07072770640197808,-0.005113111682841348,0.004336590952711477,0.01577817495994682,0.43103448275862066,4.07753744390572,0.10099131156440372,0,1,0.00011290862262092172,-1.3505644474962268,1.0015634545010623
2019-02-12,-0.013322952441961093,-0.004705891037412728,-0.00922223803233198,0.00011290862262092172,0.16663968082516115,0.001681791706648733,-0.003612518561349291,-0.034398292794423094,0.36666666666666664,4.110873864173311,0.1294580672535534,0,0,-0.006093217726158175,-1.0995222362527546,1.0556890795260074
2019-02-13,0.0001266770947476996,0.0006541648728701703,0.0026233307350556926,-0.006093217726158175,-0.13433229805508695,0.001221448744417649,0.004333458874714606,0.014157206457949906,0.46153846153846156,4.189654742026425,0.2149355709117648,0,0,-0.0052333743519313155,-1.1505509706107424,0.4698867099441717
2019-02-14,-0.00640070694955071,-0.011951241421976403,-0.006603505069738124,-0.0052333743519313155,-0.16959141851499807,-0.0007631840122664169,-0.0015454528449520212,0.035774113742904706,0.3064516129032258,4.143134726391533,0.1434553907266393,0,1,0.0033115421134242594,-0.4776663497827069,1.7303528587078632
2019-02-15,-0.004936868523664972,0.007371287135705572,0.0014954718563490066,0.0033115421134242594,-0.045886104561818214,0.0063167961332353875,-0.0006189292360144155,-0.08421288781128672,0.3333333333333333,4.007333185232471,0.0322608622367399,0,1,0.0044149815235669295,-0.126659998767421,1.2614173964123576
2019-02-16,0.0033143087674535215,-0.0013778125095310317,0.006821605623577188,0.0044149815235669295,-0.0600956219890825,0.0,0.0,0.0,-0.09523809523809523,3.091042453358316,-0.8703536366395105,1,1,0.013497341191241524,-0.38793814513753,2.2327846107868288
2019-02-17,0.004080501969879309,0.014128653667311843,0.0018022000598657691,0.013497341191241524,0.2723176819830298,0.0,0.0,0.0,0.05263157894736842,2.995732273553991,-0.9356509791060649,1,1,0.0610854703085456,-0.3435950819620189,6.7834307213009675
2019-02-18,0.013837175328655896,0.059003802296382864,0.013940771822996615,0.0610854703085456,0.9134398469801914,0.0,0.0,0.0,0.5263157894736842,4.060443010546419,0.1659155214243885,0,1,0.002354482480497084,-1.0987137581608393,2.430590748198376
2019-02-19,0.06075388466395456,0.017557070577519467,0.05353428354655734,0.002354482480497084,-0.24339262620496635,0.01655293261183519,-0.004135671078729168,-0.0020140814468496415,0.47540983606557374,4.127134385045092,0.2307839058645677,0,1,0.0157286045601741,-0.9546961673797504,2.006205527324693
2019-02-20,0.0025625598606636214,-0.0018893697282397056,0.0037946583883079906,0.0157286045601741,-0.32695677712394455,0.002385089610256545,-0.0007254982662517263,-0.059533122838663,0.5652173913043478,4.248495242049359,0.3422862065011255,0,0,-0.00820285235134137,-1.74599805398183,1.1705295789025376
2019-02-21,0.01584120650984212,0.00737184507595237,0.007815585694153129,-0.00820285235134137,-0.15186839892721127,-0.014849566751193068,0.0016575541361930168,0.030901305111517216,0.375,4.174387269895637,0.26124881539925043,0,1,0.006251199257121855,-0.27111039550873045,1.2792103080354604
2019-02-22,-0.00820285235134137,-0.007116045060012077,0.006546024233389706,0.006251199257121855,-0.26164987755437724,0.004297478078310308,-0.0010356097932492552,-0.06795605045495379,0.47619047619047616,4.1588830833596715,0.21974796232894453,0,1,0.03856037791205596,-0.730831672862898,4.925158506556556
2019-02-23,0.006251199257121855,0.04271068124233294,0.0016539864835802352,0.03856037791205596,0.3405662276097752,0.0,0.0,0.0,0.6756756756756757,3.6375861597263857,-0.35667494391170534,1,0,-0.09527229584676795,-10.356072534517633,1.9298895210026135
2019-02-24,0.03861866032923851,0.008607688056516393,-0.05769203070449133,-0.09527229584676795,0.6144947086043115,0.0,0.0,0.0,0.4473684210526316,3.6635616461296463,-0.3800830348104315,1,1,0.02228454438909258,-0.09514189152066364,3.3904579092412486
2019-02-25,-0.09533057826395046,-0.08066661196438157,0.007337010583201598,0.02228454438909258,-0.4904516476107027,-0.0024857282115930447,-0.0010366833928196334,0.09456972202313751,0.26865671641791045,4.219507705176107,0.16164135157134127,0,0,-0.004894505754567034,-1.3391531000420063,0.354394374123588
2019-02-26,0.022420379172410042,-0.008076090962084012,0.009844432303879345,-0.004894505754567034,-0.27857223250678365,-0.0006035826876001255,-0.004261777193198242,0.02131990745279988,0.38235294117647056,4.23410650459726,0.1590646946443933,0,1,0.0023179903657044075,-3.5283634383367226,0.7745773603954995
2019-02-27,-0.005009339138665329,-0.0006926758918477235,-0.026786609137514142,0.0023179903657044075,0.08829924663262394,-0.005600154350637701,0.0015612964367278633,-0.031472317580175706,0.47368421052631576,4.060443010546419,0.01261050760947355,0,0,-0.0011478349635986676,-1.4297375941008648,1.8149827256315403
2019-02-28,0.002289131562650117,0.012722044018064751,0.023304248808062956,-0.0011478349635986676,0.033125620517257565,-0.00372545752587554,0.00010402096583284309,0.0054274166436240725,0.3389830508474576,4.0943445622221,0.059868249359535636,0,1,0.0024382303359971385,-0.017832089941955537,1.1292454847812283
2019-03-01,-0.0009905271829094603,-0.008005207372101957,0.012971220077990264,0.0024382303359971385,-0.3400891175046559,-0.01257108687016906,0.0038403193442849287,-0.08541344609537987,0.288135593220339,4.0943445622221,0.07020425869019757,0,0,-0.0008033568710194448,-1.3363814302652097,0.4777999541684184
2019-03-02,0.0020716494039664394,-0.004076224970130879,-0.010747263067235287,-0.0008033568710194448,-0.17542256959360325,0.0,0.0,0.0,0.06666666666666667,3.4339872044851463,-0.5877866648687856,1,0,-0.003193634329779857,-1.0158942820899768,0.3937336975963205
2019-03-03,-0.0005757549745946133,-0.001644019436740305,0.0024015146107328224,-0.003193634329779857,-0.15113720349237858,0.0,0.0,0.0,0.5652173913043478,3.1780538303479458,-0.8129984692369094,1,0,-0.024579034902947085,-3.665880821964898,0.5826339679078171
2019-03-04,-0.0033170396297327077,-0.0013046316266648581,-0.02969349972852912,-0.024579034902947085,0.7314776780410424,-0.008988108902638492,0.0015527307771561066,0.07521277149660467,0.1935483870967742,4.143134726391533,0.19251154771583345,0,1,0.03761949897608185,-0.31676094879156796,4.262802288465049
2019-03-05,-0.024250798308644732,0.012222648302625167,0.008912163828786275,0.03761949897608185,-0.05260190665150229,-0.0021817437163371535,0.0017568151060931927,0.0074906483788717325,0.5,4.204692619390966,0.2606341602448601,0,1,0.0010648262502562917,-1.163904352790065,1.2690888486322391
2019-03-06,0.0373653126144851,0.007682364577753799,0.02914806493609686,0.0010648262502562917,-0.28553177217179465,0.00225955480956854,0.00020652769364032708,0.06564035721459394,0.4915254237288136,4.0943445622221,0.1429146065772814,0,1,0.0030508796229149976,-0.5567225995535766,1.1216456987392138
2019-03-07,0.0011037099762553574,-0.0004096052486738943,0.007136643782621122,0.0030508796229149976,0.06561503933235029,-0.0008564453784477475,0.008224528920454022,0.052594884952091095,0.4126984126984127,4.1588830833596715,0.19740066363694786,0,0,-0.002261412368743811,-1.919356672744248,1.495356882513768
2019-03-08,0.0030482980683805257,0.0067879914606605194,-0.0105754611089916,-0.002261412368743811,0.2721595062812401,0.010229437404707756,-0.0030762475136783527,-0.03309131135908011,0.35294117647058826,3.9512437185814275,0.008438868665472395,0,1,0.020018778312975473,-0.26270670217136166,2.7273582526957294
2019-03-09,-0.0022614182133168263,0.010058601333075847,0.014305087336984832,0.020018778312975473,-0.11428073271085269,0.0,0.0,0.0,0.40540540540540543,3.6375861597263857,-0.33204989660631623,1,0,-0.006671899312085172,-1.568137359029692,0.009890356530049247
2019-03-10,0.020120269277383567,-0.007155900648681201,0.006964471744392131,-0.006671899312085172,-0.289717700614489,0.0,0.0,0.0,0.21875,3.4965075614664802,-0.5018569537519804,1,0,-0.01160965889101032,-2.241529689937428,0.5133831846608191
2019-03-11,-0.006982731930460386,-0.0016369710307775245,-0.01340582262116261,-0.01160965889101032,0.4957287737489459,-0.0063423145671770475,-0.0015417190249470858,-0.11335356552484627,-0.0196078431372549,3.9512437185814275,-0.005586606689031963,0,1,0.0028680732654525684,-1.1834888131226629,0.8638557168460665
2019-03-12,-0.011397729837935678,-0.00810493356915783,-0.001029250122862613,0.0028680732654525684,-0.34643779114956336,0.0058024995240326446,-0.002884208571455675,-0.039862890531896955,0.14,3.9318256327243257,0.02020270733751943,0,0,-0.004318133680231907,-1.1066147866735665,0.27853917490117014
2019-03-13,0.0028577711826288633,-0.0029850921539964085,0.0036368135299435765,-0.004318133680231907,-0.09582660096336032,0.008602826665778341,-0.0040312151193654016,-0.026491660069189443,0.21311475409836064,4.127134385045092,0.2132395962136582,0,1,0.0028722291904868377,-1.447833712345251,1.3871273016232109
2019-03-14,-0.004307831597408291,0.006767747586988366,-0.0077303229369488635,0.0028722291904868377,0.10056036866140866,-0.01084248805070627,0.0024826521373226096,0.006688999529461137,0.18181818181818182,4.204692619390966,0.283362411322416,0,1,0.011957767776503729,-0.12697890036982426,1.5890124191512465
2019-03-15,0.0028722291904868377,0.0048910803657674145,0.01608077731024113,0.011957767776503729,-0.21848402867362396,0.006473530758076257,-0.0019649671972771826,-0.047013955883011826,0.1267605633802817,4.276666119016055,0.3005070879417825,0,1,0.020737866966801063,-0.04537494310391411,3.3388476707981534
2019-03-16,0.012136152174967694,0.02945612029297285,0.01277380734916278,0.020737866966801063,0.2731436656414772,0.0,0.0,0.0,0.4883720930232558,3.784189633918261,-0.21714553264240052,1,0,-0.006220034276640175,-1.4070134164535166,0.1501625379758306
2019-03-17,0.020559482568337076,-0.011148984361422273,0.00712148223330493,-0.006220034276640175,-0.4176855182626651,0.0,0.0,0.0,0.5384615384615384,3.295836866004329,-0.704076251053674,1,1,0.0016739975925546856,-0.7009948712496795,1.3933631427513176
2019-03-18,-0.006041709300247731,0.006211971771114637,0.0008401511753982745,0.0016739975925546856,0.1768752023591343,-0.0011529150377441156,-0.0008285194454623186,0.016936529765559972,0.28125,4.174387269895637,0.16199385730390914,0,1,0.006927135632308982,-0.4476113336746064,1.0772276099183586
2019-03-19,0.0015006878876638046,-0.0014873577357750836,0.004207832968305287,0.006927135632308982,-0.121084859609428,0.0036079961480897727,-0.0014515232624029806,0.034512054130501305,0.4507042253521127,4.276666119016055,0.21213793749169219,0,1,0.006827540584871963,-0.876190412165835,0.8547537450293473
2019-03-20,0.007407617089506095,0.004702396983418965,0.002641344847396856,0.006827540584871963,0.1637102227178983,-0.0034542348680875576,-0.006453599156870182,0.02548368150826399,0.3698630136986301,4.30406509320417,0.21050361639208864,0,0,-0.015554273864159942,-4.115915330157775,0.6479025075623663
2019-03-21,0.006342043856173275,0.004759028210202015,-0.02556970859504734,-0.015554273864159942,0.4293391274696087,0.004296773002431159,0.007697924787051455,-0.02033474086100378,0.5,4.04305126783455,-0.030153038152830453,0,1,0.0015789007957782457,-0.3117418918652467,0.684975339369745
2019-03-22,-0.01550151991984842,-0.015183545546086186,0.022487460518765358,0.0015789007957782457,-0.5865925996720004,0.0042021684654013165,0.0015532130970757159,0.1898742425997099,0.23529411764705882,3.9512437185814275,-0.0729067707884799,0,1,0.004774222311483049,-0.22398169299803614,0.79693043084153
2019-03-23,0.0017669046377583944,0.0026984517104960935,0.0024565027844503573,0.004774222311483049,-0.1460049223412853,0.0,0.0,0.0,0.32432432432432434,3.6375861597263857,-0.378066133893023,1,0,-0.003458285883080886,-1.4080154583096953,0.0002496246269572346
2019-03-24,0.004533464525191412,-0.003192585750662615,-0.007066115341633558,-0.003458285883080886,-0.0071198056327056,0.0,0.0,0.0,0.21212121212121213,3.5263605246161616,-0.5108256237356877,1,0,-0.014141981082905222,-2.625996451788472,0.1781898192557417
2019-03-25,-0.003666213955748028,-0.001678883936793151,-0.015638095817868642,-0.014141981082905222,0.658598479744732,0.007822366697732926,-0.000828090623340484,-0.00914359439404098,0.3770491803278688,4.127134385045092,0.11136340463844276,0,1,0.0031529563817779935,-1.0758559580133402,0.5790949800339262
2019-03-26,-0.014099203888644425,-0.010132929475123403,0.001359423854846092,0.0031529563817779935,-0.12305891051356924,-0.005765872414879459,0.0017588144939773426,-0.10651785833545223,0.16216216216216217,4.31748811353631,0.29673190798521243,0,1,0.022413479269574252,-0.314533469197301,2.4874509073245252
2019-03-27,0.003373822363550304,0.022236515654683823,0.010766181269938236,0.022413479269574252,0.09778707642226664,-0.0033534245976774187,0.00031004889038054257,0.03151446280094769,0.3103448275862069,4.07753744390572,0.09285015398070395,0,0,-0.002539098249029031,-0.8967666019951958,0.04085296086034424
2019-03-28,0.02273658815747751,-0.0020525001950675143,0.01659114794159544,-0.002539098249029031,-0.47687683868186304,-0.015463611608309486,0.004433685866674294,-0.04869111284137581,0.6481481481481481,4.007333185232471,0.026811257469175225,0,1,0.018556538697443437,-0.09389158944271006,2.3530439672081767
2019-03-29,-0.0028161351316715526,0.020582811814449414,0.005489651876495708,0.018556538697443437,0.4038136667077513,0.002477894338452264,0.0008227255998028136,-0.05118389757783938,0.4,4.110873864173311,0.10800952384606981,0,1,0.0009061877159357366,-1.2568756243470982,0.8916445207315077
2019-03-30,0.018695994649680032,0.003942544232676674,0.0069266983483995855,0.0009061877159357366,-0.4331098011333959,0.0,0.0,0.0,0.34210526315789475,3.6635616461296463,-0.35139788681157297,1,0,-0.0007356057874589337,-0.595883827395836,0.22254417199251436
2019-03-31,0.0006698144133866238,-0.005784815771454119,0.007516105685448329,-0.0007356057874589337,-0.3663446064410813,0.0,0.0,0.0,0.48,3.258096538021482,-0.7487170316747561,1,1,0.009846706404002677,-0.9044297633297205,1.3252600876487253
2019-04-01,-0.0011084814575175652,0.010291553369103017,-0.003821065146797869,0.009846706404002677,0.634409286895352,-0.0035639423656812787,-0.00030842317095490464,-0.02287081786766748,0.5192307692307693,3.970291913552122,0.00827590932309056,0,1,0.15868403825725028,-0.09704168484322169,16.702828591585153
2019-04-02,0.010209886701386206,0.16362239144336693,0.01792058718886754,0.15868403825725028,1.4186518226957165,0.0012410609495414877,0.0011304724497337901,-0.002989536078286712,0.6164383561643836,4.30406509320417,0.3502655587672474,0,1,0.015385563184368086,-2.1599480402689553,8.249990587529279
2019-04-03,0.158668276048073,0.07415565821669172,0.13805497470299308,0.015385563184368086,0.04187361087076857,-7.750345753043755e-05,-0.00277710928494477,0.028046127725448067,0.6707317073170732,4.418840607796598,0.40198684374403476,0,0,-0.006904534074751537,-3.205349799618092,2.1357293334336296
2019-04-04,0.015404123677464876,-0.04575704935658847,0.0049315455908767,-0.006904534074751537,-0.5877181282501566,-0.0006979909589999726,0.0022633880815973464,-0.011713153623697148,0.2923076923076923,4.189654742026425,0.14141165406521317,0,1,0.021465724378039223,-0.36894373539341396,2.6104346413681796
2019-04-05,-0.006906589501804132,-0.002157480995405831,0.021459526567495207,0.021465724378039223,-0.42868641200021707,0.0010855427915747453,0.0009244925696550662,-0.05759168882457858,0.5806451612903226,4.143134726391533,0.08910825342934339,0,1,0.007750187068761612,-1.5374479616449865,3.919227935963887
2019-04-06,0.02147180515549576,0.03455365732399605,0.009780682115523371,0.007750187068761612,0.04912207433707048,0.0,0.0,0.0,0.5869565217391305,3.8501476017100584,-0.2293355215403917,1,1,0.0247473017520111,-0.35531706546545067,3.6998194331899077
2019-04-07,0.007387291321710358,0.005556102041021932,0.019571496030556877,0.0247473017520111,-0.1047826951269174,0.0,0.0,0.0,0.25806451612903225,3.4657359027997265,-0.638695860923517,1,1,0.01280480868531322,-2.5717261829605107,2.5724860537880208
2019-04-08,0.025108199479100167,0.013473967957992357,0.0025832105770605966,0.01280480868531322,0.2881694199873159,0.005178717793829374,-0.0035998852543667075,0.027694124540959833,0.44776119402985076,4.219507705176107,0.09616342219183437,0,0,-0.016733005537734536,-3.1072215582595044,0.028638798129932384
2019-04-09,0.01308737869964176,-0.01263366387126777,0.007449854932323317,-0.016733005537734536,-0.38725573350223486,0.004921969848964953,-0.00041225306631405425,0.0801593859831212,0.25675675675675674,4.31748811353631,0.1931912290443721,0,1,0.03026549940412126,-0.29168712951232456,5.146803640082895
2019-04-10,-0.0170155755520632,0.03444864288179522,0.011422338749737153,0.03026549940412126,0.1623887390570266,0.004286905162995197,-0.0006187377829022478,-0.07109588864326666,0.5138888888888888,4.290459441148391,0.18949004628645608,0,0,-0.056356322044451276,-7.453193051794008,0.45898367566937615
2019-04-11,0.030192026163890013,-0.016612700240013878,-0.041349559818695515,-0.056356322044451276,0.31108328859429235,-0.015783520778201384,0.0023695819070575007,-0.021277377629752393,0.13043478260869565,4.248495242049359,0.13738381998468413,0,1,0.006088214184202376,-3.161645681878701,1.2519536266155125
2019-04-12,-0.05628284880422,-0.04842662253498988,-0.013440848345298123,0.006088214184202376,-0.4969447531062905,0.0015508688265574986,-0.0021632672131551888,-0.08074701678942574,0.14516129032258066,4.143134726391533,0.030411700434152422,0,0,-0.0005528458325156903,-0.8756513614852579,1.0050335853501506
2019-04-13,0.005888115322810406,0.0036190137715485893,0.028948157388136872,-0.0005528458325156903,-0.6545864262982298,0.0,0.0,0.0,0.23529411764705882,3.5553480614894135,-0.5414444823419153,1,1,0.016917777998497762,-0.9003347952901277,2.113586834008632
2019-04-14,8.915790365960788e-05,0.010532686654069211,-0.0007996801705642901,0.016917777998497762,0.05562512945744507,0.0,0.0,0.0,0.23684210526315788,3.6635616461296463,-0.44718895145324855,1,0,-0.0209435347386204,-3.59714618049006,0.7006751857692735
2019-04-15,0.016471975468349134,0.0027886615161042674,-0.01005033585350145,-0.0209435347386204,0.46337049851692236,-0.002948653274649578,-0.0003094093029721802,0.025484278185115075,0.21875,4.174387269895637,0.08134563946957736,0,1,0.02917646191506107,-0.4189901521773882,3.3804564249673636
2019-04-16,-0.0209396370832549,0.0058542776533604905,0.01083802554450633,0.02917646191506107,-0.18116987863121994,-0.011096521695962844,0.0010310184683860466,-0.011428645997378716,0.4626865671641791,4.219507705176107,0.14424960885947222,0,1,0.005608820722074794,-0.5216803233242118,1.0895791425868806
2019-04-17,0.02917646191506107,0.00626768909125636,0.028149560203592827,0.005608820722074794,-0.03931938525149729,-0.00031438575044829805,-0.0003091860764139393,0.033901556895573656,0.47368421052631576,4.060443010546419,0.020253856922041433,0,1,0.010633618530898828,-0.07729565587185906,1.6050190969298328
2019-04-18,0.005530014198775939,0.010763220265504117,0.010052667396598332,0.010633618530898828,-0.029975920131666278,-0.00023578221145405452,0.004730562879087752,-0.04131816698510587,0.39344262295081966,4.127134385045092,0.10874902406437188,0,1,4.563987099926502e-05,-1.5995065663480845,1.1638898538639322
2019-04-19,0.010712425054197484,0.0062223261002398045,-0.0045884905738635936,4.563987099926502e-05,0.08440227238001642,0.0,0.0,0.0,0.203125,4.174387269895637,0.15154989814282596,0,1,0.006265179857047562,-0.5449646332984055,1.4112638753728752
2019-04-20,4.563987099926502e-05,0.0025193800860886933,0.010591059201496276,0.006265179857047562,-0.2499134940295186,0.0,0.0,0.0,0.13333333333333333,3.4339872044851463,-0.5956918443758991,1,0,-0.0067483074901227,-2.4240121971358755,0.4265484381855219
2019-04-21,0.006488144455728084,-0.0035819745148259335,-0.01252529578132706,-0.0067483074901227,0.287330917791817,0.0,0.0,0.0,0.39473684210526316,3.6635616461296463,-0.3593030663186862,1,1,0.01903333353473849,-0.9133810103602277,2.700203651739088
2019-04-22,-0.0067296790957272765,0.01598824464541288,0.008358004377633716,0.01903333353473849,0.14593188575899663,0.0012571507671187557,-0.001951245203493584,0.026929405400460925,0.37735849056603776,3.9889840465642745,0.0026990569880328556,0,1,0.02510073764380317,-0.4626957003767506,4.433634715352731
2019-04-23,0.018791740541662643,0.03636764417087479,0.023540186634573326,0.02510073764380317,0.3333920887563606,-0.0033034095568352825,0.0029766603225857232,-0.011336181674183099,0.5135135135135135,4.31748811353631,0.31773005482498595,0,0,-0.014358107778425548,-2.9551429664590665,1.6051975692700755
2019-04-24,0.024663747117722557,-0.003183633817023258,0.0001762649829798831,-0.014358107778425548,0.15591548493088478,0.004872652719189608,0.005417285024899872,0.06768913821054837,0.2777777777777778,4.290459441148391,0.25131442829479494,0,0,-0.03669463583002858,-5.954026073333426,1.409047374361055
2019-04-25,-0.013921117252344998,-0.016319609727515914,-0.04434693884716912,-0.03669463583002858,0.028858206102378818,0.00023521249854262027,0.0010188332664603872,0.008336513247703608,0.3,4.2626798770413155,0.20044396381238896,0,1,0.017885420753669168,-1.1227760914165579,5.408637854189783
2019-04-26,-0.03658544429743599,0.0033012689682587817,0.011617863989140128,0.017885420753669168,-0.01468940264972961,0.0071074422097751645,-0.0019366482063220283,-0.04003617582235681,-0.125,4.04305126783455,-0.002547772060941697,0,0,-0.003470383198314882,-1.067570254476694,0.5330042834571134
2019-04-27,0.01794557563839331,-0.03087091495365745,0.018437479123067944,-0.003470383198314882,-1.1541755672463554,0.0,0.0,0.0,0.12121212121212122,3.5263605246161616,-0.5389965007023841,1,1,0.0022314006623675086,-0.6861119631154825,0.8332370793823752
2019-04-28,-0.00363972961563157,-0.0004680552390621538,0.00034419971529727915,0.0022314006623675086,-0.07061074193856849,0.0,0.0,0.0,0.12121212121212122,3.5263605246161616,-0.5262898494332693,1,0,-0.013158209353620746,-2.455131363829205,0.4601719475815057
2019-04-29,0.0026627708911370254,-0.0014992506556412608,-0.015458793344769694,-0.013158209353620746,0.3263881500131003,-0.004915203051928451,-0.0015316439791697631,0.02941389497788062,0.03389830508474576,4.0943445622221,0.03951131229079152,0,1,0.015659073915910798,-0.8818603901638663,1.925543415971113
2019-04-30,-0.013589579582390182,0.00149550533027546,0.0025745003830327357,0.015659073915910798,0.11017497820630084,0.0032795166444519316,-0.003890628903807604,0.0007625032055570149,0.32857142857142857,4.2626798770413155,0.22059577924969676,0,1,0.011657445489033837,-0.08667849872532303,1.514370796748649
2019-05-01,0.0158714250477604,0.011547347723686301,0.023610892830296153,0.011657445489033837,-0.25588085263898536,-0.001091977625138958,0.0021519614620567028,0.12048941886424806,0.6376811594202898,4.248495242049359,0.2138699145433734,0,1,0.02016789470383966,-0.24550843711978412,2.835043185679899
2019-05-02,0.011445094357184379,0.02486416937834629,0.010069146105089079,0.02016789470383966,0.2806510220051948,-0.009172635638250213,0.0014320725298226226,-0.02601105650991488,0.578125,4.174387269895637,0.1541506798428834,0,1,0.04968728879070665,-0.27893156372684985,6.196460629264209
2019-05-03,0.02052101747773908,0.05378206913968297,0.01983366343776896,0.04968728879070665,0.7085051228370224,0.007454230729596022,-0.0031738464360478993,-0.1137171244316781,0.5666666666666667,4.110873864173311,0.07924937167080705,0,1,0.009784479902979898,-3.261516503273004,2.1814174525156234
2019-05-04,0.04897551671739681,0.009536857023220822,0.019861439395244984,0.009784479902979898,-0.1541729066186446,0.0,0.0,0.0,0.3333333333333333,3.6888794541139363,-0.3668791140873331,1,0,-0.009277046336878819,-2.3158482179822735,0.17910171163618085
2019-05-05,0.010208313330421258,-0.010238677505814519,0.019241162755887272,-0.009277046336878819,-0.5102756412454821,0.0,0.0,0.0,-0.06666666666666667,3.4339872044851463,-0.6216000292345637,1,0,-0.004830176850003307,-2.746698266755703,0.5074005197236232
2019-05-06,-0.009764785195497543,-0.005994058256004381,-0.013585546824613163,-0.004830176850003307,0.058455012410991984,0.0019524392904874438,0.0,0.18206250470341528,0.14754098360655737,4.127134385045092,0.0829744013757566,0,1,0.017000391320493122,-0.0008699033450435591,4.766786127433564
2019-05-07,-0.004037113553037366,0.037763679227096156,0.02262810678410334,0.017000391320493122,0.4574158815127856,0.001403437671793296,0.001127344355029096,0.2241792955691415,0.4444444444444444,4.290459441148391,0.24369050318413563,0,1,0.02382306462995708,-1.276253407713265,2.8393973629096023
2019-05-08,0.016629882754114908,-0.002273496324746433,0.00424655627681107,0.02382306462995708,-0.5477887009091662,-0.003199484212726764,-0.00010237651057247607,0.004132233417370653,0.19718309859154928,4.276666119016055,0.22465374542352282,0,1,0.03638995308503484,-0.05981121220825561,3.8862261528092206
2019-05-09,0.023717836196469187,0.0342913525289533,0.03598748658500721,0.03638995308503484,0.173761325366094,0.0031994842127267375,-0.0025642353960980972,-0.015584691381073544,0.4605263157894737,4.343805421853684,0.2629283333120006,0,1,0.02609325380435614,-0.600590763718603,4.098032817546066
2019-05-10,0.03661918376360534,0.03850801973240314,0.0309821575699314,0.02609325380435614,0.28821726780162243,0.0017125578011547432,-0.0004108979470950475,-0.17460269550868968,0.39473684210526316,4.343805421853684,0.22455432043038542,0,1,0.10461777088363806,-0.007531668315156254,14.176019571903229
2019-05-11,0.02625634438557205,0.12687312134792783,0.03202384475839046,0.10461777088363806,0.7036749436676003,0.0,0.0,0.0,0.6607142857142857,4.04305126783455,-0.12004804226937861,1,0,-0.015510656289321858,-4.719736194165603,6.106294525378467
2019-05-12,0.10433350442109533,0.023920520418390333,0.05749572562513351,-0.015510656289321858,0.1609533766085358,0.0,0.0,0.0,0.6,3.713572066704308,-0.4788925766379816,1,1,0.11170278768303202,-1.4065104302514668,15.063485114162035
2019-05-13,-0.015380011064029411,0.07406124959851375,0.01762160134981941,0.11170278768303202,-0.013247260913227928,0.011137886677169313,-0.00010277047172717422,0.2477752443001041,0.7297297297297297,4.31748811353631,0.10793783668564026,0,1,0.019932965098399983,-2.484164734032639,7.124387480020185
2019-05-14,0.11219935538641751,0.03231181134161358,0.10092624464522038,0.019932965098399983,-0.11368963982213512,-0.004162195438771078,0.002155495688218043,-0.12916138539869315,0.6304347826086957,4.532599493153256,0.28354983517773985,0,1,0.027588033554406362,-1.2351431523887737,3.7227017560389797
2019-05-15,0.019013486925257176,-0.014083892141411997,0.032423180914838735,0.027588033554406362,-0.7038470590016763,0.0012351199225512385,0.0004100555243534865,-0.0939820963042524,0.5432098765432098,4.406719247264253,0.13580154117140764,0,0,-0.03782831931935867,-5.858352810053223,1.820925796050589
2019-05-16,0.02778077099461736,0.008570273954522667,-0.018644063022237988,-0.03782831931935867,0.6086653942369131,-0.008755371943979367,0.0027633879572475633,-0.07251840466721576,0.463768115942029,4.248495242049359,-0.010298752186081566,0,0,-0.0672089740226804,-12.92209805901246,0.7397642210091757
2019-05-17,-0.03746724347232175,-0.04863993506977294,-0.1084657718089511,-0.0672089740226804,0.2426431644978057,-0.00820477351315001,0.0016340247212281787,0.04288657696574975,-0.01639344262295082,4.127134385045092,-0.10231137524691496,0,0,-0.013387176062389585,-2.7379298364491405,1.3871578226056887
2019-05-18,-0.0674706292904246,-0.06073503800671528,0.03463270820295278,-0.013387176062389585,-0.8734442500852171,0.0,0.0,0.0,0.30434782608695654,3.8501476017100584,-0.3631755085200867,1,1,0.11580287932324414,-0.19819971689522958,13.122126986872967
2019-05-19,-0.013407807989330495,0.10396251558028327,0.01201012513314942,0.11580287932324414,0.5708299605877771,0.0,0.0,0.0,0.6829268292682927,3.7376696182833684,-0.48040233644224406,1,0,-0.026151156161620965,-7.58865714601159,0.09261241876805389
2019-05-20,0.11575451988716035,-0.01449226635780495,0.04189830503208061,-0.026151156161620965,0.0042874941852219664,0.0012545877919818633,-0.0007145378216042793,0.021692789476915577,0.2537313432835821,4.219507705176107,0.0259193775670001,0,0,-0.004201225391388315,-2.128139440270069,1.303734815037384
2019-05-21,-0.026209605911485186,-0.01403993219892774,0.02845402089579428,-0.004201225391388315,-0.23048938565461038,-0.003218067708084531,0.001326570477053818,-0.08706709681022891,0.40229885057471265,4.477336814478207,0.2981360878891602,0,0,-0.03559696782527974,-5.72535942472639,1.3960519104091513
2019-05-22,-0.004125841309120792,-0.003278054437670652,-0.040173425235951424,-0.03559696782527974,-0.062417669228705716,0.0012570520207180209,0.000509793070372368,-0.013468204292681689,0.17721518987341772,4.382026634673881,0.2061104187706276,0,1,0.028823812570901875,-2.219260392376049,4.015463592227772
2019-05-23,-0.03563021914459557,-0.009402851007093566,-0.0005359775017763524,0.028823812570901875,0.010349622861721555,0.00875558527616713,-0.002653626148370028,0.13725327590134673,0.22727272727272727,4.204692619390966,0.033006296483321554,0,1,0.014334751838624633,-1.0950638674564006,3.4855053575679675
2019-05-24,0.02870769414528571,0.023524230224303846,0.04006577782009823,0.014334751838624633,-0.06197200924512575,-0.0014020165813160776,-0.002455724808188649,-0.06532683429639556,0.4406779661016949,4.0943445622221,-0.07462668918825836,0,1,0.007572136231027321,-0.7122723002513912,1.5810581408734634
2019-05-25,0.01448951554532046,-0.004709720328320198,0.018162667510674843,0.007572136231027321,-0.4960962649226365,0.0,0.0,0.0,0.5111111111111111,3.828641396489095,-0.34325192358436957,1,1,0.07082594606926845,-2.4213561803104455,8.529743161375245
2019-05-26,0.007315738878917898,0.0770589864360451,-0.009518702569563324,0.07082594606926845,0.5581480295126093,0.0,0.0,0.0,0.6052631578947368,3.6635616461296463,-0.5055485666388313,1,1,0.016337021238058805,-0.29563893388723733,3.3546967393006937
2019-05-27,0.07090686396966445,0.01907548184852305,0.09208311853350051,0.016337021238058805,0.04402223786470469,0.0,0.0,0.0,0.6875,4.174387269895637,0.022574322054164122,0,0,-0.00465661248181304,-2.8459754963570867,0.480439049064672
2019-05-28,0.01612237816430062,-0.012405555664301505,-0.009166344386639751,-0.00465661248181304,-0.500011584489172,-0.005079127934097918,0.0035792692982014075,0.09903135653868825,0.5507246376811594,4.248495242049359,0.13976194238965156,0,0,-0.008059338653423379,-3.6102001256102154,0.3934587490317245
2019-05-29,-0.004081430374883914,-0.005526415482142406,-0.012298858774344185,-0.008059338653423379,0.07379819132806638,0.0032067413386132966,0.001835801704528244,0.02259981060608287,0.41333333333333333,4.330733340286331,0.23271300234369371,0,0,-0.044480889469952975,-7.699342777710447,4.838205990062078
2019-05-30,-0.00810561374676021,0.03638813375688032,-0.04895076517442569,-0.044480889469952975,0.7310586829211152,0.005062907666908317,0.0,-0.03409423413236527,0.4666666666666667,4.330733340286331,0.2113090936805403,0,1,0.033937022588327315,-1.9665990578537382,3.8485400596973953
2019-05-31,-0.04487083230002062,-0.054377548773599974,0.01284654772861391,0.033937022588327315,-0.4533207732538944,0.014424310458736921,-0.00398182557708955,0.07835163395029686,0.06329113924050633,4.382026634673881,0.21728371936875293,0,0,-0.0012784322759841723,-1.3254016969835047,0.8264990881494501
2019-06-01,0.034232124860337644,0.0037166128728479556,0.04034899619702979,-0.0012784322759841723,-0.3389786184183498,0.0,0.0,0.0,0.5,3.7612001156935624,-0.4077301147152072,1,1,0.02106730762970185,-0.23517608318019195,3.1192383011341427
2019-06-02,-0.001157888094932901,0.02164895985386272,0.009623823862048846,0.02106730762970185,-0.13531070990530716,0.0,0.0,0.0,0.4444444444444444,3.6109179126442243,-0.5573456393731058,1,0,-0.07248953939326212,-7.6813905165037,0.8554887505068547
2019-06-03,0.02094905545219399,-0.0015701878765713513,-0.053394836703533254,-0.07248953939326212,0.49564534029418983,0.012859147970708999,-0.006259968231091945,0.007985218214052996,0.3698630136986301,4.30406509320417,0.12934670247514896,0,0,-0.05428075025237477,-8.144609697853818,-0.0019714776472048875
2019-06-04,-0.07251154617327764,-0.0810641416748025,-0.07712173120676331,-0.05428075025237477,0.48406411000772614,0.0005291359094371339,-0.0007208660541215514,-0.10559627078371787,-0.10526315789473684,4.343805421853684,0.15415067984041622,0,1,0.011571872450240297,-1.4974253916937035,2.6910457631813394
2019-06-05,-0.054259734584206555,-0.027350577844089462,0.012191092809226325,0.011571872450240297,-0.4207472487192399,0.003695764872375826,0.003085818618085386,-0.05324906829612693,0.189873417721519,4.382026634673881,0.18413151205185257,0,1,0.0013107846021940175,-4.362011465828821,1.1714057511122051
2019-06-06,0.011773727157143745,-0.0036245276704511093,-0.017073988291110807,0.0013107846021940175,-0.28455420535168074,0.006976979179977753,-0.0034979867418162783,-0.009993827408434465,0.08450704225352113,4.276666119016055,0.08609721659632721,0,1,0.024587675191698313,-0.6339804501900644,3.9446911573721435
2019-06-07,0.0012193517361402289,0.029043638664793283,0.03859109475858143,0.024587675191698313,-0.07604717162412847,0.0026877541074792105,-0.004337934609427309,0.022960917927357844,0.352112676056338,4.276666119016055,0.10379679369572813,0,0,-0.010949987040574167,-2.918295799699566,0.8002448918809761
2019-06-08,0.024276697721337014,-0.006856787463213176,0.0017445216966033993,-0.010949987040574167,-0.40417643017763805,0.0,0.0,0.0,0.23529411764705882,3.5553480614894135,-0.6145040532114204,1,0,-0.03421210818775285,-5.0264211752277514,0.5228515722576593
2019-06-09,-0.010540457995350978,-0.013723920236807538,-0.03203124079585594,-0.03421210818775285,0.3316752805209032,0.0,0.0,0.0,0.22580645161290322,3.4657359027997265,-0.6954486775159665,1,1,0.04544023355758164,-1.5474117364168352,5.009569181038005
2019-06-10,-0.034495797677715725,0.01065506790005076,0.0005779862003564006,0.04544023355758164,0.15214492821996167,-0.012378717355321674,0.001551445972342672,-0.0223334139693071,0.3918918918918919,4.31748811353631,0.17233299892396223,0,0,-0.012333425599224334,-3.7072235150075517,0.34077974546432405
2019-06-11,0.04529440200838372,-0.001247660798155252,0.023842115771674447,-0.012333425599224334,-0.19200146996629983,0.001282541956835377,-0.0007236980741583089,0.003131865494494718,0.4603174603174603,4.1588830833596715,0.04167269641644096,0,1,0.030321060490252613,-1.2238339951269577,3.918461624380692
2019-06-12,-0.012114178867471442,0.023443393189939633,0.01250046959958163,0.030321060490252613,0.3157278930240098,0.004137988749946852,0.0032009687580952803,-0.005015679772797037,0.47692307692307695,4.189654742026425,0.1065822629235333,0,1,0.011121979204145576,-1.4576092125046978,2.2167349466288964
2019-06-13,0.030321060490252613,0.013303793712734527,0.027983308316475435,0.011121979204145576,-0.31136081768819135,0.0054658717373067345,0.00010310949053360029,-0.0056728897100014174,0.6111111111111112,4.290459441148391,0.20641910838690405,0,1,0.05116674322298913,-0.9071825953726215,5.513688644651151
2019-06-14,0.010866426716533437,0.04409151618436842,0.016626245375466347,0.05116674322298913,0.2680828868474497,0.0006718355335490992,0.005755977998179726,-0.03473017678633634,0.21311475409836064,4.127134385045092,0.06531946613703592,0,1,0.018180548524939135,-0.9568172671036386,2.455049055016214
2019-06-15,0.05152402464008447,0.02058034732663959,0.05067039650567911,0.018180548524939135,-0.22554886713904135,0.0,0.0,0.0,0.5,3.8501476017100584,-0.24647180378337896,1,1,0.01628566065736619,-0.5543964520427159,5.78166371148825
2019-06-16,0.0183137869366444,0.051446695089659496,0.022204756675548575,0.01628566065736619,0.6885122702150549,0.0,0.0,0.0,0.6304347826086957,3.8501476017100584,-0.28223246766247717,1,1,0.03948881981460599,-0.03719978393294672,5.335408909717303
2019-06-17,0.016013834842103558,0.011823112639656878,0.021457627338463837,0.03948881981460599,-0.27869425885422977,-0.0010452624905258059,-0.00010251766904115746,0.004570732621987078,0.609375,4.174387269895637,0.0717070106318089,0,0,-0.025269467050096903,-3.9860817653935383,0.2402104711433053
2019-06-18,0.03932917972071613,-0.011463164571134082,0.0,-0.025269467050096903,0.07361959779900783,0.005883921663461859,0.0008196909506640802,-0.013114992108796132,0.38235294117647056,4.23410650459726,0.12041254021011412,0,1,0.01897200608775837,-1.3474655903763382,2.4199532325760753
2019-06-19,-0.02502672193960383,-0.0034720394357690768,0.0011166947000751544,0.01897200608775837,-0.47229973620635135,-0.001486326103211523,-0.005339883682238516,-0.05564527025984878,0.46774193548387094,4.143134726391533,0.0351736141943961,0,1,0.027875393047798448,-0.8712696910185185,3.550399991698585
2019-06-20,0.018738825984438646,0.03027647367898346,0.02373396508133674,0.027875393047798448,0.07224164815249251,0.03529136934367409,-0.005058132003963032,0.028887846269819783,0.38095238095238093,4.1588830833596715,0.07288771576436544,0,1,0.06535238050167885,0.009876449823575047,6.684046650103347
2019-06-21,0.02816109110682538,0.05921185963184603,0.03668685445621939,0.06535238050167885,0.3790819338022996,0.0023663033426528273,-0.004251974629625976,0.04312440186299271,0.5526315789473685,4.343805421853684,0.22455432043038542,0,1,0.05455229470657293,-2.371836916408804,9.389129442532667
2019-06-22,0.0652536160034431,0.09240320842597198,0.041535246839354986,0.05455229470657293,0.7243541882638034,0.0,0.0,0.0,0.6567164179104478,4.219507705176107,0.05028381644114064,1,1,0.01632255773409784,-1.6380222550403853,5.9970575632465115
2019-06-23,0.0545056931267708,0.02063157591371143,0.06189044132025717,0.01632255773409784,-0.5951852732119414,0.0,0.0,0.0,0.3090909090909091,4.02535169073515,-0.16705408464498442,1,1,0.013707115321817509,-2.650517242499053,2.154851923490597
2019-06-24,0.016358156206438858,-0.02209949866346147,0.006197607859510994,0.013707115321817509,-0.28728635814173337,0.012880517986897823,-0.0024973775524480095,-0.009132443793701085,0.373134328358209,4.219507705176107,0.02373358434701982,0,1,0.06683913707811309,-0.2770510122834653,6.930123729081379
2019-06-25,0.013718118429278576,0.061459833377725384,0.037441777623973424,0.06683913707811309,0.35185220554268143,0.00042413090583868053,0.0018736374649532968,0.06470236189651536,0.6276595744680851,4.553876891600541,0.30712002461932386,0,1,0.10227306836243236,-0.6778777720364808,16.704640590043084
2019-06-26,0.06687466685672404,0.16458430568773025,0.06283086948058293,0.10227306836243236,0.9340086788920302,-0.002335078951077535,0.0005197839868493386,-0.004309123483222575,0.5094339622641509,4.672828834461906,0.34025295947055295,0,0,-0.1446856433038797,-21.837595501991448,2.892285858812613
2019-06-27,0.10258726129087989,-0.035850478949872304,-0.10932410893711715,-0.1446856433038797,0.10904250499230242,-0.0022694698902970736,-0.0002078653116406806,-0.024353336219410073,0.25263157894736843,4.564348191467836,0.17185025693718553,0,1,0.09029408534500767,-3.111549565698165,9.667417051428938
2019-06-28,-0.1450353660109381,-0.07693433137771653,0.042574816059053194,0.09029408534500767,-0.5962380180774743,0.0009225555241278228,-0.0006240140394201017,-0.04790558552847331,0.19736842105263158,4.343805421853684,-0.05129329437439257,0,0,-0.04094588702949855,-7.757477890751993,0.3293596089381062
2019-06-29,0.09081247300173777,-0.003086489079900652,0.04383480209446924,-0.04094588702949855,-0.3188437222718169,0.0,0.0,0.0,0.26,3.9318256327243257,-0.4391761654304762,1,0,-0.09225850195043675,-10.040558405736755,2.299387153924947
2019-06-30,-0.04146427468622852,-0.02124561157962994,-0.06377669217934602,-0.09225850195043675,0.1935309141900931,0.0,0.0,0.0,0.3877551020408163,3.912023005428146,-0.44826764732251656,1,0,-0.021339762238580806,-7.896228681822048,3.8690464512379537
2019-07-01,-0.09225850195043675,-0.07656190897730668,-0.0708152047112898,-0.021339762238580806,0.07354497351199524,-0.017243639951311836,0.007358680747589784,-0.07003544129329606,0.26582278481012656,4.382026634673881,0.007259560025462342,0,1,0.02030275003104169,-8.829760266618061,2.9108404314419927
2019-07-02,-0.02134258579058098,-0.030921822436540396,-0.03067507808654083,0.02030275003104169,0.18603703910774458,0.013619306155092862,-0.0011364673551580555,-0.08378369984131953,0.1111111111111111,4.406719247264253,0.056225142669295756,0,1,0.09638823137993037,-0.01669442156552844,10.072471139184604
2019-07-03,0.02050199710783425,0.09191905710846801,0.10843340848156699,0.09638823137993037,-0.12367058526769192,0.009283258338381215,0.00041336730441638586,-0.028237218061863478,0.4675324675324675,4.356708826689592,0.061204567330801124,0,0,-0.06884302628932176,-7.701129365504642,0.5012541823544193
2019-07-04,0.09619180785513809,0.0006760618116284646,0.019543881940539232,-0.06884302628932176,-0.37542552136316715,0.0,0.0,0.0,0.38028169014084506,4.276666119016055,0.02857337245814055,0,0,-0.015820264478960993,-3.1834631514377856,2.316121712991662
2019-07-05,-0.06884302628932176,-0.050694350982949436,-0.023666364148653182,-0.015820264478960993,-0.04580500494152001,-0.014923529329707681,0.004947988295522141,0.054946125616645816,0.2698412698412698,4.1588830833596715,-0.06368781924138527,0,1,0.025714034006718397,-0.05671239673429725,6.136208827722004
2019-07-06,-0.014756179696366488,0.022380606668342514,0.015447243068073897,0.025714034006718397,-0.21059138574719086,0.0,0.0,0.0,0.38095238095238093,3.7612001156935624,-0.45198512371924787,1,1,0.013215722867160122,-1.4507078764897006,2.4701084631805967
2019-07-07,0.02464639571223263,-0.010946969638695573,0.011774079209164425,0.013215722867160122,-0.2803860123540825,0.0,0.0,0.0,0.30303030303030304,3.5263605246161616,-0.6579012414679676,1,1,0.0704343173873746,-1.646267397550157,7.852578822683961
2019-07-08,0.013548866182983859,0.06704042646219391,0.01126012765655551,0.0704343173873746,0.2941413294259352,0.00021480390487373257,0.0013358400512129308,0.049936976126120906,0.475,4.394449154672439,0.22537818912812627,0,1,0.024600536605696152,-1.4037570160611728,4.443847593870961
2019-07-09,0.0701047275834421,0.036347005099244364,0.07285942120226449,0.024600536605696152,0.4076165148374656,0.0003578457722924877,0.0011289641791076164,0.009269236673287863,0.5416666666666666,4.574710978503383,0.3746934494518273,0,0,-0.03529847906198966,-8.086632101637079,4.700425267124254
2019-07-10,0.02500704197238249,0.027166313338229223,-0.04222821425006286,-0.03529847906198966,0.3312414720748332,0.008975680500219938,-0.004008427146107041,-0.07821096609673715,0.45,4.394449154672439,0.18589937815433863,0,0,-0.06530583308211108,-9.600167620276242,0.027745550361497694
2019-07-11,-0.03572645740906026,-0.0820252762296171,-0.05043383424838132,-0.06530583308211108,-0.22189000061961703,-0.0041216137849031005,-0.0005150185225387046,-0.007704154257454149,-0.02247191011235955,4.499809670330265,0.2545298651461165,0,1,0.03587640404803792,-2.4081403203050784,4.668598489313518
2019-07-12,-0.06528524171165216,-0.0188973036925908,0.006614439917600582,0.03587640404803792,-0.4406299249487112,0.0039798044429101,-0.0024760715467842006,-0.04266049303519823,0.1276595744680851,4.553876891600541,0.24698166588079046,0,0,-0.03474241578184946,-8.214745895416074,0.36303165878683524
2019-07-13,0.03587728565796355,-0.007179264257228787,-0.022189651703072022,-0.03474241578184946,-0.037560923716962895,0.0,0.0,0.0,0.32608695652173914,3.8501476017100584,-0.4754236966933356,1,0,-0.10987196578466428,-11.68926947396153,0.8439283050658157
2019-07-14,-0.0347406545626631,-0.02993344931905982,-0.06948765156730402,-0.10987196578466428,0.29030722205501663,0.0,0.0,0.0,-0.20454545454545456,3.8066624897703196,-0.5408886488619976,1,1,0.06327176945801062,-3.136696978600215,8.709196991774224
2019-07-15,-0.10987372700385072,-0.0312192789175802,-0.024346240831051122,0.06327176945801062,0.12194377447345023,0.0010633396770111903,0.0012388021394845383,0.023136249725853965,-0.24285714285714285,4.2626798770413155,-0.057498492046930506,0,0,-0.13821236084774272,-14.774749503981651,1.7312585302993484
2019-07-16,0.06281589218630199,-0.006507615156738189,-0.05310875579580377,-0.13821236084774272,0.17119794741207547,-0.001560004046945811,0.0048371546616665035,0.014095719035954694,0.0125,4.394449154672439,0.10734661364195565,0,1,0.02390064107545857,-4.104342695592611,5.336327439513313
2019-07-17,-0.13875490653239664,-0.10216167175560303,-0.03150829276385235,0.02390064107545857,-0.13499413624445988,0.008549847281970965,-0.0018497621411972275,0.08279050027079138,-0.09302325581395349,4.465908118654584,0.16780942876992627,0,1,0.09459980018040591,-4.397344371708002,10.962121719121082
2019-07-18,0.024996288078507435,0.08015858387153633,0.020970624314304718,0.09459980018040591,-0.056414833421111,0.0033714485237431127,-0.004432771553498426,-0.03200276993667353,0.2073170731707317,4.418840607796598,0.1340292766400324,0,0,-0.011629243117208204,-4.871752275246327,1.3324575890993329
2019-07-19,0.09464183224286542,-0.0016968411198117004,0.08985572114502251,-0.011629243117208204,-0.3504908063407812,-0.0007014590755676152,0.003712498909969709,0.06578497891215394,0.2804878048780488,4.418840607796598,0.15822400522708926,0,1,0.022212758971963197,-1.4797225438092374,5.236375982963154
2019-07-20,-0.011626662478309149,0.027409940821430175,0.02229105419716271,0.022212758971963197,-0.1778864669957087,0.0,0.0,0.0,0.3111111111111111,3.828641396489095,-0.4397898506270169,1,0,-0.014138281645307917,-4.301833662616998,0.7205665432239056
2019-07-21,0.022074646532011705,-0.022945335425429297,-0.006008352216114507,-0.014138281645307917,-0.19788091752046566,0.0,0.0,0.0,0.2916666666666667,3.8918202981106265,-0.3833980140586526,1,0,-0.023808373187613342,-4.7322798628911995,0.8810447441836656
2019-07-22,-0.014075904610575852,-0.01253349963571029,-0.018442743648049792,-0.023808373187613342,0.04120685632216861,0.00014038257143025957,0.0011316354098901474,-0.06578497891215396,0.4084507042253521,4.276666119016055,0.006054508922790909,0,0,-0.0470658330182464,-5.142508167145945,0.03538919448196901
2019-07-23,-0.023606626753400306,-0.032264928684630274,-0.02791065623016094,-0.0470658330182464,0.16283419754639786,-0.003655077659947234,0.0046160716466476775,-0.07041929969604431,0.1951219512195122,4.418840607796598,0.14605346960683405,0,0,-0.010355606728880685,-3.5064095257501275,0.7281147978960286
2019-07-24,-0.047346858904013585,-0.04013857698410574,-0.030704846604288166,-0.010355606728880685,-0.09114981039197545,0.001899520933457056,0.00020471011339450422,-0.0437671129249845,-0.05128205128205128,4.3694478524670215,0.11230356990457849,0,1,0.011870944237088597,-0.4439704654047387,4.130532178727328
2019-07-25,-0.010330137744283633,0.02366856707943235,0.020268783874573135,0.011870944237088597,-0.13794698616801399,-0.006274934527660716,0.0009204432916388993,0.05402362235279604,0.2054794520547945,4.30406509320417,0.06466899280648783,0,0,-0.0056709823736872155,-2.4889496909323414,0.10227696094106116
2019-07-26,0.012089399004642705,-0.028411607940774297,-0.008578848018187465,-0.0056709823736872155,-0.3322277713412326,0.003248114383933726,0.0019404840856920907,-0.04659476818873525,0.08064516129032258,4.143134726391533,-0.0560056759440113,0,0,-0.03601121113896745,-5.1271864821177,3.6446965710738723
2019-07-27,-0.005901728017109758,0.02975321372764096,-0.032053350285540655,-0.03601121113896745,0.4778369893273311,0.0,0.0,0.0,0.09302325581395349,3.784189633918261,-0.4175731261220734,1,1,0.006837737743189617,-3.3425278974150867,1.2423926983816733
2019-07-28,-0.03575798567832665,-0.06003424986588938,-0.018164625291941298,0.006837737743189617,-0.398827573832499,0.0,0.0,0.0,-0.1,3.4339872044851463,-0.7373918823243694,1,0,-0.0035592120802121494,-1.547726514358012,1.9456217984281912
2019-07-29,0.0065845122825488505,0.013870028743654525,0.024785751573760402,-0.0035592120802121494,-0.012977461053615066,0.0007751493255889368,0.000306031921081658,0.053634308691343335,0.11475409836065574,4.127134385045092,-0.0046729056829989965,0,1,0.006977339206647077,-1.1173253326857833,2.150128195652976
2019-07-30,-0.00340881803174679,-0.0015141481079643001,0.0007447997365101338,0.006977339206647077,0.11430649826088816,0.00708947330791591,0.00010201576864458074,0.0829762025497312,0.15942028985507245,4.248495242049359,0.1493313934058022,0,1,0.05153281549061189,-0.20084474432073487,5.443222530759263
2019-07-31,0.006909455089447711,0.03990828255770978,0.016142145090297547,0.05153281549061189,0.1943308146896945,-0.0025211692591502522,0.0047819554118503005,0.14529841390935702,0.4647887323943662,4.276666119016055,0.19487487006791143,0,1,0.028792261634820068,-2.176882078809622,3.770376985993766
2019-08-01,0.05145030555934584,0.03480436004295706,0.031772442145723154,0.028792261634820068,0.054474348330757934,-0.003652937797119556,-0.001320372504427066,0.10306258699448623,0.45588235294117646,4.23410650459726,0.16400297628497582,0,1,0.01423650540886091,-0.9066527898762999,2.8037963052786283
2019-08-02,0.02879322549070638,0.019126454827668688,0.04149455452415348,0.01423650540886091,0.029814195836203847,0.0172339525633451,-0.0029518156572877624,-0.014656418967104897,0.5,4.110873864173311,0.04380262267505953,0,1,0.02747142030429288,-0.24565127986092938,3.5565700518883143
2019-08-03,0.014235541552974794,0.021764242874957797,0.020846520509014494,0.02747142030429288,-0.24044845918262253,0.0,0.0,0.0,0.39285714285714285,3.367295829986474,-0.6803100337635504,1,1,0.010334823425408195,-2.4790612559016085,2.0419012874919775
2019-08-04,0.02747142030429288,0.01232473266032952,0.005137320543886114,0.010334823425408195,0.16646690624058083,0.0,0.0,0.0,0.5,3.5553480614894135,-0.4964368862844793,1,1,0.07909638442126078,-0.01308503490218554,8.824552979867748
2019-08-05,0.010404359300915942,0.07816134034916608,0.03499458563540249,0.07909638442126078,0.489752379878488,0.013057707568042691,-0.006134973013194671,0.333872905265896,0.5555555555555556,4.1588830833596715,0.11523526359345761,0,0,-0.02978364322042723,-5.224236599794978,4.155485184464756
2019-08-06,0.07912829071534995,0.03240570646723068,0.026984868772332724,-0.02978364322042723,0.16322328755328155,0.0053115881284716455,0.0013324171012161071,-0.19814350668471745,0.43037974683544306,4.382026634673881,0.31642143958831015,0,1,0.04207005591277644,-0.8646634404472192,5.584856400504198
2019-08-07,-0.029885085390024168,-0.015489931060032885,0.013812088373050464,0.04207005591277644,-0.10335572186755752,0.023426264124913006,-0.0009222354369376999,-0.03429485397274899,0.21621621621621623,4.31748811353631,0.24362208267126398,0,1,0.002063834424603167,-3.8652191457131098,0.7070542785991671
2019-08-08,0.04207089098340466,-0.0067079653062737336,0.012064498860117462,0.002063834424603167,-0.3007349925202095,-0.006389437814637304,0.000819858926365172,-0.141996347888958,0.1,4.110873864173311,0.053802706009642855,0,0,-0.010032010754347969,-2.529864113394035,0.38186064962272814
2019-08-09,0.001596214815738843,-0.0011881018651613898,0.015417384747794005,-0.010032010754347969,-0.26142653275334554,-0.000734713063036057,-0.0013326318655687455,0.06079850869785085,0.18055555555555555,4.290459441148391,0.20641910838690405,0,0,-0.049229191873894615,-5.271114413161793,0.8800395703044793
2019-08-10,-0.009566067968016501,-0.005050221547530309,-0.03744451375202548,-0.049229191873894615,0.07817591214695505,0.0,0.0,0.0,0.05,3.713572066704308,-0.41021571084176234,1,1,0.021056559252423654,-1.7590775698298973,2.5378817802910816
2019-08-11,-0.049234539731845633,-0.03265076977402868,-0.014108823440575678,0.021056559252423654,-0.46524020309222025,0.0,0.0,0.0,0.32142857142857145,3.367295829986474,-0.7525706009950318,1,0,-0.013413402943790082,-2.762045190915002,0.24144052725120368
2019-08-12,0.020119444498737787,-0.0019078532779751858,0.011026883041572537,-0.013413402943790082,-0.4212984492490231,0.005796393970688471,-0.0011289641791076938,0.16009533914095592,0.09375,4.174387269895637,0.0717070106318089,0,0,-0.0451756784737919,-5.479331919606125,0.52581399831646
2019-08-13,-0.01227092711533327,-0.010569668233137455,-0.04058627023070126,-0.0451756784737919,0.6375034131332515,-0.0020615785564280236,0.004405973791930886,-0.18545589008945726,0.21428571428571427,4.2626798770413155,0.18313821671479633,0,0,-0.08048430839645633,-9.272463777051168,0.04378117011547231
2019-08-14,-0.045315178781844684,-0.0499960067558018,-0.08310699704824233,-0.08048430839645633,0.4937213751298264,0.009078670323797037,0.0018386145055324882,0.23223451414847213,0.0375,4.394449154672439,0.3020708099163806,0,1,0.023944951381933473,-1.3964198323222075,3.994900888898344
2019-08-15,-0.08006749372174664,-0.040973111208627754,-0.0017238689491667683,0.023944951381933473,-0.35515030599093,0.0024377881760616533,0.0015296135953325337,-0.042520271202843185,-0.1282051282051282,4.3694478524670215,0.2341933875136152,0,1,0.0036469512389489824,-5.428711611997117,2.3246410687609234
2019-08-16,0.02374431824288839,0.007242353180559451,-0.016377966414815592,0.0036469512389489824,0.30441529783429977,-0.004683215342362713,0.0,-0.1369095975470489,0.24050632911392406,4.382026634673881,0.23085858845982177,0,0,-0.01124427592696326,-3.2616259374630268,1.284838136622483
2019-08-17,0.0033333493472568537,-0.006751078082435429,0.025317807984289786,-0.01124427592696326,-0.5792658996401199,0.0,0.0,0.0,0.375,3.4965075614664802,-0.6544620382174581,1,1,0.008844854667958873,-1.3403813798490039,2.741818072176496
2019-08-18,-0.011203590167772903,0.0033255234285769616,0.007968169649176881,0.008844854667958873,-0.1857102238613643,0.0,0.0,0.0,0.07142857142857142,3.367295829986474,-0.7879934308375163,1,1,0.05738553087049292,-0.4685552919217492,5.870937107877556
2019-08-19,0.008782732013737603,0.04013604502496941,0.017563115547231552,0.05738553087049292,0.4358669315231846,-0.008032155425561887,0.002137504877720227,-0.09001831758469704,0.36507936507936506,4.1588830833596715,0.0252596667751109,0,0,-0.014304510600248031,-3.3114183702048945,0.31483413076367295
2019-08-20,0.057370508079469015,0.0018245010993538419,0.0289569000876613,-0.014304510600248031,-0.14243873374101018,0.0027953104204053326,-0.001628127274983793,0.036071441479277,0.36764705882352944,4.23410650459726,0.1062946586643291,0,0,-0.059141533653800774,-8.759964309673025,0.4045517058587539
2019-08-21,-0.014230301715028301,-0.013407334849297237,-0.06878996999492944,-0.059141533653800774,0.3826537545882735,0.0,0.0011196561531680847,-0.10219092882472047,-0.20253164556962025,4.382026634673881,0.25857398830636846,0,0,-0.004217875137602572,-3.824412026115979,0.9755495314243086
2019-08-22,-0.059314088636409,-0.05343155539814527,-0.009786010818230243,-0.004217875137602572,-0.3295744137245312,-0.0048635471453845345,-0.0013234071459155101,0.05420046312176289,0.14864864864864866,4.31748811353631,0.20260306322671867,0,1,0.02827695070883776,-0.796140523525021,3.359985242001621
2019-08-23,-0.004043339935407808,0.0196264819681705,0.026064839888307035,0.02827695070883776,-0.2120984481727654,0.019379505617472023,-0.005413411778834652,0.17500068357341925,0.08695652173913043,4.248495242049359,0.15656906070603283,0,0,-0.024869849638528244,-4.9276347662729965,0.2870879290573176
2019-08-24,0.02814117326115683,-0.0024520224206051756,-0.013037991718641987,-0.024869849638528244,0.005145322196220036,0.0,0.0,0.0,0.09090909090909091,3.5263605246161616,-0.5834482632732179,1,1,0.0008226053181620605,-2.2692093834420066,1.9412013573395337
2019-08-25,-0.024710397418760497,-0.00832871535570608,0.0017144041897817176,0.0008226053181620605,-0.05266936739797664,0.0,0.0,0.0,0.40625,3.4965075614664802,-0.6238353806384667,1,1,0.022380721764139175,-0.04694136655985205,4.447803944979444
2019-08-26,0.0007969503264885398,0.02588863119456125,0.023045285486983466,0.022380721764139175,0.46171090930321423,-0.00019648645968019812,0.004496251583173346,-0.0280702858114059,0.27631578947368424,4.343805421853684,0.2105353992510546,0,0,-0.01821301189423777,-3.1453879323172727,0.18137750700116756
2019-08-27,0.022510868275552938,-0.020283542615643597,-0.008603743893435028,-0.01821301189423777,-0.3837147367667565,0.009585018407868445,-0.0008160121863205727,0.04997253630846539,-0.02,3.9318256327243257,-0.1655144384575735,0,0,-0.046632465007954045,-5.905265757377059,1.1125844296778793
2019-08-28,-0.018280323182167997,-0.008900942667470773,-0.045811790144835725,-0.046632465007954045,0.39381156561346226,-0.002078700970101249,0.0021405551769712607,-0.048420910107000954,0.0847457627118644,4.0943445622221,0.049637981108720516,0,0,-0.023160919242777127,-4.212586514143216,0.030856261494491978
2019-08-29,-0.0466953002314375,-0.057449746689787785,-0.029705672575615485,-0.023160919242777127,-0.1698451747427165,-0.007375322175081968,0.0030500537054619433,-0.07900971638161233,-0.13793103448275862,4.07753744390572,0.07410797217096317,0,1,0.009023809096191356,-1.5707381989574358,2.058585473080383
2019-08-30,-0.02310091118904669,-0.0028836271269183098,0.003257563909080684,0.009023809096191356,-0.2807716614057274,-0.004859495032714913,0.004153336589750415,0.059703046255193064,0.17647058823529413,3.9512437185814275,-0.005586606689031963,0,1,0.00030565392181722907,-1.723668043901117,1.0376318185108064
2019-08-31,0.008778068048756213,-0.0011857274495042664,0.007494510646754548,0.00030565392181722907,-0.4488333487346958,0.0,0.0,0.0,0.16666666666666666,3.4339872044851463,-0.5278232001012284,1,1,0.014240795332961893,-0.7062188810889493,2.498189654491174
2019-09-01,0.0006238427033815548,0.014911232281620768,0.01048014554993895,0.014240795332961893,0.1318919665335286,0.0,0.0,0.0,0.5142857142857142,3.58351893845611,-0.38206417791498054,1,1,0.06132203613315776,-0.12841172533595246,7.190414546369467
2019-09-02,0.013965398444304777,0.06116304425174486,0.020018866890491923,0.06132203613315776,0.8281332888536371,0.0,0.0,0.0,0.06153846153846154,4.189654742026425,0.2680949391918608,0,1,0.026274603494359547,-0.6598122132677682,4.102313483177246
2019-09-03,0.06146497723395495,0.030441025501235553,0.05600803125383951,0.026274603494359547,0.07029369201016401,0.017488242652852915,0.00030321706440593907,0.03520033789411415,0.5571428571428572,4.2626798770413155,0.28632245295002723,0,0,-0.0045566424327666815,-2.338805791116411,1.7159064675980056
2019-09-04,0.025951432153735302,0.0024105333385673177,0.009484667715873111,-0.0045566424327666815,-0.08825362258689669,0.0028422112731653843,-0.005065867120075074,-0.12614700763258888,0.373134328358209,4.219507705176107,0.2210136250713103,0,0,-0.00023945283721694762,-1.1135851731055988,3.102495909322203
2019-09-05,-0.004337573976170364,0.009309251984475233,0.007695563747341503,-0.00023945283721694762,-0.25740750987370686,-0.0227690454603242,-0.0004063119634159695,-0.06311614995870446,0.4067796610169492,4.0943445622221,0.09120240552997105,0,0,-0.025477790642132393,-4.002467181686265,3.180279908415415
2019-09-06,-0.00026409138283233977,0.0005383871537152234,-0.029128272923023713,-0.025477790642132393,0.5486296879335052,-0.006089556358749777,-0.0002032954493865235,-0.08127274826417982,0.3620689655172414,4.07753744390572,0.055710607031247264,0,1,0.015143912929420363,-0.09870163474397585,2.4863279738897837
2019-09-07,-0.025350991201396646,-0.03241730998738864,0.013559864827290552,0.015143912929420363,-0.7549485475860438,0.0,0.0,0.0,0.07692307692307693,3.295836866004329,-0.7361645656051745,1,0,-0.007169948161160914,-2.3992772989512927,1.2981703926630213
2019-09-08,0.01514776771580373,0.0032623371171526592,-0.007861843712652727,-0.007169948161160914,-0.1417722407631142,0.0,0.0,0.0,0.37037037037037035,3.332204510175204,-0.6771468391764672,1,0,-0.007547789442602249,-3.0582813094463135,0.9474127462110021
2019-09-09,-0.007166081285554395,-0.010677524625681164,-0.013759988266111007,-0.007547789442602249,0.5073492278135663,-0.002659222501661612,-0.0011186314419722764,0.017839948106305046,0.3815789473684211,4.343805421853684,0.32860850017415627,0,0,-0.02009452323516673,-3.4572748724257405,0.7914732412129094
2019-09-10,-0.007605981797624545,-0.009107184492583055,-0.011537725072396525,-0.02009452323516673,-0.32038944026103805,-0.007953193028797172,0.0005086521812793872,-0.004594733904630838,0.18292682926829268,4.418840607796598,0.3737436314306397,0,1,0.005941819808336756,-2.183972699324066,1.9111813791405239
2019-09-11,-0.020038149439480436,-0.008897441855890625,-0.007361501504150079,0.005941819808336756,0.09991713031060595,0.0027473300929079327,0.0032490605226349663,-0.03958921304043829,0.22727272727272727,4.204692619390966,0.15921398179895657,0,1,0.02495397630474524,-1.1716944297770695,2.8194037767061797
2019-09-12,0.005979203218513862,0.015024043783993225,0.016064602503806622,0.02495397630474524,0.07699095155915833,0.00287322825901904,-0.0034525213911460353,-0.027056759109954115,0.4084507042253521,4.276666119016055,0.20223686650898065,0,0,-0.0070289593231316495,-2.547880654701336,0.23007575600623528
2019-09-13,0.024912631780821502,-0.0009393039022542543,0.011192114055502524,-0.0070289593231316495,-0.13078418017726223,-0.005218052260891263,-0.0005086780639868212,-0.03433817301735544,0.5857142857142857,4.2626798770413155,0.1589239585942017,0,0,-0.0006809472393616028,-1.1644532407467605,0.7507001088894786
2019-09-14,-0.006828825803434809,-0.0018227157942993023,0.006805314816414133,-0.0006809472393616028,-0.2483399163828507,0.0,0.0,0.0,0.48717948717948717,3.6888794541139363,-0.45663629489314705,1,0,-0.0031991064753794244,-0.8050688617361962,0.2414108527731363
2019-09-15,-0.0010949396894274778,-0.005773839800525102,0.0029128965507440115,-0.0031991064753794244,-0.2691430285065993,0.0,0.0,0.0,0.30303030303030304,3.5263605246161616,-0.6375154845434937,1,0,-0.004933519532107947,-2.198419156981984,0.513047301932133
2019-09-16,-0.0028561548577378673,-0.0004827419837894886,-0.01713260942783732,-0.004933519532107947,0.4732934889093645,0.008149645086967567,0.003961199455132842,0.06549332721943166,0.39705882352941174,4.23410650459726,0.10396093531810902,0,0,-0.006212613179508927,-1.2100649533015955,0.23082580861799581
2019-09-17,-0.005221628930615902,-0.0077557344652492205,0.004950022504696013,-0.006212613179508927,-0.23454695189383773,0.0013296990407197322,-0.003961199455132848,-0.015802492950216622,0.3380281690140845,4.276666119016055,0.17310859358595693,0,0,-0.0030307507024099067,-0.8657465269395654,0.6866949546363662
2019-09-18,-0.0060869702100130796,-0.0016539217193253914,-0.002769428915888551,-0.0030307507024099067,0.0566646560982987,0.0015933246639142726,0.0034541976520513214,-0.03452260981072709,0.3698630136986301,4.30406509320417,0.18428042129298627,0,1,0.0085583387765777,-5.0893390547721395,1.6406000432896954
2019-09-19,-0.0030544821227957188,0.006508300184123419,-0.04526667598073574,0.0085583387765777,0.6143677342435653,-0.006054761178040599,-0.0033524879191186474,0.007142914760565355,0.20652173913043478,4.532599493153256,0.3673797740951592,0,0,-0.0074169198099936174,-1.8015151089758783,0.35770543698044704
2019-09-20,0.008557849221001047,-0.004270607286514946,0.04143657823454023,-0.0074169198099936174,-0.580385414273851,0.005922114787613536,0.002439329338979523,0.08653673503716518,0.42857142857142855,4.2626798770413155,0.09408643909889394,0,0,-0.01808039138843281,-2.6768800240239226,0.07972361592829903
2019-09-21,-0.00742521643748758,-0.01019673802051498,-0.01617056896047408,-0.01808039138843281,-0.19983176252257667,0.0,0.0,0.0,0.25925925925925924,3.332204510175204,-0.8312975190037254,1,1,0.004244767620694032,-1.3348746324168448,1.0222555433891658
2019-09-22,-0.018138676746845744,-0.008655072113824271,-0.004660337472362106,0.004244767620694032,0.07070227783019882,0.0,0.0,0.0,0.25,3.713572066704308,-0.4542552722525965,1,0,-0.03311011623909535,-4.206347457546207,0.21037058666694147
2019-09-23,0.004287177033965139,-0.0038740819465281425,-0.02446996063059951,-0.03311011623909535,0.3704927545420804,0.010821552218634716,0.0009131585801393265,-0.027127025849637575,0.2222222222222222,4.406719247264253,0.22226210569874966,0,0,-0.13309903854851077,-21.823408367840326,0.9513213092988119
2019-09-24,-0.03303350240582558,-0.025700609012776633,-0.2092807253420366,-0.13309903854851077,1.0796004319884969,0.005497771957127581,-0.002640421388617224,0.1341180404396254,-0.1044776119402985,4.219507705176107,0.04135518569683924,0,0,-0.007456075631162052,-3.3219124101722945,2.750659102607235
2019-09-25,-0.13257477726250483,-0.1151056606154266,0.0519159210281696,-0.007456075631162052,-0.43604809576977144,-0.01811226148683577,0.007092993435774775,-0.06606456457051894,0.012048192771084338,4.430816798843313,0.23352426738081886,0,0,-0.04442647456866036,-8.410985982902092,0.42542577083880667
2019-09-26,-0.007975183460100278,-0.03070840894884627,-0.05834681135846007,-0.04442647456866036,0.11116550728943246,0.0019255837015005862,0.0017149882533332049,0.006868566347193799,0.11842105263157894,4.343805421853684,0.18081892692257756,0,1,0.014060388120547544,-2.6588848980726243,2.4653502647371424
2019-09-27,-0.04445623791287192,-0.024027229629677106,0.013094536279634318,0.014060388120547544,-0.4369650474841664,-0.0055877378688848015,-0.0010084558566931963,0.069117298365682,0.19736842105263158,4.343805421853684,0.1673959065904367,0,1,0.002552405041615032,-2.1858834347515868,1.6624495898727345
2019-09-28,0.014036346539394158,0.006031381371903455,0.01879040275375781,0.002552405041615032,-0.24133132016762024,0.0,0.0,0.0,0.22916666666666666,3.8918202981106265,-0.3377469340323804,1,0,-0.019084927054642216,-3.8392886929995775,0.36912764993230324
2019-09-29,0.002675729834749108,-0.010380814357789342,-0.013981647540864853,-0.019084927054642216,-0.08880386562013105,0.0,0.0,0.0,0.09375,3.4965075614664802,-0.7260810021999443,1,1,0.0300662572519427,-4.238590715789826,3.5830530487095884
2019-09-30,-0.019251420477301922,0.013054326933130547,-0.023077947282544725,0.0300662572519427,0.571556690136791,-0.022532001013061617,0.002720507960061469,-0.05859413848487701,-0.02531645569620253,4.382026634673881,0.18195995853834446,0,1,0.0003739043740921602,-1.412819576516234,2.509581151119166
2019-10-01,0.03023922914455669,0.01933153827603859,0.0583239686446786,0.0003739043740921602,-0.25065521481163183,0.011059616136638108,-0.0025187661990677145,0.13353137794357536,0.09375,4.174387269895637,-0.022075951683574804,0,1,0.008106993678191309,-1.717664705778293,0.9776663628078411
2019-10-02,0.00032564175835218145,-0.0149452435090211,-0.002674546918528476,0.008106993678191309,-0.5048775533228934,0.012739025777429712,-0.0009082741576336038,0.10233871602800096,0.1,4.110873864173311,-0.03509131979460356,0,0,-0.016399405149611242,-3.653769351882557,0.3946775063327971
2019-10-03,0.00808643501545525,0.0022771051134407297,-0.011254052782851366,-0.016399405149611242,0.1499284606462734,0.004055705592803874,-0.0018191041275906017,-0.07261246309518456,0.21818181818181817,4.02535169073515,-0.07262263951934851,0,0,-0.010614306896772275,-2.6985498439073217,0.10269580402780458
2019-10-04,-0.016349433758447905,-0.01931922217266119,-0.006847210069858951,-0.010614306896772275,-0.14109133901456758,-0.0005973679771035407,-0.0005059245539287692,-0.11517137638691566,0.0,4.060443010546419,0.010075652006285364,0,0,-0.0013453589611603217,-1.5374811142251203,0.5671396172993474
2019-10-05,-0.010676371097369953,-0.005969868764056948,0.000996380400049804,-0.0013453589611603217,-0.1894168225339636,0.0,0.0,0.0,-0.046511627906976744,3.784189633918261,-0.25903647435156063,1,0,-0.03403739246640971,-4.289337374385702,0.3400482144737098
2019-10-06,-0.0011730971105470738,-0.003616272989416476,-0.02886392156276611,-0.03403739246640971,0.4592164865851029,0.0,0.0,0.0,0.10256410256410256,3.6888794541139363,-0.37446448547658967,1,1,0.04187010025217943,-1.1814753616694393,5.519108963847523
2019-10-07,-0.03407106191771997,0.017753215027328437,-0.0029587723392470572,0.04187010025217943,0.40907138766934836,-0.005659324852886079,0.0018200238526677333,0.04700003449327339,0.1388888888888889,4.290459441148391,0.25642952896156546,0,0,-0.0026530597865280273,-1.245067942624956,1.6338149050919175
2019-10-08,0.041825551740691885,0.0030171596646231987,0.041234174442624213,-0.0026530597865280273,-0.38692398054126736,-0.00033390097896368473,0.001514173084516282,0.12707160295866954,0.46875,4.174387269895637,0.138646493306918,0,1,0.04691480798625655,-0.6557626062505808,5.9596963763390205
2019-10-09,-0.0024484155295495242,0.04060575492594298,0.003239993577215666,0.04691480798625655,0.43983844096855174,0.005926847590369729,-0.00020172140541451048,-0.0843254360679794,0.5974025974025974,4.356708826689592,0.2809023854793891,0,0,-0.00031661153489856035,-1.7227849997664506,0.9678803629322645
2019-10-10,0.04678572741682435,-0.0030033521478109518,0.03624458405109784,-0.00031661153489856035,-0.3409441671293619,-0.007531060731030875,-0.004145015875675473,-0.059116891683396046,0.3614457831325301,4.430816798843313,0.28940472577527526,0,0,-0.035627050501410414,-4.122725164859009,2.555057395320962
2019-10-11,-0.0005058420186867642,0.015555158788988312,-0.02431601318582407,-0.035627050501410414,0.2530035325697145,-0.008127734184569402,-0.004162190956407347,-0.12020484928417947,0.2459016393442623,4.127134385045092,-0.027715399830153413,0,1,0.005023385138249371,-0.1029772632418372,1.6988732870259993
2019-10-12,-0.035669112111039285,-0.04418889158435992,0.004570428514761472,0.005023385138249371,-0.8595439781626175,0.0,0.0,0.0,0.13636363636363635,3.8066624897703196,-0.35667494391600507,1,0,-0.003026228395646318,-1.7022189141241637,1.8062200287663275
2019-10-13,0.005317667859120836,0.006096852555652596,-0.010969031370573933,-0.003026228395646318,0.26594837290269513,0.0,0.0,0.0,0.475,3.713572066704308,-0.4542552722525965,1,1,0.008805817040570997,-0.8740188700998106,1.366331342481413
2019-10-14,-0.0032261167061917472,-0.007425115258495468,0.005255772044597292,0.008805817040570997,0.06836574290376285,0.006051659334595071,0.0015247158886169776,-0.06702343628406271,0.19696969696969696,4.204692619390966,0.06021886000820624,0,0,-0.022888791375660317,-3.1417215691781584,0.6542838183899197
2019-10-15,0.00861749637113333,0.001685341799656074,-0.013871209950212477,-0.022888791375660317,0.09474075520250709,-0.00949724306442893,-0.001626472193996119,-0.07331633459484893,0.49333333333333335,4.330733340286331,0.1630793105848931,0,0,-0.020748647101995987,-3.0144809197224762,0.2676794465100602
2019-10-16,-0.022727039252223104,-0.026754835094458976,-0.021616384881103623,-0.020748647101995987,0.058100432451749943,0.007013803030788963,-0.002852765815955773,0.010286669835800254,0.17333333333333334,4.330733340286331,0.1675737001727324,0,1,0.00981684254235939,-0.7877800422155425,1.6527373728955894
2019-10-17,-0.02033953313633964,-0.006898067838140904,0.0015183616730734717,0.00981684254235939,-0.1580108735088,0.0028856502644308848,-0.00408958263729932,0.008008754536357411,0.2112676056338028,4.276666119016055,0.140164437866603,0,0,-0.015429593533155048,-3.2051156660404914,0.5488850139669684
2019-10-18,0.009422610739045142,-0.0012216810469268128,-0.014356513695890112,-0.015429593533155048,0.055619271570506036,-0.0027512835044978985,-0.003386547770324567,0.032813217675726924,0.015625,4.174387269895637,0.029447201341926115,0,1,0.0001258255732071609,-1.0129131058962675,1.883370896807563
2019-10-19,-0.015460801424336737,-0.0020847347047490126,0.006492432068287316,0.0001258255732071609,-0.16335660274771904,0.0,0.0,0.0,0.15,3.713572066704308,-0.43131848690949814,1,1,0.03405608575730634,-0.9863520437625123,4.297242081521134
2019-10-20,0.0003749191703097761,0.024264537420342718,0.0003914361945447512,0.03405608575730634,0.2527911700398858,0.0,0.0,0.0,0.3939393939393939,3.5263605246161616,-0.6073157446798612,1,0,-0.0031764966157445487,-0.9938133951865615,1.3245866775826387
2019-10-21,0.033822092292959224,0.004329531717921447,0.033981472243065886,-0.0031764966157445487,-0.11870768147409969,-0.0039048907125390424,0.0005138795817413188,-0.017699577099400975,0.4925373134328358,4.219507705176107,0.09851359953678791,0,0,-0.021862750130075582,-2.435963032866279,1.2212144791786252
2019-10-22,-0.0031752766981499587,-0.004210218599784767,-0.01759799299254177,-0.021862750130075582,0.1293078711879479,-0.0004723681798664878,0.0020527252164908526,0.03232888975346327,0.22666666666666666,4.330733340286331,0.2113090936805403,0,0,-0.07149600170507005,-9.406407372407765,0.3434245847257507
2019-10-23,-0.02185648877889677,-0.030640649074604325,-0.0915671935254905,-0.07149600170507005,0.6119290660578698,0.005518975719105269,-0.0006153595947385376,-0.03161484268277305,0.0375,4.394449154672439,0.2641515750540868,0,0,-0.0072867975758336145,-1.7377457010338375,0.49511466980515184
2019-10-24,-0.07125574425791165,-0.06997910085427599,0.005190615008669447,-0.0072867975758336145,-0.6694647291741281,0.006022502044866212,0.0016401442320133689,-0.021645880329306155,0.1267605633802817,4.276666119016055,0.14480481742310516,0,1,0.1549838768309872,-0.6959829520950648,17.148245606590415
2019-10-25,-0.0075345362917653555,0.15924451179201898,0.0031308299135541407,0.1549838768309872,1.020274002111877,0.00040019716452753957,0.002046502081018899,-0.08046831133882362,0.3048780487804878,4.418840607796598,0.24783616391677643,0,1,0.06431954908625395,-2.1564127544230733,18.077752281292923
2019-10-26,0.15508323619424455,0.16427894357801234,0.14037957880770713,0.06431954908625395,0.5831341557315709,0.0,0.0,0.0,0.6829268292682927,3.7376696182833684,-0.447540671958243,1,1,0.031978323898770325,-1.7008398281329944,5.941096102156781
2019-10-27,0.06422018972299672,-0.057047012705107425,0.06887527834915483,0.031978323898770325,-0.5497006157475026,0.0,0.0,0.0,0.5151515151515151,3.5263605246161616,-0.6646051771901578,1,0,-0.03467534871867234,-3.9591193727492224,3.8309483444610946
2019-10-28,0.031799922625561416,0.010876846321813523,0.009395528452608074,-0.03467534871867234,-0.15732039506630918,-0.006355599249558961,-0.0007157799109666092,0.03571808656993594,0.5068493150684932,4.30406509320417,0.11607217126645263,0,1,0.02175797548920506,-1.4569276709462557,3.6779130797780004
2019-10-29,-0.03457190837618722,-0.03620570136550326,-0.00965343170064262,0.02175797548920506,-0.2228459845228953,-0.0020154524793497153,-0.0007162926188560171,0.006841543554959068,0.4126984126984127,4.1588830833596715,-0.004524894582416668,0,0,-0.027250405905421708,-4.418320592206474,0.023595108057087404
2019-10-30,0.02183293641992894,-0.014785204228004174,-0.007855953723397124,-0.027250405905421708,-0.14963633138224167,0.004160767879948392,-0.0004095517075258073,-0.06818150415412907,0.27941176470588236,4.23410650459726,0.09930976414237815,0,0,-0.0015162143247956757,-2.675870813006189,2.697186947435158
2019-10-31,-0.02732687211777063,-0.0005144875116409585,-0.009825908113418842,-0.0015162143247956757,-0.01579632951491706,0.012114954399792637,-0.0030769568046334138,0.06969554363380569,0.4024390243902439,4.418840607796598,0.26131951425406347,0,1,0.009880085552161256,-1.220101152495237,1.5000403417195793
2019-11-01,-0.0014386541228801743,-0.013487680381951434,0.013041482280313854,0.009880085552161256,-0.22098513703934938,-0.0022521201719947464,-0.0011305886647713036,-0.07213157673711974,0.02631578947368421,4.343805421853684,0.19900124600576807,0,1,0.0062534185241681015,-0.4930017988466941,1.5278698317977435
2019-11-02,0.009856243375813476,0.010158380452943002,0.017151079088646715,0.0062534185241681015,-0.41029897151479694,0.0,0.0,0.0,0.47368421052631576,3.6635616461296463,-0.48724141919447495,1,0,-0.010258564351078504,-2.4340288318814935,0.783294242072617
2019-11-03,0.006311689982194013,-0.001192337373083221,-0.013156851806179839,-0.010258564351078504,-0.03621405630142436,0.0,0.0,0.0,0.08333333333333333,3.6109179126442243,-0.5482131558098333,1,1,0.0213736734297728,-0.8614759007390745,3.4102444121652002
2019-11-04,-0.010103778902945374,0.01601093734984745,0.005466964960345886,0.0213736734297728,0.4979191583452935,0.0,0.0027728312755535976,0.04218689479574681,0.2,4.2626798770413155,0.12366766311646829,0,0,-0.00905684243570516,-2.343676781129912,0.6536421780270225
2019-11-05,0.02108222421818033,-0.006192348911608965,0.006551664625864573,-0.00905684243570516,0.0009020416421139369,-0.018201754334461643,0.004808451717008062,0.02082608664591415,0.4126984126984127,4.1588830833596715,0.018307147460229243,0,1,0.003259384332363361,-0.6320517068334573,1.4107224143310895
2019-11-06,-0.00905561390287406,-0.0014860400726645648,0.008059408307259371,0.003259384332363361,-0.20728380128858884,0.0063277911200314285,-0.000306297237577161,-0.03732941128208352,0.45454545454545453,4.204692619390966,0.06945680099314276,0,0,-0.013241728898575776,-2.5820236410309794,0.3842037850946182
2019-11-07,0.0033710747223352935,-0.007005801960001552,-0.016240335009611934,-0.013241728898575776,0.04660662023284451,-0.017601321488917986,0.0019379112082970919,0.008678528565025828,0.07575757575757576,4.204692619390966,0.10728637086619215,0,0,-0.04920077557405485,-5.809965528804436,0.4849229081179204
2019-11-08,-0.013492245922391708,-0.012234537668342522,-0.045521147776310285,-0.04920077557405485,0.4622941690856573,-0.001982500969778094,0.002137504877720227,-0.053238366784260596,-0.014084507042253521,4.276666119016055,0.19243286641235977,0,1,0.004058438819635005,-0.5583315120650337,1.2039527471180846
2019-11-09,-0.048960897215379724,-0.04201047718405326,0.0033155645933391886,0.004058438819635005,-0.7455081619577815,0.0,0.0,0.0,0.09302325581395349,3.784189633918261,-0.32116825545856675,1,1,0.025780076014260956,-0.6766767983009829,3.7626259943723914
2019-11-10,0.004031190267955125,0.029645171292178234,0.0028749859572756217,0.025780076014260956,0.15534156127807489,0.0,0.0,0.0,0.3548387096774194,3.4657359027997265,-0.6362598061256359,1,0,-0.034460674202544596,-4.766860366771236,0.36274753651183594
2019-11-11,0.02588251379620135,-0.008218708564344602,-0.01512175967044158,-0.034460674202544596,0.2654749308200698,-0.003976999709097086,-0.001526345036828606,0.050091238833960224,0.3670886075949367,4.382026634673881,0.2774870816128554,0,1,0.010101930316499606,-1.9152223449399164,1.7562182173079477
2019-11-12,-0.03452669783310754,-0.020525967394583473,-0.005944293984231294,0.010101930316499606,-0.10616825086031316,-0.00233871646192102,0.001119542261623349,-0.0007882755830038876,0.3333333333333333,4.290459441148391,0.16345307250346064,0,0,-0.005093464866702945,-1.3688916182260515,0.2609396548110621
2019-11-13,0.010088224333008846,-0.004850855308469272,0.015565237583638104,-0.005093464866702945,-0.4092241272223597,0.00658934076646455,0.0006101809005178846,0.024923384384966617,0.30434782608695654,4.248495242049359,0.11390856356331784,0,0,-0.014972903375000525,-2.2411437715553686,0.26033858701147605
2019-11-14,-0.0050422137060988,-0.005099475544698825,-0.013815986399996052,-0.014972903375000525,0.22182445733274458,0.006886066178064791,-0.002137069735389827,0.0038387909228639093,0.25,4.23410650459726,0.09468012624363618,0,0,-0.020440694136174855,-2.894372638977758,1.6439279458040013
2019-11-15,-0.015055449916698034,-0.0011370097870751247,-0.021505192049224423,-0.020440694136174855,0.3199362083757918,-0.003062164177331961,-0.0016313590396361444,-0.07972347261911736,-0.18333333333333332,4.110873864173311,-0.004750602741931144,0,1,0.0022743963467484214,-0.8503032253602749,0.8377496066610988
2019-11-16,-0.02041898258196046,-0.028502477527604066,0.0,0.0022743963467484214,-0.7906807900334903,0.0,0.0,0.0,0.21621621621621623,3.6375861597263857,-0.4738571985346986,1,1,0.0013393421337381934,-1.666616177692915,1.6814577149022971
2019-11-17,0.002254404233592276,0.010711477429160246,-0.0058887331765779755,0.0013393421337381934,0.2563123278451523,0.0,0.0,0.0,0.25,3.713572066704308,-0.41729956573016735,1,0,-0.03778018177778056,-5.343492006482033,0.013171883692499723
2019-11-18,0.0014275956739162028,-0.015343516178359613,-0.035429416154153064,-0.03778018177778056,0.46543993155074587,0.0024504644323866277,-0.002145146984210623,0.03345884065557855,0.0,4.30406509320417,0.1984986702952654,0,0,-0.00655974696730991,-2.2751823420667567,0.3835233705412748
2019-11-19,-0.03791729746774425,-0.034076666909292834,-0.007097085133627863,-0.00655974696730991,0.0124374192587098,0.0016303409319782403,0.0007155604116033268,0.031598175691663004,0.14457831325301204,4.430816798843313,0.30096554817635124,0,0,-0.004390195356251671,-1.1778489426633683,1.5935275328512106
2019-11-20,-0.00645454875701923,0.0055402946557894985,0.004413587026723886,-0.004390195356251671,-0.2938483651695697,0.0,0.0007150487510028528,-0.006240264057409244,0.14473684210526316,4.343805421853684,0.1967102942592122,0,0,-0.059826750274931104,-7.6715331939750335,0.45241977180901377
2019-11-21,-0.004345639244117617,-0.01580127296667383,-0.0693270378693683,-0.059826750274931104,0.5874369155669696,-0.006947360157733074,0.0006124699982644151,0.027018268975576847,0.0,4.59511985013459,0.38454837006719217,0,0,-0.04827880660424949,-11.63406606364792,1.5901241158171677
2019-11-22,-0.0598881108891334,-0.04844970683484953,-0.09945207897166,-0.04827880660424949,0.7734198960257872,0.0,0.0028533473667935946,-0.06205366618814352,-0.2608695652173913,4.248495242049359,0.014598799435645515,0,1,0.005945229379964158,-2.6237475468825004,1.0436215056641338
2019-11-23,-0.04828536160430528,-0.0537438327057797,0.04182437856340473,0.005945229379964158,-0.9200766533033413,0.0,0.0,0.0,0.19047619047619047,3.7612001156935624,-0.49228750274327,1,0,-0.05746136400961847,-6.360482127404479,0.25706955031008916
2019-11-24,0.005880945634224005,-0.0019202901735763526,-0.03142211642525565,-0.05746136400961847,0.29691112907103834,0.0,0.0,0.0,0.3023255813953488,3.784189633918261,-0.4749746419445003,1,1,0.029445102813370486,-5.788945039637167,6.646392051185024
2019-11-25,-0.05783899685605466,0.006431860999130785,-0.05174599313194531,0.029445102813370486,0.5666433799888884,-0.004452519674764632,0.0005087039398503812,-0.03883183186216162,0.031746031746031744,4.1588830833596715,-0.07216244623235749,0,1,0.006528965670785273,-1.3037584554524129,3.189707883987359
2019-11-26,0.029946092963395666,-0.0051217388586062345,0.07429696865521818,0.006528965670785273,-0.5990953938144433,0.0021945374432130837,-0.0007122114045053861,-0.028194941206063983,0.3142857142857143,4.2626798770413155,0.0610073481223094,0,1,0.04806764632518055,-4.518299782287692,6.738829965231102
2019-11-27,0.006275634452599433,0.042020186483222914,-0.025616447597567434,0.04806764632518055,0.34125926298966147,-0.0043938174856029385,0.0016272113742997409,0.01803398281584462,0.22033898305084745,4.0943445622221,-0.07237696945424296,0,0,-0.011928054119097921,-1.9978443041731742,1.7751820478230464
2019-11-28,0.048179327712297854,-0.0015688328489000829,0.07327220110632572,-0.011928054119097921,-0.48480666849333764,0.0,0.0,0.0,0.35,4.110873864173311,0.03390155169234802,0,1,0.042250021414293196,-0.7737937740588718,5.640321013089836
2019-11-29,-0.011976223141423763,0.02672333553357,0.0003124511820450803,0.042250021414293196,0.06479735692969968,0.008359042281367265,-0.00142370390964475,0.07142960745468059,0.1935483870967742,4.143134726391533,0.08408311722667038,0,0,-0.025887529338627372,-3.9355094662587917,0.9044620773882496
2019-11-30,0.042550010031107026,-0.005108567942722466,0.010632864492294102,-0.025887529338627372,-0.2567669675260794,0.0,0.0,0.0,0.2777777777777778,3.6109179126442243,-0.4443805243300603,1,0,-0.02022465301285665,-4.5003862442227085,-0.000530372440785114
2019-12-01,-0.026223853492929945,-0.03493745383691773,-0.031536297118266485,-0.02022465301285665,0.2571626637102322,0.0,0.0,0.0,0.25925925925925924,3.332204510175204,-0.6904981723513313,1,0,-0.013157681360598326,-3.298196969957158,0.4006365303328832
2019-12-02,-0.01997504154704248,-0.01621298398511988,-0.00820276027020105,-0.013157681360598326,-0.27129019767418816,-0.0022541262526476727,-0.0041808661160609665,0.16674927049786895,0.14285714285714285,3.912023005428146,-0.056672387078502764,0,0,-0.0002152603115601392,-0.7282826261874435,1.4389520844494241
2019-12-03,-0.01322101905637787,-0.002774525819432935,0.012541462077098772,-0.0002152603115601392,-0.33476827142783694,0.010814526309483834,-0.0012270221122123765,0.06805347586910651,0.3220338983050847,4.0943445622221,0.1598164173798848,0,0,-0.01358339325753926,-3.143915734535241,6.081762431118582
2019-12-04,-0.00023445324855995466,0.046212843155131626,-0.0243715913950382,-0.01358339325753926,0.9196637671912177,-0.0028453045693533395,-0.0009211970370644001,-0.07545840075426388,0.12307692307692308,4.189654742026425,0.23976443256563465,0,1,0.026700582009980097,-0.6179469090614147,3.960919207506125
2019-12-05,-0.013545864355067622,-0.034791825493663935,0.011676294997198994,0.026700582009980097,-0.3379687937096176,0.0019655192135956674,-0.00246076057102523,-0.019100152734486845,0.2033898305084746,4.0943445622221,0.14571181119834276,0,1,0.018566588172384903,-1.1433362603847734,2.684313616238663
2019-12-06,0.026663053107508446,0.013934526097305472,0.021446688496746462,0.018566588172384903,-0.20758932368492258,-0.01212552242517598,0.002972615435067819,-0.06398774860412379,0.29508196721311475,4.127134385045092,0.18185328239298754,0,0,-0.0052292123250598415,-0.764257805418249,1.2167503709766916
2019-12-07,0.018610426642243473,0.0038909557197654024,0.022357372722050236,-0.0052292123250598415,-0.42518683154949133,0.0,0.0,0.0,0.5483870967741935,3.4657359027997265,-0.48088886989314816,1,1,0.0029203291520898934,-1.525286465898008,1.0070367142375378
2019-12-08,-0.005393246955196225,-0.007326348892451367,-0.012839498929857395,0.0029203291520898934,-0.05352988311340817,0.0,0.0,0.0,0.3333333333333333,3.4339872044851463,-0.5221893823829724,1,0,-0.023096573450634292,-3.2081251633521912,1.845553503251896
2019-12-09,0.0030405253123679033,0.011305497042233473,-0.013908057822452012,-0.023096573450634292,0.4456542299934022,0.00013711159596173993,-0.0006142885390112803,0.15226090224066827,0.2028985507246377,4.248495242049359,0.25576085625253353,0,0,-0.015726727832204117,-2.504866836166581,0.9352960850422269
2019-12-10,-0.023096573450634292,-0.03219914763273096,-0.016063990178778114,-0.015726727832204117,0.06441281075914415,0.0022587550109528006,-0.0023583268960564625,-0.011414160174614975,-0.017857142857142856,4.04305126783455,0.05505977720088441,0,0,-0.0019578602262294424,-1.3724458079465343,0.7085727695109065
2019-12-11,-0.015723959336577085,-0.017993960987517182,-0.004402517550003738,-0.0019578602262294424,-0.5021872884192532,0.0046385136565482935,-0.0025697705521583207,-0.04500273753946485,0.24561403508771928,4.060443010546419,0.09455858264255658,0,0,-0.0016546275033925571,-1.8152671607578534,1.1720230677891255
2019-12-12,-0.0019606287218565314,0.002676642756552761,-0.006386073754342581,-0.0016546275033925571,0.3402219263292904,-0.0018392248396021497,0.002467084489092802,-0.07262092161478878,0.10666666666666667,4.330733340286331,0.32586205752253067,0,1,0.008356116731852428,-0.101745528221603,1.5298982562496257
2019-12-13,-0.001699084791060704,0.001924124381212372,0.015480588821969822,0.008356116731852428,-0.42634411327971855,0.006049724215781696,-0.002364223307076767,-0.09868742980731063,0.2413793103448276,4.07753744390572,0.07676401622907936,0,0,-0.0271518991060132,-3.4547473466329497,0.1829287686863046
2019-12-14,0.008247637746114216,-0.005113578143780902,-0.025173901452260967,-0.0271518991060132,0.06831582314967799,0.0,0.0,0.0,0.08695652173913043,3.8501476017100584,-0.1941560144192184,1,1,0.007691130685450952,-0.7916246109945756,1.9104150401340614
2019-12-15,-0.02698622234709505,-0.009877036391535738,-0.0005206717496294741,0.007691130685450952,-0.11328519978169689,0.0,0.0,0.0,0.21739130434782608,3.8501476017100584,-0.23426163987644769,1,0,-0.032388981078060576,-4.050690685141088,0.44026846011609383
2019-12-16,0.00782026216564477,-0.0070103351147286245,-0.024899530056014092,-0.032388981078060576,0.5078897015518071,-0.0004066804034237166,-0.0010296384272587861,-0.03956913151179382,-0.013888888888888888,4.290459441148391,0.20641910838690405,0,0,-0.039648448225997265,-4.933008807069711,0.7299476603586283
2019-12-17,-0.03257148233342668,-0.02949218907563523,-0.04121216229734682,-0.039648448225997265,0.20538843470973003,-0.00027123977476679824,0.0014412128346793487,0.01228010656239552,-0.26229508196721313,4.127134385045092,0.028505493014319632,0,1,0.09416049805106408,-2.89204017526076,11.61986060443029
2019-12-18,-0.0396047995351744,0.06925068121471949,-0.019238761907907676,0.09416049805106408,0.5740739132997766,-0.0013572206434196252,0.002055334962721688,0.023322324733553054,-0.02857142857142857,4.2626798770413155,0.13528219553716117,0,0,-0.017678426984101332,-3.3464656318242447,1.3940897760619595
2019-12-19,0.09415747864990182,-0.008097210232619362,0.08961624348542911,-0.017678426984101332,-0.5440100740139727,0.0037955689629014283,0.00010259720526406573,-0.006379600899337652,0.36470588235294116,4.454347296253507,0.3063424951809484,0,1,0.005235004245315183,-0.9951030124771857,0.9700639037074602
2019-12-20,-0.01753718414477347,-0.021918685707646275,0.005835199209369235,0.005235004245315183,-0.5466914817769788,-0.002370552172288522,0.0029723890034823795,0.0007996984664742051,0.2911392405063291,4.382026634673881,0.18630779147444787,0,0,-0.007692463798028944,-1.1590556563911627,0.03825179604048029
2019-12-21,0.0051188034209248825,-0.004083116831354503,0.0035954778061755457,-0.007692463798028944,-0.5011249081725602,0.0,0.0,0.0,0.26,3.9318256327243257,-0.2797938995827747,1,1,0.050398147797677026,-0.14422789381027998,5.267511586128709
2019-12-22,-0.007880149160300737,0.04460013410285342,0.002455813827779962,0.050398147797677026,0.6983502767834829,0.0,0.0,0.0,0.39622641509433965,3.9889840465642745,-0.2365306320778012,1,0,-0.024882294163375403,-3.191108892490646,2.5525146674982198
2019-12-23,0.05046347176071302,0.023248178611371937,0.019929337810873242,-0.024882294163375403,0.5531921370268574,0.005275305725533864,-0.0005118024543353672,0.00796177997586865,0.3291139240506329,4.382026634673881,0.147841510646652,0,0,-0.008415693543983837,-2.211622027449503,1.621180474344989
2019-12-24,-0.02475627525692208,-0.03419563609490753,-0.015087425512963909,-0.008415693543983837,-0.4445386838663287,0.011135059860575142,-0.00010242318338562411,0.004746877604070856,0.05660377358490566,3.9889840465642745,-0.23440070581997632,0,0,-0.007073139499326842,-1.764568056051299,0.22027138069163013
2019-12-25,-0.008444393066138855,-0.022424784480517643,-0.003945153830001829,-0.007073139499326842,-0.4618367283801175,0.0,0.0,0.0,0.05128205128205128,3.6888794541139363,-0.4727471151658454,0,0,-0.0003651096792540607,-0.6616209488305879,3.1474705006180783
2019-12-26,-0.007020397029690107,0.022198851699937804,0.003956331572880227,-0.0003651096792540607,0.27681195064328556,0.006781087784430196,-0.000614681320776069,-0.0015798153368500416,0.11904761904761904,3.7612001156935624,-0.2953059975386308,0,1,0.0072962831137449915,-1.7590635122499039,1.0203253902679024
2019-12-27,-0.0004178521488907963,-0.021636560782755977,-0.011339535313447375,0.0072962831137449915,-0.07491246732190272,0.0029770786135146807,-0.006889114572020723,0.05983384824076555,0.2608695652173913,3.8501476017100584,-0.11709266625962372,0,1,0.008427818145064376,-0.22175604754783104,1.5085359346495046
2019-12-28,0.007300418332646406,0.012178388557561192,0.022669357760765958,0.008427818145064376,-0.2255682354848907,0.0,0.0,0.0,0.2702702702702703,3.6375861597263857,-0.2982438604758625,1,1,0.009806680434861516,-0.3853706527835696,2.860631084417808
2019-12-29,0.008317063645742124,0.021948769642747244,0.006791672092706994,0.009806680434861516,0.15616926103620002,0.0,0.0,0.0,0.41025641025641024,3.6888794541139363,-0.20465873661446574,1,0,-0.01943995444746896,-2.303459401561965,0.27033473069464053
2019-12-30,0.009939015928747541,-0.016096283102370094,-0.009374207052922358,-0.01943995444746896,-0.05842311059219035,0.00046227333689126925,-0.0018589317432382466,0.09848656601719821,0.02127659574468085,3.871201010907891,0.08232494527727938,0,0,-0.007031286000974238,-1.4035381511908167,1.016073550033481
2019-12-31,-0.019465670660933982,-0.011982566254080701,-0.010440741943757556,-0.007031286000974238,-0.1316308490973272,0.003295981889555684,-0.00362448984888074,-0.07275935306826817,0.14634146341463414,3.7376696182833684,-0.013841051387481226,0,1,0.000780768137645281,-0.2794639121407349,0.8272579864239886
2020-01-01,-0.0070298961923022235,-0.00891944163706906,0.0042094563895265676,0.000780768137645281,-0.4354175163373615,0.0,0.0,0.0,0.2,3.828641396489095,0.05884050004515552,0,0,-0.033199534310396885,-3.9098568367344053,0.16165572246614096
2020-01-02,0.0007682684677213342,-0.00587525450193319,-0.03552316110829145,-0.033199534310396885,0.6432929268726623,0.0032851540714616823,0.004760918634158697,-0.09989246510187225,0.208955223880597,4.219507705176107,0.37605122291679655,0,1,0.05301482343029991,-1.3684062698253252,6.115590742060238
2020-01-03,-0.03322000823231068,0.026339815885544238,-0.0077850286413060415,0.05301482343029991,0.7615707859135452,0.016072149694003442,-0.00010327984415574736,0.11715913315156223,0.359375,4.174387269895637,0.2758476148204032,0,1,0.0012449768838231309,-0.9954129383451412,0.8006030981791482
2020-01-04,0.053051853109846656,-0.0001350530085110192,0.05674475674510186,0.0012449768838231309,-0.824992943897848,0.0,0.0,0.0,0.325,3.713572066704308,-0.20294084397169035,1,1,0.000630740747051131,-0.4922274016267903,1.8976790941278063
2020-01-05,0.0012504091990645089,0.012215736843310001,0.006276832251006652,0.000630740747051131,0.2454647343518731,0.0,0.0,0.0,0.3684210526315789,3.6635616461296463,-0.25131442825459027,1,1,0.05283448765744147,-0.1630681650198662,5.763603790183754
2020-01-06,0.0004690103220662388,0.039289987707610635,0.003922333113120277,0.05283448765744147,0.35442622795037826,0.010913635018349008,-0.0017569967185529268,-0.012199654080916935,0.36764705882352944,4.23410650459726,0.2710150199812752,0,1,0.04871404936371501,-0.4429750469659463,5.634573229587487
2020-01-07,0.0531013424229902,0.05154418205147867,0.05003541883798061,0.04871404936371501,0.5120569441556012,0.0035692183565126895,0.0032017087566832618,-0.004341571137355333,0.4,4.2626798770413155,0.22314355132849556,0,0,-0.011023945589959614,-3.438055595217862,3.731936396905317
2020-01-08,0.048676616837104725,0.02968768103689348,0.01876324388119592,-0.011023945589959614,0.21129841099051389,-0.009203710678121977,0.003294214264470673,-0.024964597172115213,0.4230769230769231,4.3694478524670215,0.2505298068333087,0,0,-0.03001660428030768,-3.872182942627537,-0.00024826308934984125
2020-01-09,-0.01125893340030792,-0.048345792189906284,-0.015365219064056253,-0.03001660428030768,-0.5614241896708904,-0.0036667071971181846,0.0015403740810536145,-0.07005555970406599,0.16901408450704225,4.276666119016055,0.14713310718269637,0,1,0.04737260507373657,-1.882073093008625,4.761412710281743
2020-01-10,-0.029862744776370333,0.01760000545340326,-0.010115505784118526,0.04737260507373657,0.24904908913138651,0.0037308990396736773,-0.0009239396891403697,0.001593662286273741,0.2987012987012987,4.356708826689592,0.19840568884428594,0,0,-0.02183100482452105,-2.39342098970868,1.0837702296242173
2020-01-11,0.0475996099847893,0.010596180267161304,0.042259126106735954,-0.02183100482452105,-0.4077944290533304,0.0,0.0,0.0,0.5777777777777777,3.828641396489095,-0.3499859557657136,1,1,0.02036109856547728,-0.7510668904147166,2.1828564910454746
2020-01-12,-0.022055451454738483,-0.010840142210308466,-0.005407463831581484,0.02036109856547728,-0.3628326914020683,0.0,0.0,0.0,0.4791666666666667,3.8918202981106265,-0.3075722309101673,1,0,-0.009160976526190662,-1.5897266421943914,0.1345463050737251
2020-01-13,0.020359876814647293,-0.00012200329424025639,0.01197450104768056,-0.009160976526190662,-0.20191318341363787,-0.00585981619083129,-0.00010273880423501726,-0.01929326111441286,0.5789473684210527,4.343805421853684,0.1346060837674459,0,1,0.08274878422149841,-0.05920122916784514,9.066176620435321
2020-01-14,-0.009159754775360743,0.0801553266274253,0.0061442776040748345,0.08274878422149841,1.3516848996284758,-0.003882494785876494,0.00020546705429263886,0.005665790016104042,0.5730337078651685,4.499809670330265,0.2524616120820574,0,1,0.001293146166175448,-2.832120429378738,1.2012674854111505
2020-01-15,0.08327418473799171,0.004099692871256462,0.055019592219389374,0.001293146166175448,-0.35032456679303037,0.006269176242541576,-0.0014388428510841312,0.0024183592974461473,0.3333333333333333,4.442651256490317,0.1823215568058595,0,0,-0.011561336478177777,-2.70487513850304,0.43435985043898934
2020-01-16,0.0006090282671883328,-0.006375930183545984,0.0025655990749323997,-0.011561336478177777,-0.4894156576184233,-0.001999275510573253,0.000925174432261699,-0.008084149313550209,0.17073170731707318,4.418840607796598,0.1360232952468969,0,1,0.021921914733313886,-0.5470203291680202,3.622129516362104
2020-01-17,-0.011386564197104541,0.020316360181053386,0.010017211615172564,0.021921914733313886,0.3101664646880211,0.006306764371860662,0.0029754386603104773,-0.018018449205493302,0.42028985507246375,4.248495242049359,-0.02049252037562461,0,1,0.0003006297542892932,-1.2065840643917791,0.8445958410047656
2020-01-18,0.021904737912657762,-0.005853422020259591,0.015326277381076241,0.0003006297542892932,-0.6159257992999617,0.0,0.0,0.0,0.4,3.828641396489095,-0.4479365351948349,1,0,-0.024324520325978746,-5.1784787098092915,3.1249679146467866
2020-01-19,0.00020416908861176867,0.023104350490709576,-0.03941831669988573,-0.024324520325978746,0.6128059140156219,0.0,0.0,0.0,0.32727272727272727,4.02535169073515,-0.2613647641162258,1,0,-0.0068438722969167065,-2.095184457194628,0.5191232317104291
2020-01-20,-0.024224639339403973,-0.050382967155342316,0.006508422200167941,-0.0068438722969167065,-0.5972107698248493,0.0,0.0,0.0,0.2962962962962963,4.406719247264253,0.115800874464738,0,1,0.010781316488657582,-1.802113526224733,1.682640300857885
2020-01-21,-0.006846170695737013,0.004791298394557875,-0.003913162987217789,0.010781316488657582,-0.06374115863546508,-0.0015408479920918832,-0.0008199429720924455,0.06013835689846975,0.5394736842105263,4.343805421853684,0.07816477286249404,0,0,-0.006162471944631271,-1.685711706642295,0.9339233873158853
2020-01-22,0.010782461172716284,0.0032941473532376495,0.011945334684481916,-0.006162471944631271,-0.22709689512181655,-0.0007069933514569245,0.0,0.004658352011606169,0.4868421052631579,4.343805421853684,0.09455858263817074,0,0,-0.03252372475192156,-4.426828300254896,0.10878218564561792
2020-01-23,-0.006116395559791992,-0.014413883961334096,-0.03357363788075721,-0.03252372475192156,0.5045824164211737,0.00596170020177131,0.0016392141884711308,0.005407482969901856,0.12857142857142856,4.2626798770413155,0.0374264055334026,0,1,0.004094161809795407,-2.0012060352145142,1.45875562704645
2020-01-24,-0.03257094582081945,-0.01902399033791315,-0.008267502101517802,0.004094161809795407,-0.1444501956888454,0.004145810767128866,0.0016364535918101247,0.11486839557927134,0.08333333333333333,4.290459441148391,0.05926146405061622,0,0,-0.01173105985876297,-2.2056854747493344,0.14517245031356837
2020-01-25,0.004092976834570149,-0.009041669957533378,0.002049367414447146,-0.01173105985876297,-0.4906942010592064,0.0,0.0,0.0,0.2549019607843137,3.9512437185814275,-0.29813148830651426,1,1,0.0323721116628264,-0.564139082240243,3.273536546923486
2020-01-26,-0.011798217789900403,0.019552581107336334,0.004684404066327865,0.0323721116628264,0.19867973846862022,0.0,0.0,0.0,0.24390243902439024,3.7376696182833684,-0.4868470418848859,1,1,0.03339660703325178,-0.9329513733489052,4.371970735632641
2020-01-27,0.03236964532983058,0.04335645354991787,0.02868398875173973,0.03339660703325178,0.5503064125568883,0.0036215123910229036,0.0011235444900128861,0.22479049199174436,0.4583333333333333,4.290459441148391,0.0957070839710726,0,1,0.05106082462602789,-0.5083868716442468,5.380821226281343
2020-01-28,0.03346741627261032,0.04348511193973889,0.037642252050298385,0.05106082462602789,0.32344347197132495,-0.004831603586278797,0.0006122824959291072,-0.11313116082847623,0.3170731707317073,4.418840607796598,0.2127448441055062,0,0,-0.007783398882224428,-1.7021197685637264,0.7972013351929921
2020-01-29,0.051181360852376775,0.005224625715144475,0.03912349565683315,-0.007783398882224428,-0.32547389370492713,0.0003823495785668443,-0.00030609438673356875,0.006733952764836166,0.2604166666666667,4.574710978503383,0.3281734338169346,0,1,0.022502456278908796,-1.049292642442323,2.9289899163469237
2020-01-30,-0.007899634750031009,0.013534486929314984,-0.001255127621010358,0.022502456278908796,0.11827255987611555,0.00868933318130266,-0.0012253153459297955,-0.05647671586379793,0.375,4.394449154672439,0.1254012665537724,0,0,-0.01699597258492471,-3.239042299290091,0.17864433585526193
2020-01-31,0.022320492426120324,-0.005000999526007972,0.0006049597104311754,-0.01699597258492471,-0.28588109889871827,-0.000378963863372795,-0.004916565795281086,0.19578763759468787,0.3,4.394449154672439,0.1093366640499658,0,1,0.003385727050131138,-0.7716086837676592,1.186574034773419
2020-02-01,-0.016944481262397417,-0.006916675595743052,0.0076783635702995364,0.003385727050131138,-0.4662154733355918,0.0,0.0,0.0,0.5869565217391305,3.8501476017100584,-0.43403848053048144,1,0,-0.005674268221518584,-2.860130941482344,0.979986254070518
2020-02-02,0.003490587507119063,0.0013198492431020802,-0.017499495527015695,-0.005674268221518584,0.46925987990665763,0.0,0.0,0.0,0.2702702702702703,3.6375861597263857,-0.6436811123161255,1,0,-0.004217202035113095,-1.0504521194747682,3.0321631861370197
2020-02-03,-0.005644383440148246,0.01484750109914639,0.01242251999855711,-0.004217202035113095,0.10780893471768409,-0.0036075310705902057,0.00420107853881734,-0.04727861466255202,0.35443037974683544,4.382026634673881,0.10074990311280128,0,0,-0.01030012470407638,-2.167365675420253,0.6196700056163782
2020-02-04,-0.004321558532260853,-0.028342133840319427,-0.015386337594567936,-0.01030012470407638,0.04638133899501257,-0.017138114161285474,0.0016346144931978252,-0.11299486054395456,0.22857142857142856,4.2626798770413155,0.004089985265811043,0,1,0.04413696079004374,-0.21551920149086395,5.781837362682754
2020-02-05,-0.010204341273567992,0.0413215488665875,0.009218340035217678,0.04413696079004374,0.19630197258386411,0.004761622946685296,0.0031595354759889898,-0.0577082952649975,0.5679012345679012,4.406719247264253,0.1812639152481649,0,1,0.016504674065094656,-0.8954836077241157,2.573030440829399
2020-02-06,0.04413592042762323,0.01204889157151019,0.03733731672771121,0.016504674065094656,0.0012215515054863706,0.0046751032672821095,0.002337789964017686,-0.012620531679595303,0.4819277108433735,4.430816798843313,0.19933290263253942,0,1,0.00426127217580927,-0.43072571975803325,1.1497303227086122
2020-02-07,0.016505714427515313,0.002271672883887061,0.021152252944755656,0.00426127217580927,-0.39019401037865525,0.002233782116915276,0.0018257465756925959,0.03352270674978579,0.47368421052631576,4.060443010546419,-0.12693070857562666,0,1,0.008252206527558531,-1.5053023235606078,1.2784595097179206
2020-02-08,0.004275537801765062,0.005548564045902502,-0.006484493862216292,0.008252206527558531,-0.008342714916583862,0.0,0.0,0.0,0.48936170212765956,3.871201010907891,-0.32203944725469963,1,1,0.025611472320488028,-0.14462122890003007,2.7014186925848906
2020-02-09,0.008236930294779007,0.022481798356228037,0.021859017474164227,0.025611472320488028,-0.004421787574533031,0.0,0.0,0.0,0.72,3.9318256327243257,-0.2883961031654379,1,0,-0.02998887968955256,-3.976362406567612,0.35644526978605107
2020-02-10,0.025609527767430272,0.0021617380924998215,-0.012705939456187742,-0.02998887968955256,0.3165491589859466,0.0038812607041441385,0.0015189261616728603,-0.028189365860722355,0.14925373134328357,4.219507705176107,0.0303053495102544,0,1,0.03699068450599928,-1.5531339220460163,4.677434304855387
2020-02-11,-0.029995059930007156,0.013221010661140535,-0.005756594844336745,0.03699068450599928,0.046720237090672107,-0.005795625430667941,-0.001113648393023862,0.009265476085964121,0.3076923076923077,4.5217885770490405,0.2913518013517324,0,1,0.010061623972999353,0.0,2.1954069175023356
2020-02-12,0.03699981990633558,0.012170410632468901,0.05252202372645949,0.010061623972999353,-0.022918057797460645,0.0011490897071122928,0.0033372314324503645,-0.09966752193515348,0.5,4.343805421853684,0.12178539533838441,0,0,-0.009421122032285924,-2.4156270565573457,1.6665723954681626
2020-02-13,0.00995219035962954,0.0047732787526575905,-0.014094646592574141,-0.009421122032285924,0.2627913002908664,0.004900535612764321,0.0002018639496983003,0.0294033269941184,0.056338028169014086,4.276666119016055,0.07953981605016822,0,1,0.011153032471666205,-1.1627877928061827,1.4742744286310647
2020-02-14,-0.009492551979361188,-0.011344101700657114,0.0031072706052256887,0.011153032471666205,-0.5228313574799157,0.004813471680398959,0.0005045971260188074,-0.03377966262767974,0.4342105263157895,4.343805421853684,0.10703275686334636,0,0,-0.043430032448461935,-5.395702236113347,0.2957622468585609
2020-02-15,0.011333896032111221,-0.0006320893460585984,-0.031176111961405354,-0.043430032448461935,0.20354918779539496,0.0,0.0,0.0,0.3103448275862069,4.07753744390572,-0.18600932985589813,1,1,0.0012662706092510477,-2.728534234316664,1.456122330537038
2020-02-16,-0.04345628290406027,-0.031826431611677204,-0.016758352430495112,0.0012662706092510477,0.04022929291348392,0.0,0.0,0.0,0.3684210526315789,3.6635616461296463,-0.5840201820803265,1,0,-0.021533430825940978,-4.798044052759378,0.4716973270152646
2020-02-17,0.00062982082468894,-0.008577979425966834,-0.01942882757517614,-0.021533430825940978,0.1574725744386808,0.0,0.0,0.0,0.12345679012345678,4.406719247264253,0.14391517594557734,0,1,0.04617766642322519,-1.3483238450537611,5.45334546013928
2020-02-18,-0.02087073058578054,0.028283050505299306,0.012963771251115256,0.04617766642322519,0.004871507691501213,0.010871410739791924,0.0034242790510599216,0.08071721650269761,0.34523809523809523,4.442651256490317,0.1946420411939,0,0,-0.05780590324636327,-8.354557410565402,0.8355788178167668
2020-02-19,0.046184552970797425,0.0,-0.023884669231891184,-0.05780590324636327,-0.24680360681067487,0.004676547883901803,0.0014066051888710213,-0.03081379075403285,0.3469387755102041,4.59511985013459,0.30434095844862374,0,1,0.00027409809652581926,-2.040632488392811,1.0906773251519482
2020-02-20,-0.05772315249141637,-0.055254918173011515,0.005333345975362603,0.00027409809652581926,0.0865954430014514,0.005644986085864686,0.002707218486132354,0.07886518546665965,0.022222222222222223,4.51085950651685,0.1823215568050657,0,1,0.008366990519610176,-0.48269684767437115,1.644214133366389
2020-02-21,0.0002667797717555093,0.005809466178670264,0.01585345450371015,0.008366990519610176,-0.3548973639510755,0.01717201549417072,-0.006126676075756423,0.09320463817566582,0.23076923076923078,4.189654742026425,-0.12192584648883001,0,0,-0.002710072225020686,-1.2167283664691533,0.3313696985938338
2020-02-22,0.008284671541861192,-0.004761453828115496,0.001026675331662423,-0.002710072225020686,-0.5377434888687802,0.0,0.0,0.0,0.3541666666666667,3.8918202981106265,-0.4054651080873311,1,1,0.029157751478757078,-0.06073841933092797,3.453756210946039
2020-02-23,-0.0027111084026442836,0.028513792898501592,0.008849827246361637,0.029157751478757078,0.42547598638796236,0.0,0.0,0.0,0.2549019607843137,3.9512437185814275,-0.3703070927091823,1,0,-0.02861183519342414,-4.770002150305138,0.5379810630703258
2020-02-24,0.02915878765638079,0.0,-0.017934885830985015,-0.02861183519342414,0.39199733967399886,0.01676255638881947,0.0003021785853844622,0.3821669489830182,0.011627906976744186,4.465908118654584,0.14258985743781036,0,0,-0.03587676971484084,-4.296939531200087,0.19522920795107923
2020-02-25,-0.028675009494967662,-0.03203935374461666,-0.0238812090023735,-0.03587676971484084,-0.025728480068985198,-0.015364987376213718,-0.0032280840235715614,0.1067578471940069,0.1511627906976744,4.465908118654584,0.13876576099940674,0,0,-0.05864199828916444,-7.605113474014081,0.6590627538153913
2020-02-26,-0.03574489758068689,-0.031238434256197628,-0.06895850914298067,-0.05864199828916444,0.5272199870301862,-0.004198505886171601,0.0003030638919179913,-0.010467553303130208,-0.10227272727272728,4.48863636973214,0.18102369808971827,0,1,0.004311570552474216,-2.9367590905771794,2.1008802187189475
2020-02-27,-0.05862532940051639,-0.04422382364012898,-0.01195845445479539,0.004311570552474216,-0.2398443366829266,0.0,-0.005672599810777851,0.3512903869983254,0.11392405063291139,4.382026634673881,0.0947678314352539,0,0,-0.014877998499183857,-4.381119912504034,0.8665527353290332
2020-02-28,0.004230737318385621,-0.008031704281424705,-0.010132037666794302,-0.014877998499183857,-0.018496503313446166,-0.047385678747064744,-0.003154148094629094,0.02396988123311851,-0.18571428571428572,4.2626798770413155,-0.03607605645952381,0,0,-0.019667790863484216,-1.9674830159179344,1.1106960811465716
2020-02-29,-0.015125287993024527,-0.012436565041008488,0.009258370466677088,-0.019667790863484216,-0.6607747498456404,0.0,0.0,0.0,0.041666666666666664,3.8918202981106265,-0.41337028759444444,1,1,0.0009697757904506052,-1.3299587041835497,2.6213740347387415
2020-03-01,-0.01942503485681328,-0.004561011327562562,-0.013292547746140224,0.0009697757904506052,0.1776478850762146,0.0,0.0,0.0,-0.09259259259259259,4.007333185232471,-0.30147539456559835,1,1,0.043952436059954136,-0.3978894119966445,4.960202641793403
2020-03-02,0.0007845708512790276,0.024358061860997347,0.010290468712319503,0.043952436059954136,0.31927425313632946,0.017868979456354687,-0.00787764728089358,-0.18247122662084647,0.323943661971831,4.276666119016055,0.0020140993857857225,0,0,-0.017558276088587222,-3.008725067430312,0.04945362813988332
2020-03-03,0.043682137306269846,-0.005155054076581196,0.017844079505617325,-0.017558276088587222,-0.09086356728260243,0.030796353102671873,-0.002159263418418368,0.09688669913855864,0.08333333333333333,4.290459441148391,0.04463215403465726,0,0,-0.0010507717856942027,-1.1489173209609385,1.0020324227447486
2020-03-04,-0.01710277239573154,-0.008032488142538525,0.0010398013761064836,-0.0010507717856942027,-0.3543986476943652,-0.0006091618212690988,0.0019537752536019633,-0.1406178207099828,0.27380952380952384,4.442651256490317,0.20711621541907566,0,1,0.0341286271212737,-0.049493040265825,4.56297339057689
2020-03-05,-0.0010370589574575794,0.03455863789262729,0.009943471021257002,0.0341286271212737,0.4081687157308778,0.01529889178860684,-0.005356385423915853,0.21391066750477977,0.5108695652173914,4.532599493153256,0.2712545983207027,0,1,0.008489836857210005,-0.7669584129592889,1.265553514884069
2020-03-06,0.03411049667823977,0.0011544283643454456,0.02695397339433909,0.008489836857210005,-0.28467299466247403,0.002636957249874577,-0.009026390711557968,0.05690597841817737,0.42857142857142855,4.356708826689592,0.07911549389733145,0,0,-0.027220312082118024,-3.305048220508295,0.6126696850109203
2020-03-07,0.008385837183614625,0.001960998558478267,-0.016891061218280087,-0.027220312082118024,0.036756644421171714,0.0,0.0,0.0,0.15,4.110873864173311,-0.19415601442429087,1,0,-0.10095462863465858,-10.510973421478864,0.0011252758332635424
2020-03-08,-0.027270572167508944,-0.0333357561738947,-0.0992795640918238,-0.10095462863465858,0.534758234557758,0.0,0.0,0.0,-0.09259259259259259,4.007333185232471,-0.2995165300802654,1,0,-0.012960005190206313,-5.124540284230237,1.8011147718613334
2020-03-09,-0.10061546909917969,-0.08295473367437772,-0.04709029726217222,-0.012960005190206313,0.4111484669704329,0.0022120303868409007,-0.011003468953308827,0.2612264777050175,-0.1553398058252427,4.6443908991413725,0.28537313585501156,0,0,-0.00446272739082808,-2.5785251164520835,2.7258578268322995
2020-03-10,-0.01314048735190173,-0.003712574640496813,0.012500146487575121,-0.00446272739082808,-0.2984919087593699,-0.009239341300194449,0.015786246966343988,-0.14095619106651924,0.16049382716049382,4.406719247264253,0.0286244945871833,0,1,0.0050489459763729885,-3.934232327139299,1.0764496782785709
2020-03-11,-0.00446146069658978,-0.020956808876365314,-0.018019799497700332,0.0050489459763729885,-0.0821093496060623,-0.010725720864527515,0.0010366833928197189,0.13062022685630376,-0.189873417721519,4.382026634673881,0.012739025790088059,0,0,-0.5026069427414592,-58.73481711965499,0.39809645744047806
2020-03-12,0.005055241147646867,-0.0017345862320079595,-0.542956901948784,-0.5026069427414592,1.1851492161787875,-0.03225585264372553,0.009897998819150069,0.33660473624706455,-0.38235294117647056,4.634728988229636,0.25011466809880595,0,1,0.15032193094234547,-23.832857492089417,21.561528489341825
2020-03-13,-0.5026124212758083,-0.290972622422446,-0.15358734646580363,0.15032193094234547,0.430497907572727,-0.047416352203101815,0.013046752908227162,-0.2662275386386179,-0.14545454545454545,4.709530201312334,0.2679643312052338,0,0,-0.07566678708579554,-9.85342796026646,1.1038410985309313
2020-03-14,0.14986263917444567,-0.0542549429657635,0.290116226260575,-0.07566678708579554,-1.0776288700429602,0.0,0.0,0.0,-0.14285714285714285,4.04305126783455,-0.40035000742353677,1,1,0.03593542121832906,-1.5384379267834565,13.843807160415848
2020-03-15,-0.07512837639159185,0.0517328735330536,0.007483113249034504,0.03593542121832906,0.021718521027968386,0.0,0.0,0.0,0.0,3.912023005428146,-0.5252976563541171,1,0,-0.06399129121736558,-18.80747430232112,0.07681752115461704
2020-03-16,0.03567327632384737,-0.10173447517428316,-0.13675494253704765,-0.06399129121736558,0.4851259081950033,-0.019856680529920206,-0.0067060165391842055,0.35759100142604205,-0.08235294117647059,4.454347296253507,0.05705955566370334,0,1,0.054873695073120565,-2.161198924005394,9.406805563245795
2020-03-17,-0.06383222208586958,0.029308589203546075,0.10247146256579158,0.054873695073120565,-0.4149345747822142,0.02590818443844778,0.015075972359764923,-0.08555022898742644,0.19230769230769232,4.3694478524670215,-0.02353049739737358,0,1,0.015020346505170423,-5.87787281577056,2.298588195027752
2020-03-18,0.05489556857863912,-0.01620847860905993,0.01770695615546887,0.015020346505170423,-0.09032248956779923,-0.03171271975140128,0.01574209840111209,0.0070884161852661845,0.05194805194805195,4.356708826689592,-0.032849669005299724,0,1,0.13335221046196347,-2.6399368063021185,17.118875701597663
2020-03-19,0.015061138991941867,0.1632232215708696,0.047399706599854916,0.13335221046196347,0.37249757719549226,0.0008795472315558977,0.015692735027299676,-0.05997077344066582,0.13953488372093023,4.465908118654584,0.1068381664739673,0,1,0.007435327078688863,-8.327232607195253,11.305996779160052
2020-03-20,0.1332594885537556,0.07522342123758753,0.07647925245303219,0.007435327078688863,0.09702332716259544,0.0036454671159334207,0.0005836906290763782,-0.08640548610090365,0.3218390804597701,4.477336814478207,0.16184302546190832,0,0,-0.0034496869311265673,-5.774375433792171,3.926494533557111
2020-03-21,0.006876602912652933,-0.06635969537734043,0.03296389881271964,-0.0034496869311265673,-0.5312900952134368,0.0,0.0,0.0,0.1724137931034483,4.07753744390572,-0.24747565195649912,1,0,-0.06180167576087353,-7.603197251626047,3.5079838460022077
2020-03-22,-0.0028293356059742457,-0.007634793806675638,-0.021737905109465258,-0.06180167576087353,-0.07904521412536142,0.0,0.0,0.0,0.3333333333333333,3.8918202981106265,-0.43479272318185114,1,1,0.1061148487906949,-2.228671569736236,12.642424083407786
2020-03-23,-0.061835444528725476,0.029542726613182246,-0.008056418941975394,0.1061148487906949,0.3238713436163371,0.05442181862869502,-0.0032146716591351433,-0.06976111073872138,0.06896551724137931,4.477336814478207,0.1560682259680244,0,1,0.041999719577783305,-1.4952017989984783,5.500355880964419
2020-03-24,0.1058203440682826,0.03469416676626146,0.11344954649807258,0.041999719577783305,-0.08577568021896669,0.05777508425392426,-0.007344693602503864,0.001298037135797007,0.25757575757575757,4.204692619390966,-0.09688312545363224,0,0,-0.01002679358492966,-4.467984575909922,3.112635136806112
2020-03-25,0.0423138473967665,0.01812251213620028,0.012271891808668946,-0.01002679358492966,-0.1342123544185885,-0.016947954536260905,-0.006805044347558383,0.036303980642873955,0.15492957746478872,4.276666119016055,-0.01200014398902598,0,1,0.008934973816594624,-2.539372676137284,1.5243918970453438
2020-03-26,-0.010023843234603256,-0.025909225982537247,0.009259325412796726,0.008934973816594624,-0.464820538752414,0.010845784249569976,-0.016262191800943654,-0.04722767578178987,0.010869565217391304,4.532599493153256,0.2352507095647006,0,0,-0.057779726345443316,-7.332824003527186,1.5498158135072704
2020-03-27,0.00892311296256918,0.009189212981213729,-0.038999539457304465,-0.057779726345443316,-0.0013448939291628367,-0.016005198817997043,-0.010617374803561131,0.07178679306634327,0.3373493975903614,4.430816798843313,0.14019232758859967,0,0,-0.019445251206402104,-5.41369399554096,0.013994689902869761
2020-03-28,-0.05776636790814291,-0.07313793758148711,-0.03858842626558093,-0.019445251206402104,0.11649954921193674,0.0,0.0,0.0,-0.05,4.110873864173311,-0.18825629229710258,1,0,-0.058644949893034606,-6.1174747854076585,0.46950132834001
2020-03-29,-0.019445251206402104,-0.01489018482203084,-0.026483059105069096,-0.058644949893034606,-0.3862461497648651,0.0,0.0,0.0,0.07692307692307693,3.970291913552122,-0.3392157225477331,1,1,0.08362125023444582,-0.40309514015038794,11.51198930477192
2020-03-30,-0.05880138693764569,0.051779929871284616,-0.0015011534404619916,0.08362125023444582,0.6301259063395581,-0.0011707228298990415,0.00820047669237915,-0.13820683255227567,0.2916666666666667,4.290459441148391,0.016000341360330038,0,1,0.002508431734471707,-1.147877697361158,1.9950172454096267
2020-03-31,0.08378863433207132,-0.011548470359177247,0.07617342466233823,0.002508431734471707,-0.49685092701671185,-0.02408550651926629,-0.0013115801831419145,-0.06402476949529684,0.19480519480519481,4.356708826689592,0.061204567330801124,0,1,0.03562371453633789,-4.1457943485150555,4.118109414980454
2020-04-01,0.002762641929056826,0.023739353430180132,-0.02747073477706715,0.03562371453633789,0.2985161111291691,-0.003289523008281446,0.006239906653358106,0.0636743146607622,0.20238095238095238,4.442651256490317,0.12289813633505856,0,1,0.02250149077446257,-1.3933916109081548,8.025158379801818
2020-04-02,0.035424791027627044,0.07469420418455143,0.06314774191240687,0.02250149077446257,0.42609698587691613,0.0296535360572285,0.005103860367552149,-0.11404400493580827,0.6292134831460674,4.499809670330265,0.18650364429025987,0,0,-0.008868945989810946,-2.866533639182147,3.6690772000594847
2020-04-03,0.02240140351094035,-0.021059321022960528,0.007770070491722741,-0.008868945989810946,-0.3607945857451003,0.00490888893936245,0.0039848779730313096,-0.08417617829556022,0.24752475247524752,4.624972813284271,0.27876391901046715,0,1,0.018084399293975692,-1.256581221744181,3.7355039103841436
2020-04-04,-0.009002909221554573,-0.008204678886564369,0.007230578184568736,0.018084399293975692,-0.3548282515941469,0.0,0.0,0.0,0.3225806451612903,4.143134726391533,-0.2129535603923308,1,0,-0.012356932145710244,-2.652190880704543,0.5606255862617141
2020-04-05,0.018313465539959613,-0.013664383947248818,0.004128302704371909,-0.012356932145710244,-0.38462398185222924,0.0,0.0,0.0,0.375,3.8918202981106265,-0.46141026418180703,1,1,0.07905023544895948,-0.11493761689864779,8.248775075079843
2020-04-06,-0.012418181635317032,0.06452456274247094,0.013015600492348685,0.07905023544895948,0.8654149508269472,0.02615913167880727,0.001093065225506391,-0.03390149827216874,0.3218390804597701,4.477336814478207,0.10554298077337565,0,0,-0.018253138732796458,-3.511178414704959,1.7551985151755454
2020-04-07,0.07905023544895948,0.014114469849916553,0.045087827470896326,-0.018253138732796458,-0.13073104999423402,-0.007301457414060284,-0.007076314612808113,0.031762492662577586,0.44047619047619047,4.442651256490317,0.057758834164097196,0,1,0.02252509615524215,-0.6596377801984515,3.047032267138834
2020-04-08,-0.018253138732796458,-0.00533480121316352,0.010262267612268713,0.02252509615524215,-0.30888289008601005,0.00036032405214913405,0.0013992944349991926,-0.0744375129843867,0.35714285714285715,4.2626798770413155,-0.09901388772752351,0,0,-0.010616822906183088,-3.5001665510044924,0.14443572136041194
2020-04-09,0.022386523695889088,-0.006500869302542124,-0.0058801915528183,-0.010616822906183088,-0.2190833308353034,0.041633439372849586,-0.006010898736851253,-0.03952526653493404,0.2857142857142857,4.356708826689592,0.018727139063684756,0,0,-0.060067012815594734,-7.756005019619732,0.16749790771226591
2020-04-10,-0.010478250446830118,-0.010386201042664486,-0.05317520759233543,-0.060067012815594734,0.5384287723632344,0.0,0.0,0.0,0.1917808219178082,4.30406509320417,0.019763489132538448,0,1,0.002607795009356709,-1.4527104886492412,1.237118424844823
2020-04-11,-0.060067012815594734,-0.04937080764426903,0.00296593249411008,0.002607795009356709,-0.8337974977014835,0.0,0.0,0.0,0.08108108108108109,3.6375861597263857,-0.6085897925048552,1,1,0.003912746218315506,-1.418068799841771,4.272367849721294
2020-04-12,0.0026092491666836943,0.03296028925812144,0.0029542118974313827,0.003912746218315506,0.4852295232523378,0.0,0.0,0.0,0.03508771929824561,4.060443010546419,-0.19518747403007602,1,0,-0.009588406781744151,-4.879595810520917,0.0
2020-04-13,0.003911292060988635,-0.03881093227889742,-0.030702523888475906,-0.009588406781744151,0.2663779946855118,0.004941175038212751,-0.001709641620417164,-0.012071610186211567,0.06578947368421052,4.343805421853684,0.11543616765972586,0,1,0.004492730411147657,-1.2305751368810431,2.0280213377289016
2020-04-14,-0.009569395305392693,0.010691806595545077,0.02690179995465461,0.004492730411147657,-0.3335661833615719,0.006797057351607868,-0.0046408385293312685,-0.08645949447997496,0.18571428571428572,4.2626798770413155,0.06317890163581738,0,0,-0.03669219621182481,-3.9147921824152276,0.9317760161912525
2020-04-15,0.00445479232128366,-0.0064697228042289645,-0.022349440044194226,-0.03669219621182481,-0.11490331743784737,-0.016935449293475353,0.005747428971737732,0.0784117002063237,0.0875,4.394449154672439,0.1752040890375908,0,1,0.07008532257417706,-2.337397877269548,8.24085081463391
2020-04-16,-0.03667175930832896,0.036398551772601914,-0.020918253160368095,0.07008532257417706,0.7081953612108665,-0.003944735829989091,0.005714584712106837,-0.018036302033797233,0.43617021276595747,4.553876891600541,0.3009408082533657,0,0,-0.01052984748182655,-1.8325306131970076,0.6481398908175909
2020-04-17,0.07009085258923609,-0.0058417866639863215,0.07513399521490248,-0.01052984748182655,-0.8370685145667478,-0.018301820946780283,-0.002502378594773782,-0.0500998972716128,0.34210526315789475,4.343805421853684,0.08223809825013008,0,1,0.030970208092469646,-0.1872959787516659,3.708781468569987
2020-04-18,-0.010646462558597039,0.020076568295697445,0.0059224988626266845,0.030970208092469646,-0.08958289535620156,0.0,0.0,0.0,0.4791666666666667,3.8918202981106265,-0.3994949411008273,1,0,-0.017796694163898973,-2.69867190162511,0.2418230910276135
2020-04-19,0.031079782864197724,-0.0036993756829541095,0.0058564488637352485,-0.017796694163898973,-0.08041202418662421,0.0,0.0,0.0,0.11538461538461539,3.970291913552122,-0.30942205906895615,1,0,-0.04215121560930678,-5.33210105478038,1.3843300297197634
2020-04-20,-0.017704011463058812,-0.006371624776977495,-0.044130985695451645,-0.04215121560930678,0.6801401471969507,0.007313955384594793,0.0018023466088692777,0.13879275847971348,0.1780821917808219,4.30406509320417,0.03586041617471295,0,1,0.0021275669780452776,-0.9541732712536166,1.6441337520482662
2020-04-21,-0.04192901402019803,-0.03955317838602169,0.0016280622259608308,0.0021275669780452776,-0.4052979015992845,-0.013847209197883095,0.0029967363344493643,0.035413785542628626,0.01282051282051282,4.3694478524670215,0.08601287467286078,0,1,0.0406413711082043,-0.3421830260564255,4.501626255210339
2020-04-22,0.0018112209914903626,0.03070249200966586,0.008247469430017045,0.0406413711082043,0.02264423751891519,0.029647891342731346,0.0012957614813667974,-0.07853903826147382,0.27848101265822783,4.382026634673881,0.10074990311280128,0,1,0.048922884583249386,-1.486615704676009,8.251388119384142
2020-04-23,0.04064002583848107,0.0781389897499422,0.029197044322008356,0.048922884583249386,0.5137125710140543,0.0026574814347122173,0.00039837582030818376,-0.014395605358408076,0.5918367346938775,4.59511985013459,0.3083013596647207,0,1,0.003017205417696101,-1.2695197330735652,1.76937857067024
2020-04-24,0.04913549554397367,-0.015897210903889663,0.05109384429927388,0.003017205417696101,-0.5351529173078401,-0.005670027160958046,-0.000498013578997292,-0.14122508851070348,0.47368421052631576,4.564348191467836,0.24020557660145764,0,1,0.004476308802495665,-0.9899605957152419,2.630000368665379
2020-04-25,0.002807401423300916,0.011623423397647548,0.005812796791279325,0.004476308802495665,-0.3160436587992978,0.0,0.0,0.0,0.4375,4.174387269895637,-0.18492233847838688,1,1,0.02027804933449806,-0.781298190153498,2.1174554971717394
2020-04-26,0.004524061443822604,-0.000649139912440876,0.0065629328581130655,0.02027804933449806,0.1410894433322071,0.0,0.0,0.0,0.5111111111111111,3.828641396489095,-0.5240708504937891,1,1,0.010540759050406048,-1.1386413716351003,1.2776309849633996
2020-04-27,0.020230296693171,0.011879804212414715,0.01670461751968204,0.010540759050406048,0.2587330806272551,-0.006753227914803885,-0.0033928417039107827,-0.07631553053054217,0.2777777777777778,4.290459441148391,-0.0521857531566813,0,0,-0.004594686301061086,-1.4967487626353044,0.06917559174752233
2020-04-28,0.010397976606229794,-0.0015437948817526366,0.006959685140403956,-0.004594686301061086,-0.3459527508287796,-0.0008181536244567528,-0.001700747404415689,0.008375722812708732,0.4246575342465753,4.30406509320417,-0.028931622520306725,0,1,0.12604362825102328,-0.3745223333247687,14.570648922032456
2020-04-29,-0.00450359159062174,0.1404200470017883,0.00662757799204432,0.12604362825102328,1.377268741093384,-0.004159457378130776,-0.0030084564215595256,-0.07225364526404565,0.5277777777777778,4.6913478822291435,0.3090732624423578,0,0,-0.018228439547185536,-4.396277784007713,7.475885884099975
2020-04-30,0.12609645512180703,0.055095997871698506,0.08582607374419385,-0.018228439547185536,0.11675081113541308,-0.011335623435517613,-0.005539095303350765,0.08938347406129576,0.5263157894736842,4.564348191467836,0.1862389943892851,0,1,0.023725589801303106,-0.07473789860909956,4.969352355694549
2020-05-01,-0.018229578684232278,-0.04329377483123964,0.02498695930680064,0.023725589801303106,-0.8132228686162452,0.006097067443094948,-0.0022241803896465807,0.0852772403121617,0.48484848484848486,4.605170185988092,0.22026170494942188,0,1,0.016303515058974757,-0.8414175726603942,2.0524397143341697
2020-05-02,0.023579435941816516,-0.005443536612300727,0.016058793060790187,0.016303515058974757,-0.43842526967897505,0.0,0.0,0.0,0.10909090909090909,4.02535169073515,-0.3512054681160152,1,0,-0.008719307953238976,-2.9412803905220186,2.508929451911496
2020-05-03,0.016508739515086086,0.0208684124347481,-0.004695113119641593,-0.008719307953238976,0.42363659410751414,0.0,0.0,0.0,0.3870967741935484,4.143134726391533,-0.262009717381525,1,0,-0.002499140111014321,-4.274382650492026,0.625865070412333
2020-05-04,-0.008779502883766136,-0.02754995176823063,-0.0220503305529391,-0.002499140111014321,-0.06542270162567637,0.007291162026340241,0.006859017037953738,-0.033354579366393466,0.24444444444444444,4.51085950651685,0.0792493716652518,0,1,0.01675145450840847,-1.2699836523326185,2.7418348737451232
2020-05-05,-0.0025025243738786384,0.018660557922313595,0.02754484987057983,0.01675145450840847,-0.09874744218511626,-0.001465717123550518,0.0023093109787881917,-0.06786163174739818,0.297029702970297,4.624972813284271,0.1475717087391169,0,1,0.013332613300691144,-1.289840974926667,4.053043688539393
2020-05-06,0.016703865887321177,0.029863542656351137,0.016552881282468138,0.013332613300691144,0.3256948757675946,-0.011922512345884834,0.003803780983961886,0.015060031421976575,0.43,4.61512051684126,0.1508228897445836,0,1,0.08824435807397825,-1.3424616606224136,9.628293846656035
2020-05-07,0.013437208779552174,0.06908511488185756,0.01280640644373365,0.08824435807397825,0.3287496605818454,0.02207963897860998,-0.0020001702089409,-0.08180270677123987,0.4596774193548387,4.8283137373023015,0.31888585212720155,0,0,-0.018840761270535238,-2.858295073373054,0.49504754898748615
2020-05-08,0.08818184614431324,-0.003088104902707295,0.07308602394647185,-0.018840761270535238,-0.3794989349847346,-0.006935380050009182,-0.0016030063598269273,-0.11659103167062464,0.616822429906542,4.68213122712422,0.15883452914903046,0,0,-0.026952815683587594,-2.898855728089498,1.1589710061312728
2020-05-09,-0.01882972719527598,-0.012201526699097343,-0.019246367817699672,-0.026952815683587594,-0.20586727953032805,0.0,0.0,0.0,0.390625,4.174387269895637,-0.3690974639216644,1,0,-0.08949374237266458,-16.146996262154264,0.3707189939323628
2020-05-10,-0.026985285103478723,-0.034835335805576816,-0.15943422102423535,-0.08949374237266458,0.8080851850646437,0.0,0.0,0.0,-0.1232876712328767,4.30406509320417,-0.2543539442851041,1,0,-0.018659103544510936,-6.180269375770921,4.9782311944467015
2020-05-11,-0.08946229335937486,-0.04341862036752111,0.010173526491168847,-0.018659103544510936,-0.08544524034981343,-0.00857515842664911,0.005100721202660068,-0.014761738910366265,0.4013605442176871,4.997212273764115,0.36266256888020654,0,1,0.028699362273097852,-0.38314178278059335,4.752835513622709
2020-05-12,-0.018598368510422222,-0.02091306035275095,0.03931217238539241,0.028699362273097852,-0.6683498096985176,0.005353411843933332,-0.003097345349061024,0.1809907623958621,0.1590909090909091,4.48863636973214,-0.13210992826578147,0,1,0.05504431306987792,-0.20222936285668858,6.451979392412024
2020-05-13,0.0286613264214989,0.04569080106099117,0.030508486472336966,0.05504431306987792,0.06643624019234246,0.0055583326933722026,0.003097345349061029,0.06559722017571892,0.41,4.61512051684126,-0.004276556757260262,0,1,0.050542263457842476,-0.5667324403423962,6.544499215948689
2020-05-14,0.05501946551198957,0.055969511305244496,0.05139928229502101,0.050542263457842476,0.3373416262533208,0.014021058879757815,0.002291898347494875,-0.07869718802023445,0.47,4.61512051684126,0.030459207494708686,0,0,-0.049785248551448925,-6.780980399679428,0.5463002953966783
2020-05-15,0.050543390588803666,-0.009439725747677537,-0.011600216135527709,-0.049785248551448925,-0.11153756272729101,0.008764225555300193,-0.0006969651685236173,-0.02232654663523826,0.0967741935483871,4.543294782270004,-0.02127739843653212,0,1,0.006936713576645949,-1.040339716427289,2.873388183936252
2020-05-16,-0.04983360371518845,-0.02651436966605304,0.007621158281072566,0.006936713576645949,-0.6652000700347064,0.0,0.0,0.0,0.3333333333333333,4.007333185232471,-0.5497410399971459,1,1,0.03135088520193182,-0.6327223104673433,5.2606752405913815
2020-05-17,0.006937054909810628,0.030809584143197108,0.011012887636245276,0.03135088520193182,0.14154059906207886,0.0,0.0,0.0,0.3333333333333333,4.1588830833596715,-0.3802054413330535,1,1,0.005551686585784176,-2.2546604510114867,2.7506517659148457
2020-05-18,0.03151045090152875,0.006250650455166378,0.015131503796490524,0.005551686585784176,0.17781121014543586,-0.012395415869611638,-0.007297511847432734,-0.0847049718985565,0.3229166666666667,4.574710978503383,0.1233790211709213,0,1,0.004264604253293181,-2.7066515595577214,1.6635179143382621
2020-05-19,0.005441155961199445,-0.005319651929981604,0.0010317755003219243,0.004264604253293181,-0.04319477636382124,0.007134611589602911,-0.0030144257249692962,0.041122339253499486,0.2,4.61512051684126,0.14420034898409026,0,0,-0.02738809106362215,-4.7076125964301205,0.6776618093356042
2020-05-20,0.004223684918594648,-0.00559395679673335,-0.015745006115430896,-0.02738809106362215,-0.04713422840602675,0.0036626025539089747,-0.002519019852671667,-0.08686253388754123,0.2803738317757009,4.68213122712422,0.20037404759035402,0,0,-0.04767082257525894,-7.603941743697458,0.7023638216898505
2020-05-21,-0.02734717172892376,-0.027141070940079896,-0.05635138253629559,-0.04767082257525894,0.3742235123223213,-0.01734362611469108,0.002519019852671609,0.053559423658212896,-0.009708737864077669,4.6443908991413725,0.15739217376113815,0,1,0.011113875556824242,-1.5012916558768234,2.2067837913296198
2020-05-22,-0.047796538272683334,-0.03262662287886123,0.013355678302947427,0.011113875556824242,-0.6141211849496335,0.008161878938069567,0.004918926301311896,-0.04750419313706584,0.15625,4.574710978503383,0.08215306784897011,0,1,0.0009973214844743207,-1.0965022141328216,1.492084387207465
2020-05-23,0.011239591254248798,0.003966881515602737,0.015161769974264156,0.0009973214844743207,-0.3032078147293589,0.0,0.0,0.0,0.18333333333333332,4.110873864173311,-0.39749693844232104,1,0,-0.051276379766393834,-5.361158209230969,1.2864715515545166
2020-05-24,0.0009820694112815927,-0.0010588068720551803,-0.04164923846650716,-0.051276379766393834,0.4805419509402679,0.0,0.0,0.0,0.08,3.9318256327243257,-0.5587991280088669,1,1,0.02043237382109617,-0.8940879899460895,2.9303791695506547
2020-05-25,-0.05151344326332786,-0.03483730358643264,-0.0066056775735450456,0.02043237382109617,-0.11341232333553171,0.0,0.0,0.0,-0.043478260869565216,4.248495242049359,-0.19159519356479104,0,0,-0.006670249903320307,-2.2767576147012165,1.3095384042077258
2020-05-26,0.02068468939122303,0.0042239661676672395,0.0066056775735449606,-0.006670249903320307,-0.07489676039573447,-0.017328994749641426,-0.009558828408124451,-0.005340928427787403,0.1375,4.394449154672439,-0.008888947404745886,0,1,0.040225425628930105,-0.33365634698628244,4.249683802236093
2020-05-27,-0.006690609383882835,0.02273120407696337,0.01276076277382904,0.040225425628930105,0.16720831385764004,0.003220991829132791,0.0015153197379478697,-0.014021419077315479,0.20212765957446807,4.553876891600541,0.17565688505886018,0,1,0.0396027036055747,-1.0273066261292938,4.47669326173163
2020-05-28,0.04024578510949246,0.042495520223885475,0.03328892283749985,0.0396027036055747,0.07275463972718216,0.001752541583290877,-0.006888199065259358,0.03451683330519279,0.4,4.51085950651685,0.15600424848769243,0,0,-0.015663143272285802,-2.601346627948209,0.306238395019389
2020-05-29,0.03960061502468186,-0.0021018450615479223,0.02386230358738551,-0.015663143272285802,-0.2559635389462539,0.013680565277693138,-0.00040667870457269,-0.03850742841489383,0.3,4.394449154672439,0.06835531967677214,0,1,0.028305468467552164,-1.0218498898948225,3.2655779787994894
2020-05-30,-0.01571091235837224,0.0139302525655152,0.00013182410824799887,0.028305468467552164,-0.03024108599939929,0.0,0.0,0.0,0.4489795918367347,3.912023005428146,-0.40059417785315976,1,0,-0.026059150370553428,-3.316073478333686,0.023507917533619815
2020-05-31,0.02835532613453135,-0.004115232145106544,0.00536323258316372,-0.026059150370553428,-0.14122565167971482,0.0,0.0,0.0,0.2608695652173913,3.8501476017100584,-0.45592990201233446,1,1,0.07663155167361478,-0.2819300709920258,9.404922177429494
2020-06-01,-0.026059150370553428,0.06775499222840542,0.004282283702863077,0.07663155167361478,0.4611073877349163,0.0005180443866920326,-0.005199527558490714,0.025835642793460324,0.32558139534883723,4.465908118654584,0.13685918272882525,0,0,-0.06927426238341051,-9.611142064260582,0.2762638224660076
2020-06-02,0.07682171531293965,-0.014655031876020023,-0.016660568259070665,-0.06927426238341051,0.3518414947462207,-0.007277016031962099,-0.0016368664740111128,-0.0504919082613202,0.3076923076923077,4.5217885770490405,0.17263549451235044,0,1,0.015450457159570928,-1.6187185690165675,1.790548064902305
2020-06-03,-0.06946652729789425,-0.054131419959047744,0.010649972569029637,0.015450457159570928,-0.8569610598512992,-0.016009633407297864,-0.004001025042514754,-0.044959964547610816,0.056074766355140186,4.68213122712422,0.31064054201703467,0,1,0.01262603317612486,-2.2624660907571252,2.2038075495975216
2020-06-04,0.015460834627846514,0.019583052006523025,0.00901298194216524,0.01262603317612486,0.2169025446159886,0.012351241473905206,-0.006186846677672824,0.005828639797671805,0.2391304347826087,4.532599493153256,0.15596391696230888,0,0,-0.017300596060589795,-2.1483464920611173,0.6688136859980088
2020-06-05,0.012523770100238446,-0.0027239054598703423,0.013767229163084838,-0.017300596060589795,-0.18424558552104142,-0.025155268002861633,0.002685696610106493,-0.05127286330163272,0.3191489361702128,4.553876891600541,0.1523792001895147,0,1,0.004680770035723853,-0.9409949547789003,1.1762799295405406
2020-06-06,-0.017205569802651047,-0.01222593362516456,-0.005227080687767656,0.004680770035723853,-0.37778254766325897,0.0,0.0,0.0,0.08333333333333333,4.110873864173311,-0.3158529494018107,1,1,0.008312909833360433,-3.087000775040675,1.3940836922874063
2020-06-07,0.004736627751835741,0.006858807663192747,-0.016779288166893763,0.008312909833360433,0.5706366594116059,0.0,0.0,0.0,0.27450980392156865,3.9512437185814275,-0.48701497505266444,1,1,0.0035864650046320786,-1.1763815622355482,0.542386627868433
2020-06-08,0.008256012742079306,-0.0002040608108294991,0.027419101961411615,0.0035864650046320786,-0.35427020901202433,0.013098481927345721,-0.00330646804904313,0.05127286330163285,0.2692307692307692,4.3694478524670215,-0.04826674095701396,0,0,-0.000979828700433323,-2.1911778937611137,0.9663837523516187
2020-06-09,0.0035854427193235147,0.007826436249463949,-0.0065614983106237045,-0.000979828700433323,0.12380351554330848,0.009610330246712897,-0.0031098091607434653,0.06596622092794538,0.47126436781609193,4.477336814478207,0.06793783359506039,0,1,0.011453300920539622,-0.7008435180385874,2.229167217132532
2020-06-10,-0.0009777831287073602,0.011648005947375742,0.01392351505679202,0.011453300920539622,0.02376290211829856,-0.0008167458702274134,-0.0037445499613823646,0.0,0.24444444444444444,4.51085950651685,0.13217177311959416,0,0,-0.06311380730512214,-8.131649110859051,0.7960140777353731
2020-06-11,0.011474533329810863,-0.002878230473431896,-0.06285475500766512,-0.06311380730512214,0.6948162326732137,0.010855446283993906,0.007992198467841808,0.39170876180778363,0.030612244897959183,4.59511985013459,0.20651866535477856,0,1,0.019709870061973344,-0.5173698443217056,2.938177712925403
2020-06-12,-0.06329986245891459,-0.04169217095322189,0.013028985360251188,0.019709870061973344,-0.633340649185024,-0.0015600795547297869,0.006080887880907707,-0.12242115289168394,-0.1717171717171717,4.605170185988092,0.20775037106031388,0,1,0.0008670183509335627,-1.2131229926121696,0.31223884615492536
2020-06-13,0.019855708696858227,-0.006549518605731619,0.012752338579068757,0.0008670183509335627,-0.5908131278902446,0.0,0.0,0.0,0.26666666666666666,4.110873864173311,-0.2930249168456098,1,0,-0.013950471361775322,-2.4398672891276885,0.08072034638397899
2020-06-14,0.0008849791741526214,-0.001448166646775785,-0.011400424614221562,-0.013950471361775322,0.07945750709531232,0.0,0.0,0.0,0.1836734693877551,3.912023005428146,-0.49199045833634825,1,1,0.008942883921489994,-4.7306321110703715,1.623427789565959
2020-06-15,-0.013950471361775322,0.001476603070044366,-0.03685811958120223,0.008942883921489994,1.0525555555502295,-0.005218007981163413,-0.0065979557876870015,-0.0479592141463831,0.039473684210526314,4.343805421853684,-0.04950598380029691,0,1,0.010507911061560557,-0.5631132523393204,1.7142657881464591
2020-06-16,0.00894606659585925,0.009851263907294835,0.050618072508800446,0.010507911061560557,-0.5033496428884181,0.005391431183017847,0.002891953886846593,-0.02144942994569364,0.3793103448275862,4.477336814478207,0.0856687945662921,0,0,-0.006366285463241823,-3.080692613300691,0.41287415405761096
2020-06-17,0.010649590810132038,-0.002506005279327973,-0.014667882548053193,-0.006366285463241823,-0.08008436227933573,-0.00023130821343635084,0.0020606289468201085,-0.005957627095808134,0.3076923076923077,4.3694478524670215,-0.0018298266642555814,0,0,-0.008362265766844552,-1.9754029090289047,0.2517657103223179
2020-06-18,-0.006512204395149535,-0.007977369900594741,0.004686611579475949,-0.008362265766844552,-0.25097937444413926,-0.002547715531949515,0.0026723677574222804,-0.01596186863598208,0.23595505617977527,4.499809670330265,0.14668795863690468,0,0,-0.008139514519042584,-1.833499288596683,0.55225690728879
2020-06-19,-0.008361209257877707,-0.0053573537971798165,-0.006943229562522276,-0.008139514519042584,0.19280269666402478,0.0121590659502639,0.0020509090115185353,0.06408305529479859,0.16666666666666666,4.3694478524670215,0.05457610124929642,0,1,0.005219309107220791,-1.5072916008726518,0.9063837262917398
2020-06-20,-0.008139514519042584,-0.004598246329013052,-0.004877437641802188,0.005219309107220791,-0.4018842586590715,0.0,0.0,0.0,0.2,4.02535169073515,-0.28508129073354177,1,0,-0.006889835356610858,-0.8305623403652657,0.6714275568117444
2020-06-21,0.005219309107220791,0.002869747412420772,0.0119866017122948,-0.006889835356610858,-0.22093384561729093,0.0,0.0,0.0,0.25,3.8918202981106265,-0.41925843021966697,1,1,0.04120626916014081,-0.18953493169506683,5.0896214693604795
2020-06-22,-0.006889835356610858,0.037292103768876685,-0.0004795612699088796,0.04120626916014081,0.8674664538499814,0.006166825249584587,-0.005959144524114703,-0.10024827566350966,0.26744186046511625,4.465908118654584,0.1445074035670821,0,0,-0.006297086976149205,-1.1282015473726026,0.35360799590857617
2020-06-23,0.04120626916014081,-0.0061538655743782235,0.031819603003365275,-0.006297086976149205,-0.3443105199444208,0.008728248980421311,-0.0036132643250427043,-0.012670413734777106,0.4722222222222222,4.290459441148391,-0.003960401202208075,0,0,-0.03471554197335148,-4.427978011753112,0.46758579280902585
2020-06-24,-0.006355271151939979,-0.005157309007144699,-0.039294851619954295,-0.03471554197335148,0.40587150478289896,-0.0035613970847807024,0.004746181784583317,0.07579149029179619,0.07228915662650602,4.430816798843313,0.12838116666025504,0,0,-0.0050684946945599284,-3.133624475073827,0.46693426769899554
2020-06-25,-0.03445945321918823,-0.03472205722445175,-0.02177200660655859,-0.0050684946945599284,-0.09785973895201006,-0.0020976074000182165,0.002877983039635605,-0.04905612361179041,-0.011235955056179775,4.499809670330265,0.19817692859498462,0,0,-0.009480998907668087,-2.230654601571367,0.52309083991917
2020-06-26,-0.005266399272932383,-0.004506928972358291,0.003961204040464729,-0.009480998907668087,-0.10448841082525252,0.005884713686692411,0.0007182034342949106,0.07501643794001076,0.11627906976744186,4.465908118654584,0.1483535621545604,0,0,-0.016530393391535187,-3.6592708198538015,0.370728890245748
2020-06-27,-0.009480998907668087,-0.011004618404402412,-0.023767161090492393,-0.016530393391535187,-0.08290590160208477,0.0,0.0,0.0,-0.01694915254237288,4.0943445622221,-0.23613387108694092,1,1,0.011512482108878288,-0.7120273555566126,1.9667721805974334
2020-06-28,-0.016530393391535187,-0.0005699604880181685,0.012942041251436751,0.011512482108878288,-0.4110686004707935,0.0,0.0,0.0,0.1,3.713572066704308,-0.6093772974694865,1,1,0.008324956553215883,-1.0107566225404017,1.325590732953748
2020-06-29,0.011491640217113817,0.0051006676324412015,0.008525189439040307,0.008324956553215883,0.3166522022094153,0.0012967886103743235,0.0004101816642783301,-0.08876667086055672,-0.04878048780487805,4.418840607796598,0.11625980612805711,0,0,-0.0058927316772564384,-1.398575168246563,0.13523534529491144
2020-06-30,0.008386047576230236,-0.0035785973233724943,0.004446771096154324,-0.0058927316772564384,-0.2917122231332544,0.010202426588476162,-0.0015390299620584962,-0.04340820877712465,0.20253164556962025,4.382026634673881,0.06538275927551006,0,1,0.01017398021090804,-0.6416523786419731,1.6652085353327084
2020-07-01,-0.005984412609675638,0.009407000223121513,0.001676496218789523,0.01017398021090804,0.20154281440578628,-0.011104398270962212,-0.0019528496363135678,-0.06132317048603611,0.38636363636363635,4.48863636973214,0.16366549947996056,0,0,-0.01588151210121853,-3.2140120580320923,0.32399795618322696
2020-07-02,0.010224328822582628,-0.0032381255805866934,-0.015549616582993187,-0.01588151210121853,0.1722886290452187,0.006072237805783904,0.0012338347098170114,-0.03339566167701841,0.16346153846153846,4.653960350157523,0.3024424880445169,0,0,-0.0031171490343047835,-0.5414929687226413,0.42237018040301333
2020-07-03,-0.01588042891172381,-0.01489778985902081,0.010843678791875979,-0.0031171490343047835,-0.4573059741990281,0.0,0.0,0.0,0.17721518987341772,4.382026634673881,0.04059598029305429,0,1,0.008486495706433785,-0.20134494571634043,1.4438887737375234
2020-07-04,-0.0031690367250657744,0.007098036899040429,0.0002843311957582247,0.008486495706433785,-0.09039043267662246,0.0,0.0,0.0,0.19047619047619047,3.7612001156935624,-0.5586434980926741,1,0,-0.007256331939539371,-2.689572048505705,0.10699810109089071
2020-07-05,0.008488028890510532,-0.004882411020032583,-0.01639577532145989,-0.007256331939539371,0.2535720015595124,0.0,0.0,0.0,-0.04081632653061224,3.912023005428146,-0.4218510168785748,1,1,0.029848617569280738,-0.14885248975685436,3.3139359459359743
2020-07-06,-0.0072059774328551915,0.02481304650891145,0.018150863647949163,0.029848617569280738,0.4689995360221163,0.0025192455591178196,-0.005460822159623259,0.009349231168656014,0.35294117647058826,4.454347296253507,0.1232601928196847,0,0,-0.009333678488988535,-1.522631210967587,0.3762097451256984
2020-07-07,0.02966345884330738,0.00047135556117818223,0.01611083035717348,-0.009333678488988535,-0.4540363776701806,0.00873997345987791,0.0009293782745835324,0.051955199671667306,0.2597402597402597,4.356708826689592,0.028223886600942057,0,1,0.01911636867434222,-0.285476646939259,2.270675572057985
2020-07-08,-0.009147439545524062,0.009610979780334296,0.003037867151294649,0.01911636867434222,0.48437017081595574,0.006243658695440093,-0.004655711207452952,-0.046956996174339384,0.3614457831325301,4.430816798843313,0.11284687369807092,0,0,-0.021816234347635674,-2.9692341465710337,0.05011429448232495
2020-07-09,0.019115288456851124,-0.003089244101414361,-0.007721206321975613,-0.021816234347635674,-0.15573115643534371,-0.009018817348082771,0.0027960112131903444,0.041163826973734635,0.22105263157894736,4.564348191467836,0.265376314948009,0,1,0.006037564295295626,-1.170438633555827,0.916992006633489
2020-07-10,-0.021817317486680973,-0.013147457226124138,-0.003828279217483721,0.006037564295295626,-0.2267943981961584,-0.0005559571095256041,-0.0005171494582062639,-0.0697010351459887,0.03896103896103896,4.356708826689592,0.05923412334350228,0,0,-0.005864277156991474,-1.1923295447841555,0.11771277079295214
2020-07-11,0.006038647434340866,-0.0019552280631096775,0.005818655183012325,-0.005864277156991474,-0.5290932648492165,0.0,0.0,0.0,0.21052631578947367,4.060443010546419,-0.27062004715751564,1,1,0.00741448243121315,-0.8322357271585334,1.194586796510844
2020-07-12,-0.005865360108358774,0.004904463100187502,-0.002263338980735161,0.00741448243121315,0.31363339785001193,0.0,0.0,0.0,0.1724137931034483,4.07753744390572,-0.2702903297226704,1,0,-0.006484660129130597,-1.100983686712947,0.44051068280628297
2020-07-13,0.007475760824298933,-0.0001262787058324721,0.00472700283566901,-0.006484660129130597,0.3252644947009056,0.0070930414866313,-0.0019678162924543765,0.16513543438034217,0.18292682926829268,4.418840607796598,0.08164096447346231,0,1,0.0014303888111533642,-1.412342973051062,0.3986581359509909
2020-07-14,-0.006545937515731381,-0.006903185597683333,-0.009598252992511607,0.0014303888111533642,0.06854775428437586,-0.00022091032603613835,-0.0020755190823017722,-0.08658778740950648,0.29411764705882354,4.454347296253507,0.10256331104852995,0,0,-0.006313203598260291,-1.03473802314031,0.2227458435783218
2020-07-15,0.001431470756035939,-0.0003287341125734414,0.005206438310260844,-0.006313203598260291,-0.15875008043511227,0.00044177186147813246,-0.001871689237927037,-0.06147187135554428,0.20430107526881722,4.543294782270004,0.17406083979734088,0,0,-0.006969520861188566,-1.6481736325927674,0.3099262946242477
2020-07-16,-0.006313203598260291,-0.005441399087801011,-0.012447559692784858,-0.006969520861188566,0.1049618660065315,-0.007035885831272417,0.002806182194208918,0.008608366291577263,-0.14545454545454545,4.709530201312334,0.31488866496312934,0,1,0.0022528394199239758,-0.48190537154782237,0.5797877113512676
2020-07-17,-0.006969520861188566,-0.00427090669391824,0.004693161749260968,0.0022528394199239758,-0.4357523951162534,0.005323049805576425,-0.004264357502404754,-0.08649201946965146,0.06593406593406594,4.5217885770490405,0.10066199488726119,0,1,0.0017419211372258878,-0.36354881680889845,0.7073213761265944
2020-07-18,0.002251747038899173,0.003528176067677075,0.0034364049673132,0.0017419211372258878,-0.21820757107229916,0.0,0.0,0.0,0.20408163265306123,3.912023005428146,-0.5043909715348033,1,1,0.004212360691051645,-0.7545065985216266,0.6737135285250162
2020-07-19,0.0017451944743599437,0.0014058426612101687,-0.0021676566799014594,0.004212360691051645,0.14415884534058307,0.0,0.0,0.0,-0.021739130434782608,3.8501476017100584,-0.546216748684435,1,0,-0.005248852945236642,-0.8504963210203383,0.1359702138513201
2020-07-20,0.004210179734942425,-0.0011650724556850893,0.003252463466064572,-0.005248852945236642,0.3082751601742081,0.004194021617199042,-0.0011472140581443113,-0.04867339787609937,0.17105263157894737,4.343805421853684,-0.03327478887171421,0,1,0.02471396532100174,-0.08714844945727426,2.978415723993572
2020-07-21,-0.005248852945236642,0.02317560215618575,0.0023846257703938898,0.02471396532100174,0.5328435090809251,0.014487856747344773,-0.00743652620555035,0.01541617037865467,0.43333333333333335,4.110873864173311,-0.22314355129754318,0,1,0.013556259591711564,-1.3833259032039569,1.626739157544343
2020-07-22,0.02471396532100174,0.011197199656509409,0.011752190783535038,0.013556259591711564,-0.21317622844446235,0.011709267020525905,-0.0015782161490157129,-0.021156218658487835,0.34375,4.174387269895637,-0.10178269429431731,0,1,0.008902112662382592,-0.8210615638358689,1.5206088380576006
2020-07-23,0.013556259591711564,0.012494956396844229,0.019178902985392432,0.008902112662382592,0.060437422431504684,0.013322162460929807,-0.0029526413298707976,0.06986968958345077,0.25806451612903225,4.143134726391533,-0.031748698298451325,0,0,-0.006840814574633343,-1.4667712146521152,0.3506191394884834
2020-07-24,0.008902112662382592,-0.0027977843233087953,0.002445016154220237,-0.006840814574633343,-0.16585182760172712,0.0043313363665133785,-0.0026436857098438593,-0.009245049313565495,0.3548387096774194,4.143134726391533,0.0351736141943961,0,1,0.01690633264140375,-0.26035666753123843,2.0249048167479766
2020-07-25,-0.006809361274917369,0.009902042197961676,0.005223330896575456,0.01690633264140375,-0.07689792515472996,0.0,0.0,0.0,0.275,3.713572066704308,-0.38136755650410387,1,1,0.023546368090711377,-0.521126819014146,4.145475656822602
2020-07-26,0.016874879341687753,0.03811204104214994,0.014298631126574677,0.023546368090711377,0.47294912107653053,0.0,0.0,0.0,0.43902439024390244,3.7376696182833684,-0.34440485132252785,1,1,0.10489965515383327,-0.1443919893164624,13.744682490003512
2020-07-27,0.023546368090711377,0.11953843642252049,0.02731371638768809,0.10489965515383327,0.8332195382533516,0.017606154822841998,-0.008186790395603733,-0.04350232710665229,0.6097560975609756,4.418840607796598,0.33403618183552686,0,0,-0.011277353573673094,-4.306855571756052,1.9062016578081886
2020-07-28,0.10489965515383327,-0.013485153168119844,0.06327501932943727,-0.011277353573673094,-0.43442673326427544,0.007069694974014618,0.0009604009396220613,0.027901401751899087,0.3877551020408163,4.59511985013459,0.4238547399938351,0,1,0.017655001714241426,-0.8681224797706326,3.924709142131397
2020-07-29,-0.011277353573673094,0.008907721269558737,0.023109977346181153,0.017655001714241426,-0.2357667867163711,0.004514937092596289,-0.005347034326374444,-0.054110903139523485,0.4307692307692308,4.189654742026425,0.011049836201969553,0,0,-8.288236024881114e-05,-2.45804620725487,0.6238758154960452
2020-07-30,0.017654100855948693,-0.015353331552111996,0.0017557644393990034,-8.288236024881114e-05,-0.2341958416684391,-0.005749772517706172,-0.0025768265787048652,0.027017600735182976,0.47619047619047616,4.1588830833596715,-0.022422464039959417,0,1,0.02102589283746785,-1.2657691046030524,3.055560262196371
2020-07-31,-6.576484745143042e-05,0.024233962106754537,0.011839888666269456,0.02102589283746785,0.14189957707536321,0.01049918711509946,0.0050399681457442055,-0.0121903642309584,0.3387096774193548,4.143134726391533,-0.038422805386144517,0,1,0.04026281369533566,-1.0237965308817711,4.531984164377082
2020-08-01,0.021009676182963257,0.03579013185927493,0.023445618574680725,0.04026281369533566,0.194275692722955,0.0,0.0,0.0,0.5135135135135135,3.6375861597263857,-0.5479651706884204,1,0,-0.06383798859409126,-11.50630675067567,2.6943739349072637
2020-08-02,0.04026281369533566,0.021886711400637377,-0.06456228850260334,-0.06383798859409126,0.13671665159595384,0.0,0.0,0.0,0.21052631578947367,3.6635616461296463,-0.5145779733582254,1,1,0.013320275400209495,-1.230059108296381,3.5635758312393593
2020-08-03,-0.06383708536228272,-0.05514596963077022,0.03892448782970155,0.013320275400209495,-0.5385418268193859,0.0016289716145934227,0.0001069804412459313,-0.007386098357863181,0.15873015873015872,4.1588830833596715,0.03460552919334858,0,0,-0.002484409031295822,-1.978569310645132,1.7245561994806364
2020-08-04,0.013307785452303447,-0.005069920917377768,0.005835173376722213,-0.002484409031295822,0.02937660543864842,0.017745954507515056,-0.0012842761648091314,-0.02164949034407163,0.30434782608695654,4.248495242049359,0.19608037297987502,0,1,0.04822339837274129,-0.888227811700343,5.128556560215623
2020-08-05,-0.002471035321297345,0.03155559457605408,0.008419005958152061,0.04822339837274129,0.24586006539187524,0.014830529962694551,-0.00590727699317517,-0.03294417530814074,0.44871794871794873,4.3694478524670215,0.28646181605937215,0,1,0.0014931490218287942,-1.5652852407723825,1.3118444871216302
2020-08-06,0.04822161137884044,0.010056277641801404,0.041452824082020924,0.0014931490218287942,-0.1655936267277414,0.009993726704919284,-0.00043099790490954613,-0.014899493732264915,0.38235294117647056,4.23410650459726,0.1371393340154276,0,0,-0.01440554370016026,-3.8165368653628087,1.2460241303047503
2020-08-07,0.0014939991837634803,0.0008349454536600334,-0.021019367224075457,-0.01440554370016026,0.03445196376349261,-0.020386772968585987,0.006980659976232369,-0.019617238402179573,0.4576271186440678,4.0943445622221,0.0024242436284555246,0,1,0.014316272674542746,-0.7117590982869184,1.8292572882419607
2020-08-08,-0.01439518145116331,-0.008573212120788215,0.0166422339705986,0.014316272674542746,-0.45166301175499707,0.0,0.0,0.0,0.5789473684210527,3.6635616461296463,-0.43995128415301804,1,0,-0.006802030569309808,-2.056818565030991,0.3030752978264362
2020-08-09,0.014271900424254724,-0.0009455472296124841,0.0008656780071020509,-0.006802030569309808,-0.008760423571701504,0.0,0.0,0.0,0.3235294117647059,3.5553480614894135,-0.5414444823419153,1,1,0.01792146240338923,-2.0032072672920225,3.2481655721292366
2020-08-10,-0.006768014689065504,0.02264887217371818,-0.0062659175919200965,0.01792146240338923,0.7165640071989519,0.007088912486168546,0.0014971597968210537,-0.003608480544858315,0.46296296296296297,4.007333185232471,-0.05657035146987595,0,0,-0.04302488795968553,-6.674843702425423,0.35319947142353786
2020-08-11,0.017918924688293675,-0.011028198603667962,-0.028794901947944755,-0.04302488795968553,0.06599920238076483,-0.04640713846737047,0.0005341106115732474,0.08236896218281374,0.34375,4.174387269895637,0.12590746752948842,0,1,0.01500698346852347,-2.147887921074483,1.9595926399420867
2020-08-12,-0.04302232848303875,-0.026960956274499914,0.0022446698538239494,0.01500698346852347,-0.3350938280139084,0.001189424227168705,-0.002031270408394264,-0.07561363244488703,0.4745762711864407,4.0943445622221,0.09385844958808741,0,1,0.01847781763804461,-2.5749089831817127,1.9577382674066188
2020-08-13,0.015006970393714516,0.014988439743168594,0.010736772847451188,0.01847781763804461,0.0773904459772045,0.011203697670107498,-0.001070843920394837,-0.0067553297379267675,0.25757575757575757,4.204692619390966,0.21130909368235848,0,0,-0.001653318439828755,-1.2468754089407494,0.5924689357699434
2020-08-14,0.018457428101809892,0.004825124321678077,0.03175815338045434,-0.001653318439828755,-0.15906531506147817,-0.010118971422733294,-0.0025745333942405785,-0.003621548847649006,0.5757575757575758,4.204692619390966,0.1927655159701894,0,1,0.007780518936332989,-0.6871882383530926,1.8488732903691376
2020-08-15,-0.0016329433304943049,0.01091072510616301,0.003943553266047845,0.007780518936332989,-0.061729877132652766,0.0,0.0,0.0,0.425,3.713572066704308,-0.31324538598639645,1,1,0.004931964178818936,-1.4138834587699582,0.6670021348134267
2020-08-16,0.007779668635603062,-0.004038192619224163,0.0005135667321643637,0.004931964178818936,-0.3070776347596157,0.0,0.0,0.0,0.46875,3.4965075614664802,-0.5311533232404112,1,1,0.03060159513066791,-1.1927113390053408,4.570301900632669
2020-08-17,0.004931124618396156,0.04396496183701147,0.007143685376465054,0.03060159513066791,0.7170060725211279,0.02447852971429491,-0.0026888965284360593,-0.03226080975035776,0.5507246376811594,4.248495242049359,0.1986024424125849,0,0,-0.027750320081645123,-3.8446068291539603,0.8645757554631194
2020-08-18,0.030604063204404886,-0.006455666321027784,0.004082640229181589,-0.027750320081645123,-0.10978876072661163,0.007228233622483832,-0.006266246156081086,0.007466196378288464,0.3880597014925373,4.219507705176107,0.16164135157134127,0,0,-0.01606981533902176,-3.2676253254602035,0.6264966711169894
2020-08-19,-0.027744414096373644,-0.030131110925106272,-0.021980505044707513,-0.01606981533902176,-0.026474426327002993,-0.020566184811920643,0.006696965619910175,0.04677359530916762,0.19298245614035087,4.060443010546419,0.005025136220216716,0,1,0.008383598166900236,-0.7393750603289917,1.1285685366638403
2020-08-20,-0.016095215358725854,-0.011049096683553151,0.009212687312290262,0.008383598166900236,-0.4727632107371984,-0.012793958632575233,-0.0010771055969901347,0.007954014401352488,0.3389830508474576,4.0943445622221,0.05730085385428963,0,0,-0.02755885468727366,-3.151504034744651,0.20605488180032977
2020-08-21,0.008400620058539443,-0.0008415383817348348,-0.01573769157725639,-0.02755885468727366,0.3353704107005503,0.0004135698294723892,0.004945173292177445,-0.007954014401352563,-0.013888888888888888,4.290459441148391,0.2411620568307771,0,1,0.011349461965321588,-1.3491473030640895,1.3322998043853715
2020-08-22,-0.02756755032423341,-0.016296405461423216,-0.009535287370468043,0.011349461965321588,-0.3890028405287798,0.0,0.0,0.0,0.0,3.6375861597263857,-0.4169815501426966,1,0,-0.001272355947377651,-1.284303126108924,0.4714086766692336
2020-08-23,0.011406157959727081,0.002740550688160066,0.0119979037348732,-0.001272355947377651,-0.14190937093818953,0.0,0.0,0.0,0.0,3.6375861597263857,-0.429623943557873,1,1,0.008554385259456227,-0.5426725585792891,1.506182557628402
2020-08-24,-0.0013203711826143235,0.009075382862213988,0.006143949727918538,0.008554385259456227,0.19829674851690415,-0.0035730170549381117,0.0005360820384595766,-0.007570736211465015,0.2727272727272727,4.204692619390966,0.15667912619576857,0,0,-0.03726855030411857,-5.516700128320192,0.16711994211091266
2020-08-25,0.008554392572138797,-0.004836240895718779,-0.041185890437952746,-0.03726855030411857,0.4093861617252909,-0.008282324903757287,-0.003005652854733298,-0.01531562103515096,0.2,3.9318256327243257,-0.07696104111612843,0,1,0.01255599829022591,-0.6596834017387571,1.9328846805503241
2020-08-26,-0.03726769910953082,-0.019610902919724383,0.011301616961695743,0.01255599829022591,-0.2536828550309334,0.015003475387935178,-0.00010745048552511242,0.054759805003130275,-0.07936507936507936,4.1588830833596715,0.13840232287499218,0,0,-0.011499871598155137,-2.9792657299594865,1.1344972795769304
2020-08-27,0.012555125798367204,0.004572124280491797,-0.010639824991981527,-0.011499871598155137,0.1580811687162815,-0.009890547937341995,0.0,0.050282852407834186,0.12195121951219512,4.418840607796598,0.3438162108891665,0,1,0.017196688078947187,-0.4732114918463528,1.8561257012415
2020-08-28,-0.011498999106296624,-0.004283587381509333,0.013560670782976219,0.017196688078947187,-0.3193935576683715,0.02213049019313123,-0.006904756883039733,-0.06369431781739188,0.3880597014925373,4.219507705176107,0.15415067984218375,0,0,-0.005312121743530515,-0.9577325597296383,0.4596897426383735
2020-08-29,0.017195820543385875,0.0032323284929158674,0.01235147740011441,-0.005312121743530515,-0.33192561962018996,0.0,0.0,0.0,0.3157894736842105,3.6635616461296463,-0.4154402531386682,1,1,0.02117005324622385,-0.0684004102774192,2.183927618730504
2020-08-30,-0.0053112542079691944,0.011930257017390746,0.0035811997509916592,0.02117005324622385,0.26961502269387405,0.0,0.0,0.0,0.45714285714285713,3.58351893845611,-0.4927032167332709,1,0,-0.005278114294061569,-1.2126692129798897,0.7622550244557957
2020-08-31,0.021170907132237644,0.006953327303476871,0.009727365219199181,-0.005278114294061569,0.24841371307930857,0.0015258636993629058,-0.0024931274554912406,0.13998918895490434,0.22784810126582278,4.382026634673881,0.28949202770967863,0,1,0.023118797396930114,-1.1613585768673942,3.3871077826640867
2020-09-01,-0.005278968180075494,0.02097041328802121,-0.00476500793293669,0.023118797396930114,0.34486492469989066,0.00030488114322395907,0.002168224536276038,-0.011041383993239473,0.5652173913043478,4.248495242049359,0.10927892566457563,0,0,-0.04577532981158565,-6.60379989517568,0.2730715611027379
2020-09-02,0.023118797396930114,-0.00802156481868336,-0.03130561578615255,-0.04577532981158565,0.10984787955088317,-0.017322181174838722,0.0055078939450372375,0.01708141174784904,0.125,4.174387269895637,0.031748698330205334,0,0,-0.11603576554688845,-13.395019697060143,0.6481975018188534
2020-09-03,-0.04577532981158565,-0.042024070404424255,-0.11368752783043029,-0.11603576554688845,0.3351571714952314,-0.00352152038087395,-0.0011854154362120378,0.23474327327010025,-0.2564102564102564,4.3694478524670215,0.23883376707011744,0,1,0.02967124125373026,-2.65148786630032,4.68308162964175
2020-09-04,-0.11628824173804825,-0.07568692426865965,-0.008600447239290305,0.02967124125373026,-0.27388113711213624,-0.0019213045878462153,-0.0002156437317221384,-0.08863602730356801,-0.25,4.174387269895637,0.04800921920198577,0,0,-0.027126372308919018,-6.131290457818393,1.1367950127541129
2020-09-05,0.029923717444890197,-0.00579162491514611,-0.005126784661450406,-0.027126372308919018,-0.02990334706552351,0.0,0.0,0.0,-0.2391304347826087,3.8501476017100584,-0.3007944855225368,1,1,0.008765710743617944,-1.7045729173827153,1.759346299861742
2020-09-06,-0.027126372308919018,-0.020900859437842752,0.017140803095437706,0.008765710743617944,-0.46791189429318786,0.0,0.0,0.0,0.05714285714285714,3.58351893845611,-0.5740878205153858,1,1,0.011366292597355596,-3.787608998102223,1.495652537298352
2020-09-07,0.008735484667189326,0.006128773117984093,-0.012064650063577083,0.011366292597355596,0.10517278411229072,0.0,0.0,0.0,-0.1044776119402985,4.219507705176107,0.10323058941492678,0,0,-0.0240781306870189,-5.17772381815659,0.6204299855658129
2020-09-08,0.011397482673689861,0.0026140670800301295,-0.0025348556031880663,-0.0240781306870189,0.16008650276449526,0.004718811695522806,0.008163333384396777,0.022826874276290363,0.27058823529411763,4.454347296253507,0.3040619924822231,0,1,0.009097741146643187,-1.4486275070980155,2.1139399717122136
2020-09-09,-0.024078107194015836,-0.009143030825554963,0.013212832423566818,0.009097741146643187,-0.3982956230121621,0.006034498194198085,-0.002356231295015066,-0.087994337969611,0.16176470588235295,4.23410650459726,0.07184808420099026,0,1,0.011448811499434249,-1.4625177452579936,2.5519980477007627
2020-09-10,0.00910556056657418,0.013478321906528716,0.008958838765043475,0.011448811499434249,0.16592925304257466,0.004873179121465835,0.0008573870012291349,0.030761128099848593,0.25806451612903225,4.143134726391533,0.016260520887909247,0,1,0.004923589278497632,-1.3329395034396685,0.5857894960619601
2020-09-11,0.011439037175295548,-0.008213274016953726,0.012744593917617553,0.004923589278497632,-0.28448421224342907,-0.008427543375380205,-0.0001070820907862397,-0.10047320479855545,0.18867924528301888,3.9889840465642745,-0.11448319763496034,0,1,0.00509199657416824,-1.148671156692966,0.8634253236988503
2020-09-12,0.004924556689796865,0.007699947554866562,0.0067662727459647356,0.00509199657416824,-0.21420156910677388,0.0,0.0,0.0,0.125,3.4965075614664802,-0.5848060367327313,1,0,-0.010406496224025646,-2.3344980887062587,1.3243122174242656
2020-09-13,0.00506805203737666,0.009700865511422374,-0.006766272745964735,-0.010406496224025646,0.21436937057138813,0.0,0.0,0.0,0.13793103448275862,3.4011973816621555,-0.6682082321782105,1,1,0.03227573226362602,-1.1729411964534344,3.95795496204094
2020-09-14,-0.01038158389862603,0.015929931222141203,0.001209072698502612,0.03227573226362602,0.425085052093174,0.007864507194070662,-0.002789724278171596,-0.03869983814901202,0.2830188679245283,3.9889840465642745,-0.02921854598027211,0,1,0.010583085836546963,-0.6136802124564462,2.3913024617195497
2020-09-15,0.03227476447501807,0.01660920726041194,0.03786834210359574,0.010583085836546963,-0.08131056157342655,0.001637117684006527,-0.00021487903340073342,-0.010108959576996254,0.4307692307692308,4.189654742026425,0.22865320714056409,0,1,0.015520576216204314,-1.1572164335160564,2.812925570308735
2020-09-16,0.010575668312460863,0.014799316922438698,0.005147723625950926,0.015520576216204314,0.04999007135292603,0.0019915248986203523,0.00171798636563835,0.01743219636437699,0.35443037974683544,4.382026634673881,0.39377958189117757,0,0,-0.0012807163530045075,-1.918782692808521,0.8313884539631595
2020-09-17,0.015527993740290357,-0.0042947949472514685,0.007904913623279552,-0.0012807163530045075,-0.15604444439715354,-0.010358510867938483,-0.0025781286530227113,0.016000271587512268,0.4482758620689655,4.07753744390572,0.0955565155784468,0,0,-0.0006034732812486935,-1.169056606631833,0.8921699980655883
2020-09-18,-0.0012798022758043468,-0.0006729009119803642,0.006216544508762215,-0.0006034732812486935,-0.16240561027692219,0.006217730605110695,-0.0004303487446622587,-0.024097519932326495,0.5172413793103449,4.07753744390572,0.082097362204442,0,1,0.013378934222998818,-0.42180078265583837,2.2286274373114727
2020-09-19,-0.0006034727294612565,0.012761101111210092,0.006869084958511355,0.013378934222998818,-0.20670708590279313,0.0,0.0,0.0,0.35294117647058826,3.5553480614894135,-0.4573184696890081,1,0,-0.014578732844710519,-3.2809376620376494,-9.024745400989498e-05
2020-09-20,0.013377117119471116,-0.008908242624655848,-0.015212434570819238,-0.014578732844710519,0.018503223385136245,0.0,0.0,0.0,0.3225806451612903,3.4657359027997265,-0.55499684204687,1,0,-0.047161404910191086,-5.883214751363082,0.6260421357217799
2020-09-21,-0.014577830370170432,-0.008317409012952626,-0.0406015037379648,-0.047161404910191086,0.5906084252018194,-0.02642046360542287,0.006542637232109398,0.07277975788940454,-0.015625,4.174387269895637,0.14121388881216398,0,1,0.010731082319475616,-0.6183873319507446,1.481594691549723
2020-09-22,-0.047161404910191086,-0.038605879351911766,0.005486869283932248,0.010731082319475616,-0.47422077118425787,-0.0013684804683452613,0.004799208818646536,-0.0336781482249285,0.23880597014925373,4.219507705176107,0.18189520847583904,0,0,-0.027747100849892316,-3.801694891311042,0.0715819644022598
2020-09-23,0.010731082319475616,-0.003369044951998799,-0.0211019932741273,-0.027747100849892316,0.16487678577363718,-0.020594023641089528,0.004246757966643857,0.06206895601370426,0.22580645161290322,4.143134726391533,0.14878873670200193,0,1,0.047188198471375946,-0.49460785559096215,5.266110866161835
2020-09-24,-0.027747100849892316,0.024198188167703482,0.0053237695073083515,0.047188198471375946,0.105984676034251,0.00450621665322058,-0.00042387322855773867,-0.0024522588795285157,0.328125,4.174387269895637,0.1646219797101788,0,0,-0.00463521561603508,-1.6915231777016506,0.22524239817101416
2020-09-25,0.04718912988878361,-0.0032204862085323934,0.035219045250268886,-0.00463521561603508,-0.181546482695554,-0.005689815487671344,0.0024348009335585365,-0.07764879547678227,0.41304347826086957,3.8501476017100584,-0.13353139260278357,0,1,0.0039159023986676655,-0.3936933596338818,1.2485975371681162
2020-09-26,-0.0046455045290775985,0.005598335773936153,0.008343082564642721,0.0039159023986676655,-0.5261828381337957,0.0,0.0,0.0,0.030303030303030304,3.5263605246161616,-0.4629441375024738,1,1,0.004245955171710726,-1.2547870396953498,0.6540464423547498
2020-09-27,0.003924327805804426,-0.0020296085494661796,-0.004695034401947164,0.004245955171710726,0.07222520935130847,0.0,0.0,0.0,0.2,3.258096538021482,-0.7240919843693668,1,0,-0.007277969114733297,-1.3855199970034509,1.6180428263723758
2020-09-28,0.00424781539862777,0.013885919011887064,0.002938625598629907,-0.007277969114733297,0.49457845715171894,0.008095526135782653,-0.0033891124168248196,-0.007228436564641337,0.3617021276595745,3.871201010907891,-0.04458390658674995,0,1,0.013406216589902006,-0.5648808218066635,1.5899305689316425
2020-09-29,-0.007279832172045558,-0.007559091689140593,0.0009284226372346296,0.013406216589902006,-0.17923966398109936,0.0114147396616161,-0.003933066389008302,0.003049942211505981,0.3888888888888889,4.007333185232471,0.1327758202610433,0,0,-0.005911086565506154,-1.6307734220336538,0.0816973169237658
2020-09-30,0.013416376150026154,-0.0016761159301769048,0.0027472905876320735,-0.005911086565506154,-0.055957770773232926,-0.0035962007873952123,0.0,0.0037994110677157717,0.4,4.189654742026425,0.30915642598963455,0,0,-0.014719097354311225,-3.2019004070533943,1.3219781408310411
2020-10-01,-0.005920311206736788,0.006491721673566657,-0.021622356415703457,-0.014719097354311225,0.42995140271555443,0.011012005311720377,-0.0019189804038083074,0.01243656179021089,0.45161290322580644,4.143134726391533,0.26790956520004533,0,0,-0.004599449436267366,-2.3354415624928895,0.4276504525192689
2020-10-02,-0.014719097354311225,-0.02366237423742885,-0.0060545089087062605,-0.004599449436267366,-0.1940527108670682,-0.004306089358559664,0.0013862679542446295,0.03423851458061793,-0.031746031746031744,4.1588830833596715,0.23397295326029177,0,0,-0.0026846721814158783,-0.7019584656965424,0.31321516720849274
2020-10-03,-0.004599449436267366,-0.005743802289375185,0.011735381531696268,-0.0026846721814158783,-0.8101205701332407,0.0,0.0,0.0,0.2972972972972973,3.6375861597263857,-0.3096399952067322,1,1,0.011747206689254342,-0.22972546098979407,1.4578205373615338
2020-10-04,-0.0026837236006586346,0.00876138152011461,0.0020376578656517226,0.011747206689254342,0.04016254025105531,0.0,0.0,0.0,0.4074074074074074,3.332204510175204,-0.6303707743787365,1,1,0.011704400948838524,-0.4791791248414502,1.2240755170386624
2020-10-05,0.011745320604835246,0.009409756486025527,0.009252670050737712,0.011704400948838524,0.3824484783433613,0.006452168624350489,-0.0035227600278866316,0.011872776060093631,0.1694915254237288,4.0943445622221,0.11808574492341156,0,0,-0.018002652442652742,-2.5071198006102127,0.07215565556268062
2020-10-06,0.011704411857796497,0.0001852023340787002,-0.008575005808848969,-0.018002652442652742,0.3580422859831909,-0.005978633545181797,0.003416248524258833,0.05293716717176936,0.16363636363636364,4.02535169073515,0.04516039613703509,0,1,0.006275751163339584,-0.5059164297670249,0.7725986706012267
2020-10-07,-0.018002669274881034,-0.010998222292267422,0.0020093812657790153,0.006275751163339584,-0.3943662134924724,-0.009247826747493606,-0.002133838200181357,-0.049366996151583034,0.22580645161290322,4.143134726391533,0.17314718053404232,0,1,0.0240082372384519,-1.2830414535081054,2.6241779967275813
2020-10-08,0.006277632114149631,0.024791544424603226,-0.0014954990740711745,0.0240082372384519,0.4596742500341351,0.00265097449388411,-0.00021359371256741104,-0.062497322852846836,0.3230769230769231,4.189654742026425,0.21221448079740413,0,1,0.011382431304897278,-0.8878192887443639,1.6257125457429034
2020-10-09,0.023995400951084805,0.014023582728605195,0.027960458886089324,0.011382431304897278,-0.07427818531332128,0.01622893453895284,-0.005892801722058964,-0.05297190792056515,0.4782608695652174,4.248495242049359,0.25576085625253353,0,1,0.02171420080767896,-0.0011764093723640459,3.907577543691318
2020-10-10,0.011394330068387103,0.03420108128438159,0.020248860098617254,0.02171420080767896,-0.10003176199235843,0.0,0.0,0.0,0.5609756097560976,3.7376696182833684,-0.2754119798355764,1,1,0.006689566668831729,-0.6415522963533249,1.3350407758267566
2020-10-11,0.02171420080767896,-0.004011166870966657,0.015310441937869493,0.006689566668831729,-0.4073515055758685,0.0,0.0,0.0,0.4444444444444444,3.6109179126442243,-0.4289956054905808,1,1,0.013908432475919988,-1.7481464232163766,3.0405525075729196
2020-10-12,0.006689566668831729,0.023744683986293338,-0.004376374599798888,0.013908432475919988,0.5981831312106984,0.001561686938946659,0.00010747473687942946,0.0027960751290542016,0.3815789473684211,4.343805421853684,0.2752286113936523,0,0,-0.009385304987830363,-1.9997819072719292,0.24907692022900918
2020-10-13,0.013907565041197676,-0.01400632339751907,0.01139207763536465,-0.009385304987830363,-0.2244445146614728,-0.017843559227287458,0.004930332476371583,0.03911331624214154,0.5,4.3694478524670215,0.24583496252910098,0,0,-0.00023381621889088832,-1.2383993733270955,1.109529009437699
2020-10-14,-0.009383561939686135,-0.0007807840957434202,-0.0017714796483820044,-0.00023381621889088832,-0.018899725710438048,0.006755025244470127,-0.0016050672651665837,0.012578779463263242,0.3493975903614458,4.430816798843313,0.2599575244489743,0,1,0.007610730096360131,-1.473951987753249,1.731738597163213
2020-10-15,-0.0002346918323127712,0.005988279658364078,-0.0025893423631522675,0.007610730096360131,0.16327932923779406,0.0009987659359625074,0.00512715673922596,0.021361115989374953,0.40963855421686746,4.430816798843313,0.2205651227383136,0,0,-0.016281153381309317,-2.687837537960415,0.31267558137816154
2020-10-16,0.0076115992742262694,-0.006579900061490349,-0.0045281254057116865,-0.016281153381309317,0.000759171927330016,-0.0012617784764216624,-0.001919594321955695,0.016182793055790443,0.1267605633802817,4.276666119016055,0.06012173019306639,0,1,0.003605018472487021,-0.5698525940648161,0.7314613274500414
2020-10-17,-0.016289090146513207,-0.012093295920590497,0.004898696057646744,0.003605018472487021,-0.7800119123924102,0.0,0.0,0.0,0.30434782608695654,3.8501476017100584,-0.38454384292578564,1,1,0.012504022806047878,-0.1231369962015885,1.2665704715498411
2020-10-18,0.003621768941062957,0.008956109913484977,0.008072174451119367,0.012504022806047878,0.040095915835827285,0.0,0.0,0.0,0.21428571428571427,3.7612001156935624,-0.48812083004842416,1,1,0.021358297570117018,-0.8308684223446186,2.7510476890126556
2020-10-19,0.012494339924809767,0.027348794980675994,0.005426708544617564,0.021358297570117018,0.7111606222917964,0.0029417837343790644,-0.0026722264758808198,0.06257564880520325,0.2857142857142857,4.442651256490317,0.1884628248279419,0,1,0.013399204588298025,-0.6306718654475005,2.4121540184798054
2020-10-20,0.021357446612385415,0.01796936086478854,0.023360263139088264,0.013399204588298025,0.2703766036543881,0.002095997386936684,-0.003860601152594575,0.005809005718342171,0.4050632911392405,4.382026634673881,0.125042595681846,0,1,0.07057901976281855,-0.1936384022416196,10.41777836075062
2020-10-21,0.01340089517694456,0.09345544801100614,0.01776953922035687,0.07057901976281855,0.6120067403536101,0.007405484259196327,-0.004954761145891666,-0.02413912942544642,0.5795454545454546,4.48863636973214,0.22273778950219328,0,1,0.014568318834834563,-0.808204551349069,3.112325630613769
2020-10-22,0.07056174930626603,-0.0024755075385498176,0.0644333582717441,0.014568318834834563,-0.4922624458493969,-0.012285488081525435,0.0036645475624652473,-0.019028023214514696,0.6494845360824743,4.584967478670572,0.2921101239778222,0,0,-0.0035107961066538486,-1.9343035133572324,0.4552209893651728
2020-10-23,0.014609424492453244,-0.012002727577651376,0.003307329214752924,-0.0035107961066538486,-0.32931651678474255,0.000473310949826521,-0.0019384058555725937,-0.02012289872538824,0.6052631578947368,4.343805421853684,0.03831886431529457,0,1,0.014493163177937982,-0.41150646192576124,1.867910712668709
2020-10-24,-0.0035362447488727056,0.01061610112638145,0.011717174407660824,0.014493163177937982,-0.3375426714627318,0.0,0.0,0.0,0.6470588235294118,3.9512437185814275,-0.3703070927091823,1,0,-0.006342655085969485,-1.7210603530557673,1.8009135441027584
2020-10-25,0.014493936988175745,0.013823191492278364,0.0013976242666379351,-0.006342655085969485,0.06798914167659541,0.0,0.0,0.0,0.40384615384615385,3.970291913552122,-0.37004668088539094,1,1,0.0017913414618498272,-2.0457543625814356,1.598807299614888
2020-10-26,-0.006280487199653704,-0.00836371753084815,-0.009589595181226117,0.0017913414618498272,0.4599016316930152,0.0003679402784737119,0.0030137404055981913,0.1640060259756381,0.4942528735632184,4.477336814478207,0.13894126117522393,0,1,0.04376988541595295,-0.2479283689551801,5.493626811413801
2020-10-27,0.0017261089510309728,0.04073953657983891,0.019769601398112426,0.04376988541595295,0.28203203151057055,0.003200893540376839,-0.0011828659597670666,0.027049192726482263,0.49056603773584906,4.672828834461906,0.2867840032495305,0,0,-0.027491298279312352,-5.642917532239095,1.624365382335578
2020-10-28,0.04377221669644041,0.00507727112517057,-0.010180006216886238,-0.027491298279312352,0.15585731931233357,-0.017226369257346583,0.0050442951639795815,0.18879731093678007,0.2828282828282828,4.605170185988092,0.19890858047885304,0,1,0.01416828517726635,-2.6398428815938115,2.798544985166388
2020-10-29,-0.027490564935296575,-0.01574950225100425,0.002539448227140452,0.01416828517726635,-0.23218262389769423,-0.005665724597106544,0.00587070495747413,-0.06911697590956647,0.20689655172413793,4.477336814478207,0.08745930534008052,0,1,0.007728849021307219,-2.5646194776181344,1.5799379581978679
2020-10-30,0.014167541997519774,0.0019822149075813538,0.01492051921702321,0.007728849021307219,-0.0579398234323198,0.006305149837346229,0.0008510833604655255,0.011374287465003755,0.30864197530864196,4.406719247264253,0.007079675600407442,0,1,0.016884548375875077,-1.1019109254980108,3.9043140267797116
2020-10-31,0.00772959220105366,0.03097260970712547,0.022355934542508414,0.016884548375875077,-0.04810510193680312,0.0,0.0,0.0,0.4909090909090909,4.02535169073515,-0.38711596942178617,1,0,-0.0021413673004317957,-1.3725848840907637,0.7512857702266346
2020-11-01,0.016884548375875077,-0.014645734189655547,0.014177808789947528,-0.0021413673004317957,-0.6183207999194432,0.0,0.0,0.0,0.32727272727272727,4.02535169073515,-0.3923930265226299,1,0,-0.015534786411904644,-4.203307892952677,0.49653074848980994
2020-11-02,-0.0021420939656669265,-0.004688917517800187,-0.030448597389050945,-0.015534786411904644,0.5762721852617836,0.006900605880378817,0.00010635478790913233,-0.02368705214446384,0.27058823529411763,4.454347296253507,0.04643998683624319,0,1,0.03439658130142223,-1.9705225297012026,3.7428306351226612
2020-11-03,-0.015514870846709609,0.016928212454423937,0.006793067220610208,0.03439658130142223,0.13793196090404677,0.009529133397826345,-0.0053305028535134726,-0.04348516216767041,0.10752688172043011,4.543294782270004,0.1595415284728874,0,1,0.00855457982732576,-3.6196808348741274,1.665165321869546
2020-11-04,0.03437739240146238,0.013619928168891227,0.017904998249692983,0.00855457982732576,0.22715569410326747,-0.007309871629980852,-0.0014976402523352527,-0.18417981124429092,0.36666666666666664,4.51085950651685,0.14310084365178447,0,1,0.09733975303388694,-0.35732574495255287,10.754915236302962
2020-11-05,0.00855457982732576,0.09945207897166006,0.04117813072654159,0.09733975303388694,0.4352345592738477,0.026408510349030297,-0.00946554202101199,-0.06966945394505564,0.6730769230769231,4.653960350157523,0.2570214200666109,0,0,-0.0006480603012701369,-2.7574885663755455,2.3454626079163514
2020-11-06,0.09733975303388694,0.013245226750020723,0.07333812481965685,-0.0006480603012701369,-0.15894126129796243,0.0025670000104109966,-0.003247409423384976,-0.10383075896476188,0.6304347826086957,4.532599493153256,0.11506932979565687,0,0,-0.050120002204518566,-8.26358320327016,1.10809267232741
2020-11-07,-0.0006474184496565422,-0.013021759657159297,-0.055709006670216325,-0.050120002204518566,-0.18969464318840282,0.0,0.0,0.0,0.4745762711864407,4.0943445622221,-0.33612627569439557,1,1,0.04336937714861154,-0.7751498901294691,5.460801354945151
2020-11-08,-0.050120644056132035,-0.006592915378341178,0.024764330926888397,0.04336937714861154,-0.43661063380856197,0.0,0.0,0.0,0.46,3.9318256327243257,-0.4929525622112804,1,0,-0.009524311280312406,-4.423084553279991,2.3306105800957666
2020-11-09,0.04336937714861154,0.012067469400117575,0.006890030517106374,-0.009524311280312406,0.5083605736849045,-0.051069383720258016,0.005406587368252306,0.0351745164756294,0.3870967741935484,4.543294782270004,0.1137588853674108,0,0,-0.0020375104761155144,-1.683873176688211,0.8548073854266272
2020-11-10,-0.009524311280312406,-0.02428234322700391,0.017867802485605513,-0.0020375104761155144,-0.5691398898312579,0.011908134809094027,0.00021562047425022007,-0.03759100470249673,0.345679012345679,4.406719247264253,-0.0035211303862331604,0,1,0.024985927702935035,-0.1604847466891232,4.27283673378512
2020-11-11,-0.0020375104761155144,0.03214278300746943,0.013196373823875248,0.024985927702935035,0.24072230427730806,-0.007869248251789697,0.0031218165630121798,-0.05597309498022908,0.40860215053763443,4.543294782270004,0.12937065083952423,0,1,0.03800921004285134,-1.5653392017056698,4.100254163971854
2020-11-12,0.024986565285426185,0.023260102004802257,0.01093738315276948,0.03800921004285134,0.2641828722844361,0.0063750917154759305,-0.000860234795571637,0.07790821765828819,0.4051724137931034,4.762173934797756,0.3295993573420717,0,1,0.0017686441983009846,-2.1059442773426844,1.14819279066451
2020-11-13,0.03800795865671408,0.008488596309777857,0.03260315928648111,0.0017686441983009846,-0.30022512478473345,0.006971252371710679,-0.0021537478380027728,-0.09294611104371886,0.4444444444444444,4.51085950651685,0.0792493716652518,0,0,-0.015452058926512477,-4.068618440505204,0.03853258884671488
2020-11-14,0.0017288177423151441,-0.009327957819877001,-0.01785809743332419,-0.015452058926512477,-0.24716341438636147,0.0,0.0,0.0,0.4423076923076923,3.970291913552122,-0.45721617314137913,1,0,-0.007084577418178802,-1.8573523180521756,0.679372978387668
2020-11-15,-0.01546700135034754,-0.009043655031102996,0.006660602298017703,-0.007084577418178802,-0.304522782809776,0.0,0.0,0.0,0.3829787234042553,3.871201010907891,-0.5530812405931493,1,1,0.04632335988450774,-0.5845213210795355,5.623188473952089
2020-11-16,-0.007029194734711793,0.04235357753746533,0.005643732551547623,0.04632335988450774,0.6231696250990151,0.0008481832770622549,-0.0020504236345652046,-0.02854198586938602,0.5287356321839081,4.477336814478207,0.07322418951820839,0,1,0.055046122658961215,-1.0560201012823014,6.6276539523982825
2020-11-17,0.046294041960035226,0.05636801466896959,0.041608372082480076,0.055046122658961215,0.3487011913532432,-0.001484728408849857,-0.0016217261526175887,0.01151466763142195,0.7181818181818181,4.709530201312334,0.25782910931119063,0,1,0.006588896577796588,-2.551793957343766,4.525583990027716
2020-11-18,0.05507544058343378,0.0340254230352556,0.04008838409834668,0.006588896577796588,0.2572235815751569,-0.005854194473448053,-0.0010825861756403,0.04855953279402306,0.5855855855855856,4.718498871295094,0.23707541444044505,0,1,0.00150088816654907,-2.5090908720963845,2.245510403915423
2020-11-19,0.0066805884246276545,-0.016211839283326247,0.007015927430270476,0.00150088816654907,-0.47137680898928336,-0.006640641601906295,-0.0003249962565596812,-0.031099397900646572,0.49473684210526314,4.564348191467836,0.1162804057823749,0,1,0.04679324961628493,-0.35326400457817875,5.530924505923449
2020-11-20,0.001408634610797547,0.03435502918662951,0.023059156841731116,0.04679324961628493,-0.05056996851163436,0.006160128835431433,0.0010829378788029204,0.025209629635621903,0.63,4.61512051684126,0.1508228897445836,0,1,0.0025765904402387323,-1.8780318902969706,1.6492508522184386
2020-11-21,0.04679327529499716,0.0079765130792347,0.031545570759096975,0.0025765904402387323,-0.15697425656240446,0.0,0.0,0.0,0.5454545454545454,4.02535169073515,-0.45198512372487554,1,0,-0.0155921153820781,-6.021095456824747,0.2467040643791132
2020-11-22,0.0025771264704470003,-0.011448877438154467,-0.03885404522503907,-0.0155921153820781,0.07723154759456564,0.0,0.0,0.0,0.38095238095238093,3.7612001156935624,-0.7133498878536553,1,0,-0.002524576253394546,-2.2762838494385793,1.891212547730748
2020-11-23,-0.015621983708919155,0.0008529694514381368,0.021856000691783495,-0.002524576253394546,0.015987101277221322,-0.018758595831691482,0.0012980287987117076,-0.04487383146656208,0.5851063829787234,4.553876891600541,0.08067614027645734,0,1,0.04221527432609045,-1.9238761907907675,5.564040321440658
2020-11-24,-0.002494163501614816,0.03420370148370466,0.0009995003330834232,0.04221527432609045,0.31414400406819853,-0.01811942127724579,-0.0030312762300721517,-0.04605782309256614,0.6442307692307693,4.653960350157523,0.1917061136710937,0,0,-0.023280367279034576,-3.5039967890872514,1.677909949728421
2020-11-25,0.042214207980619645,0.003353970608967919,0.026414068343125464,-0.023280367279034576,-0.19705891132237974,0.0004984918223985983,-0.0026056413783970955,-0.018186530403068956,0.45348837209302323,4.465908118654584,0.044149784624557604,0,0,-0.08757765783988204,-14.527470017059255,1.0411916942346349
2020-11-26,-0.023294803446474773,-0.029647549833972647,-0.1335150995587546,-0.08757765783988204,0.6630642071496196,0.0,0.0,0.0,0.06451612903225806,4.543294782270004,0.12588024589975563,0,0,-0.000580361234278455,-4.236667485775046,1.7808960206558901
2020-11-27,-0.08756269975191013,-0.08018061457566937,0.015330367472959952,-0.000580361234278455,-0.7523864436126243,-0.013268076746218986,-0.0021764830614941204,-0.01948267116338398,0.10344827586206896,4.477336814478207,0.08209736219869514,0,1,0.03329857201976857,-1.611323528556618,4.232326618150923
2020-11-28,-0.0005797777875376972,0.02393394474067183,0.02567307833790581,0.03329857201976857,-0.27312709579948075,0.0,0.0,0.0,0.2558139534883721,3.784189633918261,-0.6009881767373991,1,1,0.02591104840521473,-1.151364216030945,3.5491628370363237
2020-11-29,0.03329742423400569,0.026466934208622655,0.03789816514502527,0.02591104840521473,-0.15971500066340125,0.0,0.0,0.0,0.7209302325581395,3.784189633918261,-0.6028080134543852,1,1,0.07981244056034183,0.0,8.827023122131061
2020-11-30,0.025912162648154734,0.07868965125616205,0.0374246905655241,0.07981244056034183,0.7356566979028463,-0.0034855405676794873,0.0008711949746213347,-0.0130405353781403,0.5546218487394958,4.787491742782046,0.3706636013778956,0,0,-0.0484176681386951,-8.997499091271163,0.9707565672979028
2020-12-01,0.07981189065642394,0.0012497750120101705,-0.010162550352369683,-0.0484176681386951,0.10071989757336883,0.02139477962249914,-0.0061142802890798535,0.009675971098775943,0.4351851851851852,4.6913478822291435,0.266738898615797,0,1,0.023131976224671752,-2.345223910506767,3.028759633809008
2020-12-02,-0.0484176681386951,-0.027837637473583855,0.018105083668948963,0.023131976224671752,-0.5201122945137104,0.006373984885256353,-0.0020829346092942,0.019075428822967075,0.3917525773195876,4.584967478670572,0.1404985906692403,0,1,0.011278018177224554,-1.7698312488636687,2.0304243032273566
2020-12-03,0.02313145550212764,0.013148622918855282,0.02888590284110283,0.011278018177224554,-0.1295158900046201,0.006061505333917496,-0.004509754747449736,0.005182607989974634,0.5979381443298969,4.584967478670572,0.1337418082063604,0,0,-0.04052726761991646,-4.51065097811462,0.539682789978228
2020-12-04,0.011301193481246804,-0.0036293969552668136,-0.01613017911528481,-0.04052726761991646,0.06662135469684219,-0.0004901159441992974,-0.00011027105958141038,-0.023295550833789355,0.30337078651685395,4.499809670330265,0.04430585173333944,0,1,0.02630648721030668,-0.8103295654382164,2.7837616552717335
2020-12-05,-0.04055045837961811,-0.018086478966981376,-0.0035240534931524348,0.02630648721030668,-0.5072652885215275,0.0,0.0,0.0,0.3333333333333333,4.007333185232471,-0.4736345954213921,1,1,0.01099757468367193,-1.5296317204182512,1.4122947914210695
2020-12-06,0.026307023388530387,0.01259181857180029,0.019113465660506507,0.01099757468367193,-0.14732007529417127,0.0,0.0,0.0,0.4473684210526316,3.6635616461296463,-0.8167611365008063,1,0,-0.009993256658502918,-2.3863798223460395,0.31722310410363536
2020-12-07,0.010959866192515894,4.685781049764591e-05,0.002430093664394097,-0.009993256658502918,0.11052960530594064,0.014008950144385123,0.000991833993309406,0.02423489098979527,0.6136363636363636,4.48863636973214,0.07585775388887336,0,0,-0.044967153911558415,-5.176323889138748,0.6652869677357934
2020-12-08,-0.00995554816734675,-0.006512618022181294,-0.03789269732642998,-0.044967153911558415,0.3984877509781157,0.00482238504317269,0.0019806377850375553,-0.029539972499347485,0.34951456310679613,4.6443908991413725,0.2420450590914748,0,1,0.011781918605685223,-3.7481895683272954,1.7069061259252647
2020-12-09,-0.044967153911558415,-0.03455096232966373,-0.030685810703443898,0.011781918605685223,0.25573335532047275,-0.019539712183873785,0.0013181933008047464,0.07407343742717004,0.23008849557522124,4.736198448394496,0.30682752004506564,0,0,-0.015580851185682042,-3.4577848654163073,0.08647227118806507
2020-12-10,0.011782457942629996,-0.004422419941686807,0.014685965634795297,-0.015580851185682042,-0.4086055423572704,-0.0005452265623923936,-0.0032988310858422898,0.011163321774025342,0.27906976744186046,4.465908118654584,0.05286823566443875,0,0,-0.01201960068239654,-3.8093240668311252,0.20849666734886435
2020-12-11,-0.015571530059140956,-0.014360607224074038,-0.019096243199830207,-0.01201960068239654,0.31688557887714736,0.0033756623773702715,0.002090581571670238,0.0344786065380977,0.26136363636363635,4.48863636973214,0.07761060271628753,0,1,0.041919851281025024,-0.08780486474992553,4.9334070826954655
2020-12-12,-0.012029461145882148,0.03522950347106968,0.025195591338415493,0.041919851281025024,-0.38273643515272415,0.0,0.0,0.0,0.47619047619047616,3.7612001156935624,-0.6407791950188197,1,1,0.019287828659587614,-0.520099754993405,3.1520918607743775
2020-12-13,0.041919851281025024,0.024106699061814046,0.037596902378590175,0.019287828659587614,0.13294035736059753,0.0,0.0,0.0,0.5208333333333334,3.8918202981106265,-0.5250102587371138,1,1,0.005105590997883581,-0.9167846574357622,0.9033912812993619
2020-12-14,0.019287828659587614,-0.003199177135162672,0.015320979635164022,0.005105590997883581,-0.17971149953024274,-0.0060515914033823295,-0.002972144505398307,0.05873017467599678,0.5476190476190477,4.442651256490317,0.0416726964124729,0,1,0.007922093279086292,-1.164531516597166,1.5285364669303283
2020-12-15,0.005134127715431434,0.011357042854193132,0.0026281224062694084,0.007922093279086292,0.26885424356103793,0.012822831309901658,-0.0026492770033932304,-0.07691249751264309,0.45454545454545453,4.605170185988092,0.21309321547080937,0,1,0.09373877942102818,-0.7638837579784338,10.420523602302849
2020-12-16,0.007893556561538515,0.09684196463281149,0.011928570865273812,0.09373877942102818,0.614422704347011,0.002049362562147543,-0.00022113942897311422,-0.01718479808955007,0.6166666666666667,4.795790545596741,0.3930425881179407,0,1,0.06626267735967427,-0.4958013723631377,10.931229123863293
2020-12-17,0.09373877942102818,0.09884583463663264,0.0964196032771811,0.06626267735967427,0.4808383638195982,0.016616724168514528,-0.006989513839627509,-0.025659732864673365,0.6616541353383458,4.897839799950911,0.4162643491374434,0,1,0.013516512987803837,-1.9809645738892518,2.118113990446704
2020-12-18,0.06626223870844797,-0.021868473974491685,0.05141104534441302,0.013516512987803837,-0.8421268606108859,-0.0007951443811694825,0.002224166311855897,-0.01655213009279471,0.5154639175257731,4.584967478670572,0.08607460878155221,0,1,0.030440672117046565,-1.558733438931494,4.502053227705713
2020-12-19,0.013516951639030342,0.037355905360394126,0.01773882433738163,0.030440672117046565,0.07727766509925207,0.0,0.0,0.0,0.42857142857142855,4.04305126783455,-0.48550781576384366,1,0,-0.015487290255670515,-3.24936370624078,1.9677415954545394
2020-12-20,0.030440252330050533,0.0050975557945350265,0.013534369443953453,-0.015487290255670515,-0.11509794544548214,0.0,0.0,0.0,0.6041666666666666,3.8918202981106265,-0.6396584955881258,1,0,-0.03187303196066846,-7.250805507207746,2.72209100034569
2020-12-21,-0.015486017791288775,-0.007943796206759038,-0.05550170826534007,-0.03187303196066846,0.13790782064142426,-0.003452950477738774,0.00022219563272770309,0.1539519795146319,0.25882352941176473,4.454347296253507,-0.06977687778739539,0,1,0.046906009597780754,-1.6254394917638926,4.801036081559769
2020-12-22,-0.03186640217617445,-0.01108358114852765,0.024380628193769998,0.046906009597780754,-0.011392235433875079,-0.006727547309022039,0.00675192782696248,-0.03766390983153792,0.3068181818181818,4.48863636973214,-0.017699577088037207,0,0,-0.02457548767882941,-5.218893300652257,1.2073001211846501
2020-12-23,0.04689852713590107,0.010968649994029689,0.01097147150889711,-0.02457548767882941,0.3132317482420288,0.004330039505094346,-0.0026510327786479215,-0.038709085799429485,0.2676056338028169,4.276666119016055,-0.1509838425616641,0,1,0.02114300567337218,-2.3047777673822254,2.3888168067910756
2020-12-24,-0.02459141359319781,-0.012760320822765372,0.0045656676538709,0.02114300567337218,-0.5452135739791759,0.002769976349498633,-0.0008852698223751244,-0.07943508686780049,0.21052631578947367,4.060443010546419,-0.22963870278432186,0,1,0.04060161725614667,-1.253546739469202,4.372834131336352
2020-12-25,0.021150081692706685,0.040983178918825164,0.031655315952502434,0.04060161725614667,0.14170087179635624,0.0,0.0,0.0,0.475,3.713572066704308,-0.46328467897199066,0,1,0.06958729338063542,-0.8634856984770858,8.35919097907789
2020-12-26,0.040610467151180774,0.08046518573356216,0.04450222766606783,0.06958729338063542,0.20698332115931456,0.0,0.0,0.0,0.49019607843137253,3.9512437185814275,-0.20903894511305993,1,0,-0.008023910388927925,-3.0404276014913503,7.026822525358216
2020-12-27,0.06958767083320434,0.056263608843438645,0.047817874350492735,-0.008023910388927925,0.4172946569125781,0.0,0.0,0.0,0.6304347826086957,3.8501476017100584,-0.30766736481029877,1,1,0.02990230298266988,-0.689772975623598,4.53146471453659
2020-12-28,-0.008028853773555843,-0.03297748849714415,0.015482635869749595,0.02990230298266988,-0.6217434779669122,-0.0014373179976945852,0.00011063825701494334,0.007864952436142986,0.5166666666666667,4.110873864173311,0.016807118333047814,0,1,0.011221757725855123,-4.530319087712976,1.2134249804864816
2020-12-29,0.029907238198924876,-0.003278094357831229,-0.008503158138223867,0.011221757725855123,-0.13848845881233887,0.0013308847368819284,-0.0036594906872421005,0.06165414262935506,0.4507042253521127,4.276666119016055,0.22717581485623278,0,1,0.05299945173010715,-0.237638353309537,5.716247120294666
2020-12-30,0.011221388441659014,0.056249979123936936,0.05414856506988943,0.05299945173010715,0.3175639685552733,0.005993626012460182,-0.00423074427653805,-0.013522538154813975,0.6470588235294118,4.23410650459726,0.19160824237686463,0,1,0.0016640381201618827,-3.616190359249886,1.459264605722972
2020-12-31,0.05299979804391698,0.010429626584390301,0.019213931670703722,0.0016640381201618827,-0.2333725616204123,0.001109894461065988,0.0034527537616808692,-0.0008787547824950818,0.3939393939393939,4.204692619390966,0.1391128024778693,0,1,0.014009593427538712,-1.0393468158440005,2.3115453244060866
2021-01-01,0.0016636918063521763,0.010186845306992997,0.027432473554220772,0.014009593427538712,-0.33187947881649843,0.0,0.0,0.0,0.5454545454545454,3.8066624897703196,-0.27625337660543103,0,1,0.09262474311680098,-1.3218166509234126,12.688889547290572
2021-01-02,0.01400993435567121,0.11778303565638346,0.01118489507674449,0.09262474311680098,0.8751214992467102,0.0,0.0,0.0,0.5555555555555556,3.828641396489095,-0.23889190826012688,1,1,0.025215831986554423,-0.6714573665109509,7.769492124366864
2021-01-03,0.09256597607018781,0.0434307688875637,0.09912833596092557,0.025215831986554423,-0.07204752528561893,0.0,0.0,0.0,0.7368421052631579,4.060443010546419,-0.0296317975888274,1,0,-0.031126048570094073,-15.967245411508218,1.801699035231083
2021-01-04,0.025274258105034853,-0.03446209890480339,-0.12774204846341833,-0.031126048570094073,0.15260981154491654,0.026892014283005597,-0.0006673917285882162,0.1701599662950751,0.3333333333333333,4.3694478524670215,0.24116205682970868,0,1,0.059491981974053296,-6.752454765011287,7.1510069069301005
2021-01-05,-0.031093537628127204,0.022367030146895995,0.06102185789487521,0.059491981974053296,-0.19402850042274197,0.0041053068384807835,-0.004907380055435235,-0.062340930777420096,0.5555555555555556,4.605170185988092,0.41634660830579956,0,1,0.07978987964728743,-1.9678038340166732,8.43985784902002
2021-01-06,0.05945947103208647,0.07238049139495249,0.10733849128399932,0.07978987964728743,0.091261452318938,-0.02373410559741736,0.0010057143081235833,-0.010712280917359632,0.594059405940594,4.624972813284271,0.3666252748018014,0,1,0.06991988054158309,-1.2847148397289283,9.329818317888448
2021-01-07,0.07978987964728743,0.08868948433597171,0.08662076959016496,0.06991988054158309,0.04375518618947015,0.002827831959051613,0.0033452646131757638,-0.11395108697919597,0.6608695652173913,4.7535901911063645,0.40112670651826193,0,1,0.028759807724559636,-7.727250962123169,6.189366270353756
2021-01-08,0.06992495251542807,0.038515360066236445,0.00549451931764078,0.028759807724559636,0.051103246742995025,-0.04175284695685238,0.003001132054229774,-0.03688109174802423,0.6808510638297872,4.553876891600541,0.11077874768436884,0,0,-0.012262052365310671,-4.698831552586092,1.945309438315981
2021-01-09,0.028856990568083787,-0.0136807605958182,0.05904400181993048,-0.012262052365310671,-0.6122276816178859,0.0,0.0,0.0,0.5102040816326531,3.912023005428146,-0.5474639518113773,1,0,-0.04955624359220215,-13.25649209638039,3.098989590077391
2021-01-10,-0.012364307182679718,-0.000725250847696635,-0.0978386578032537,-0.04955624359220215,0.44454553963785576,0.0,0.0,0.0,0.32608695652173914,3.8501476017100584,-0.5919189021652903,1,0,-0.07468819862209011,-22.642599514557748,0.30025635410513773
2021-01-11,-0.04955624359220215,-0.07754357595192463,-0.14341731777397587,-0.07468819862209011,0.7536159601497313,0.008415501632621867,0.004871604440768277,0.11054189600223238,-0.0970873786407767,4.6443908991413725,0.17211034623515964,0,0,-0.03897163438842312,-8.464460248726878,3.397489189085144
2021-01-12,-0.07452156688180359,-0.043715870272290014,0.06709319403621862,-0.03897163438842312,-0.6286220109450912,-0.0036289551927895197,-0.005426646608110303,-0.03164153450913615,0.2641509433962264,4.672828834461906,0.18935431502967204,0,1,0.09303872186648503,-5.032550071672202,10.576453091724659
2021-01-13,-0.039199646100267826,0.03281800463797206,-0.004652532617876359,0.09303872186648503,-0.07332448955991747,0.005789249861381841,0.0029938109510210544,-0.0491974860781978,0.14516129032258066,4.8283137373023015,0.30942205909625137,0,1,0.04635475642223115,-1.8094901347409917,7.047116347982748
2021-01-14,0.09310010183804314,0.05774535442906569,0.12526932123579698,0.04635475642223115,-0.1898810940237838,-0.0017818664700341759,-0.0008861523855966135,0.045762535348432325,0.5517241379310345,4.762173934797756,0.2411620568255088,0,0,-0.06333342468810564,-12.897083177349192,1.5293560056311049
2021-01-15,0.0463728941826091,-0.008822847001285366,-0.06452117400385093,-0.06333342468810564,0.13898433944633698,-0.011414407787474065,0.005966219504508901,0.04581596179503342,0.25263157894736843,4.564348191467836,0.03988258628884553,0,0,-0.020547018278436267,-3.8407483927518764,3.2343001274817476
2021-01-16,-0.06348193868208798,-0.046283983469599166,0.027229923157867476,-0.020547018278436267,-0.31484091546227183,0.0,0.0,0.0,0.2894736842105263,3.6635616461296463,-0.8590438576601839,1,0,-0.004632748030488363,-6.144048493010121,2.354397465091093
2021-01-17,-0.020416642044831824,-0.029346044902342723,-0.04358001928101866,-0.004632748030488363,-0.07439435413668842,0.0,0.0,0.0,0.29545454545454547,3.8066624897703196,-0.7092505881037969,1,1,0.02215551096647076,-2.912934947746818,4.478933957450364
2021-01-18,-0.004733789708871172,0.016612616893104115,0.02767838742214462,0.02215551096647076,-0.1255773222990409,0.0,0.0,0.0,0.1625,4.394449154672439,-0.07398041298549043,0,0,-0.020402027184059653,-2.172438428347417,3.2728732659090336
2021-01-19,0.022016018816952095,0.01009490405105753,0.029560476160464658,-0.020402027184059653,0.11873717652302539,0.005560388855331254,-0.0030891328756101786,-0.04624617169330436,0.45348837209302323,4.465908118654584,0.03207025896995656,0,0,-0.011862853824953393,-7.194432005765321,1.4489070568757578
2021-01-20,-0.019870380365072476,-0.03864168927439231,-0.07062196295823864,-0.011862853824953393,0.11561126841700552,0.014249727942710165,-0.0003315331753251212,-0.07410796584050658,0.19148936170212766,4.553876891600541,0.17384692981362068,0,0,-0.13949640193442464,-16.507611403126212,0.37082716426302026
2021-01-21,-0.01215396681603915,-0.02264365275108063,-0.10499464779856217,-0.13949640193442464,0.4125375668715183,-0.0003215992599331132,-0.003765275435798195,-0.012121371311005128,0.010869565217391304,4.532599493153256,0.19671029425692388,0,1,0.06570370018688361,-6.703097132682132,9.210444156891331
2021-01-22,-0.1394361122717497,-0.051100232008141525,-0.04145125922998391,0.06570370018688361,0.05734162156009896,-0.0051599671898233754,0.0012197219822246497,0.027297561659488975,0.19626168224299065,4.68213122712422,0.3253197046800837,0,0,-0.02667422755262735,-4.835019646223969,1.5386478218464223
2021-01-23,0.06579000700491144,-0.011014263163565522,0.08438447505146533,-0.02667422755262735,-0.7945051350888389,0.0,0.0,0.0,0.3157894736842105,3.6635616461296463,-0.7099229700384668,1,1,0.005654535963060998,-3.741425301148646,3.0486328508538274
2021-01-24,-0.02682082403332996,-0.011574377262553299,-0.01573828410187398,0.005654535963060998,-0.10807717884081729,0.0,0.0,0.0,0.21951219512195122,3.7376696182833684,-0.6283763443777732,1,0,-0.00017670555784965065,-1.0905532588095164,7.79452672632825
2021-01-25,0.005640586659479702,0.05311347471780531,0.032163256386452364,-0.00017670555784965065,0.4229295335401935,-0.00043115764322087933,0.0016608709809143483,0.05677802765401989,0.45652173913043476,4.532599493153256,0.15778044788870665,0,1,0.006599637655448867,-4.492100112034273,2.048921499881121
2021-01-26,-0.00016306629145886495,-0.057632757822320774,-0.034192174090097185,0.006599637655448867,-0.040669591127701576,-0.002266879894457694,-0.002436877852775718,-0.007357751117878455,0.1836734693877551,4.59511985013459,0.19937577784239827,0,0,-0.06691940379282074,-10.465144829489292,0.2753401736373823
2021-01-27,0.006484133833718368,-0.011136175606988756,-0.053130809519101305,-0.06691940379282074,0.12110647970348394,-0.003138830803113128,0.0053091968283805425,0.4802140945749818,0.10091743119266056,4.700480365792417,0.2794157647855318,0,1,0.09417474914995402,-1.740835298857271,10.66582244522303
2021-01-28,-0.06693400680370436,0.03698541892303595,0.020323691513499456,0.09417474914995402,-0.03491323521709476,-0.0038014599418898284,-0.002098200104601342,-0.20840455266105468,0.32098765432098764,4.406719247264253,0.0017652255369147774,0,1,0.026247545889008964,-4.4414598411944315,14.398321931351967
2021-01-29,0.0944046669567079,0.1314997440112432,0.0671685037265823,0.026247545889008964,0.9174739581359254,0.005101511241647846,0.0013257044139469614,0.0910581614516798,0.4639175257731959,4.584967478670572,0.199852833318423,0,1,0.00031175618817061364,-4.256037603312882,1.9681144966585578
2021-01-30,0.02597519440078499,-0.09805452845792505,0.028101768267824564,0.00031175618817061364,-1.0046388811706142,0.0,0.0,0.0,0.08823529411764706,3.5553480614894135,-0.8412773725762089,1,0,-0.03474137711240443,-6.297630078759821,0.2326634295217562
2021-01-31,0.0004848986004488697,-0.017042754483197486,-0.020104168566298725,-0.03474137711240443,-0.21098810202522147,0.0,0.0,0.0,0.375,3.4965075614664802,-0.8854632680476457,1,1,0.013011118061134976,-2.4372837585495533,4.791608237071201
2021-02-01,-0.0347419711523449,0.010848070963090093,0.0038620860896980817,0.013011118061134976,0.185076134894407,0.007281389008044573,0.004845767364374376,-0.09006558280233154,0.575,4.394449154672439,0.0531747624997561,0,1,0.056248964732994594,-0.32376163869381247,7.07512725585713
2021-02-02,0.012734584884042376,0.0358463082489944,0.034146339259692245,0.056248964732994594,-0.05800560811255616,-0.01641737544450263,0.001975637910807737,-0.16813693512742764,0.525,4.394449154672439,0.0876609385709254,0,1,0.05892452811562625,-0.29327148951951365,6.008709806783785
2021-02-03,0.05670821045788171,0.045584790242261225,0.05655386622473756,0.05892452811562625,0.03434808471806158,0.0009282503708198232,-0.0008775143366304055,-0.10945511880997491,0.7238095238095238,4.663439094112067,0.3674224826718379,0,0,-0.018301232416527882,-3.9498325146392315,2.854748608912125
2021-02-04,0.05877906660569738,0.027384916136909472,0.022358917864428913,-0.018301232416527882,0.13088269990499382,-0.023916484486413037,0.004489424778644618,-0.051040593531359875,0.5384615384615384,4.3694478524670215,0.07608230647026004,0,1,0.03599047963365647,-0.9976321629692798,3.6509537258094436
2021-02-05,-0.018338452009230774,-0.010339181247554619,0.011220771100171575,0.03599047963365647,-0.32274068851811266,0.012223053284327792,-0.005367793625702383,-0.0422201349721882,0.40594059405940597,4.624972813284271,0.32661994018810225,0,1,0.023148494595260992,-0.19423273612379444,6.729132215737112
2021-02-06,0.03596672306823884,0.06677226453293313,0.04402447390211152,0.023148494595260992,0.39274037053143956,0.0,0.0,0.0,0.5833333333333334,3.8918202981106265,-0.4443805243370047,1,0,-0.010034370035014157,-4.798384303777118,1.300765967324438
2021-02-07,0.023021184517085694,-0.031135167888865604,-0.022893021081272162,-0.010034370035014157,-0.1575284639169987,0.0,0.0,0.0,0.5,3.4965075614664802,-0.8498456324347525,1,1,0.1784485597042829,-2.1015409427532035,18.745544816280553
2021-02-08,-0.009883032657647105,0.16441341845454693,0.016934063575224888,0.1784485597042829,0.4964373409948226,0.011529720189568878,-0.0012089973403572323,0.01757342429621931,0.6132075471698113,4.672828834461906,0.2994309649502979,0,1,0.0009817309404045217,-3.0960268625366787,3.740120594509702
2021-02-09,0.1784483440702319,0.028394317486574283,0.16850370050644806,0.0009817309404045217,-0.18230498275220214,0.0018542895508146806,-0.005403308689452817,0.018195015567699823,0.5858585858585859,4.605170185988092,0.1971495650736732,0,0,-0.03536212709216373,-5.977368834786992,1.8982241013483405
2021-02-10,0.0009819465744554134,-0.017437233991209212,-0.02783168878209862,-0.03536212709216373,-0.17297010887209438,0.0028836096711605716,-0.0007742900980355436,0.016506592992762147,0.4017857142857143,4.727387818712341,0.3083013596634452,0,1,0.06818827920686066,-1.832360594653495,8.28683497777203
2021-02-11,-0.03536212709216373,0.028523981672073134,0.006087955309171086,0.06818827920686066,-0.08137835694286925,-0.008566387767498546,0.000553077309414763,-0.03423089878779304,0.4188034188034188,4.770684624465665,0.2864618160550985,0,0,-0.01431749606359439,-3.921049838357893,2.0964859449037663
2021-02-12,0.06817055946090297,0.00628478887817804,0.04730138676981667,-0.01431749606359439,-0.04208592645336559,-0.0018099820260787875,0.000663407293342946,-0.062125782326553906,0.6347826086956522,4.7535901911063645,0.24671102072681853,0,0,-0.0028358377938660748,-2.321354618759914,1.80730335634588
2021-02-13,-0.014076698316061433,-0.017209321949173323,0.0016794561323854678,-0.0028358377938660748,-0.2975819158734591,0.0,0.0,0.0,0.6458333333333334,3.8918202981106265,-0.6270200967164031,1,1,0.029754163680420775,-0.2963221253833937,5.2742152024104465
2021-02-14,-0.0029933875460095294,0.03183328066677961,0.017414487139898994,0.029754163680420775,0.14523100937825617,0.0,0.0,0.0,0.6176470588235294,3.5553480614894135,-0.9750351888403267,1,0,-0.013819220219635515,-6.389948947506062,0.8876699857289071
2021-02-15,0.029743803154261755,-0.014111288486394686,-0.031182104540805975,-0.013819220219635515,0.07399111977743117,0.0,0.0,0.0,0.28125,4.174387269895637,-0.27363295122097636,0,1,0.025192855227892837,-1.9122590326926685,5.6365265245115515
2021-02-16,-0.013874387942908411,0.03366934516819106,0.030957678928498353,0.025192855227892837,0.11206088041118428,-0.013485351319986577,0.0003314965319754476,0.07195958149664121,0.5625,4.574710978503383,0.13693855095655372,0,1,0.05900312258279128,-0.3801985504674252,6.853226448200733
2021-02-17,0.025192855227892837,0.03735985446478468,0.04051346005014547,0.05900312258279128,-0.03517414533628938,-0.014629062349107949,0.004849505968666421,0.0018622405931039336,0.6115702479338843,4.804021044733257,0.35313928911468906,0,0,-0.010940542497739106,-2.364293720417548,0.7841246807590978
2021-02-18,0.05896398115386695,-0.0016878950916249886,0.039162170883289965,-0.010940542497739106,-0.344462355154489,0.0012978130348198413,-0.003966080153793898,0.045017820660557956,0.6,4.564348191467836,0.14890132395164093,0,1,0.0810690632665145,-1.6475571866122747,8.92989759383418
2021-02-19,-0.01090120709219608,0.07051718663301171,-0.0037731771596863284,0.0810690632665145,0.27086525755986013,0.0013524313819186311,-0.002542092901632561,-0.019758188501749405,0.6792452830188679,4.672828834461906,0.27429499167875554,0,0,-0.001159939811759115,-3.7210657254204857,3.1593436825584797
2021-02-20,0.08106886928989572,0.023363524153757535,0.06033397787843238,-0.001159939811759115,0.016044718418628284,0.0,0.0,0.0,0.6222222222222222,3.828641396489095,-0.5771482666748411,1,1,0.027681826201509746,-0.653261368931363,4.399557475559589
2021-02-21,-0.001159939811759115,0.011242198118252035,0.029518103753132068,0.027681826201509746,-0.33049633721429056,0.0,0.0,0.0,0.6590909090909091,3.8066624897703196,-0.6172894266597087,1,0,-0.05958734671550698,-18.689875598001173,0.17386459861053521
2021-02-22,0.027747667861746768,-0.014575102567980716,-0.15268431608918828,-0.05958734671550698,0.8346716539686673,0.017250896659106188,-0.003880899352217214,0.06155796013459353,-0.07777777777777778,4.51085950651685,0.053802706004087306,0,0,-0.10101291813933688,-18.633416914212987,0.17718464732855455
2021-02-23,-0.05965318837574393,-0.059554146228326964,-0.05902275987762507,-0.10101291813933688,0.23413051320693734,-0.0012738096892075683,0.0017759582028696007,-0.014605076730018152,-0.08737864077669903,4.6443908991413725,0.1770649393598429,0,1,0.015932614704777116,-3.9686396007816054,4.955814770721637
2021-02-24,-0.10101291813933688,-0.05322661690540603,0.04563485499497701,0.015932614704777116,-0.6116188005919736,-0.004443464260402694,0.00011091917189162994,-0.07968219767307105,0.40594059405940597,4.624972813284271,0.1911296830782468,0,0,-0.053810849213675946,-6.23313961710112,4.65199515837319
2021-02-25,0.015932816008399266,0.012894418581292748,-0.006712385458418131,-0.053810849213675946,-0.09791986927606659,-0.012322324448977169,-0.000554634282254968,0.30291224032747205,0.3333333333333333,4.477336814478207,0.055710607025500056,0,0,-0.017072827721116277,-6.510158382067634,2.8282734234602622
2021-02-26,-0.053811050517298044,-0.0720480665628053,-0.05658103686334104,-0.017072827721116277,0.27264626970918,-0.02643982642289971,0.008836940999226028,-0.03307826645371294,0.2268041237113402,4.584967478670572,0.18026182384125333,0,0,-0.0036898485630648403,-2.7979778461626568,4.473357086395442
2021-02-27,-0.017072611630466333,-0.0006219910917643703,0.020048977637933594,-0.0036898485630648403,-0.5046468901880917,0.0,0.0,0.0,0.1111111111111111,3.828641396489095,-0.587786664879897,1,0,-0.02127979822740345,-6.975230397531909,1.1473102960295989
2021-02-28,-0.0037499279441964243,-0.03695031646672318,-0.04546237407675729,-0.02127979822740345,0.2289314330883548,0.0,0.0,0.0,-0.02564102564102564,3.6888794541139363,-0.7220300546830906,1,1,0.09405668615894246,-0.411006971460655,9.814153921261333
2021-03-01,-0.021254276444608144,0.06538863802491372,0.04436243603330907,0.09405668615894246,0.02415633960672965,-0.0032458010444414774,0.0012089973403573277,-0.17982022644574983,0.44,4.61512051684126,0.20194134367360694,0,0,-0.023389970343295822,-5.256945243435726,1.2285719097263104
2021-03-02,0.09426706627216815,0.008200866043592051,0.045597303439191696,-0.023389970343295822,-0.2813325942756737,0.006134974480583479,-0.002749822966663785,0.031614855873289195,0.7532467532467533,4.356708826689592,-0.012903404822920819,0,1,0.03864676941605752,-0.7042399339589482,8.313694975993718
2021-03-03,-0.023649413454749975,0.047461260319378334,0.02213708275147183,0.03864676941605752,0.23256120787405926,-0.01032367748638774,0.0017607139422178215,0.10132748472935964,0.6122448979591837,4.59511985013459,0.23376830780215388,0,0,-0.04002176686968146,-5.825639563258671,2.7899668312683272
2021-03-04,0.03873017392197234,-0.016590512031196266,-0.012567226876939645,-0.04002176686968146,0.019718962631707943,-0.008842158417799017,0.007448827592523974,0.06881786450640696,0.30434782608695654,4.248495242049359,-0.08338160892455826,0,1,0.007775933948251446,-4.382237871131229,2.1976080012914854
2021-03-05,-0.04002176686968146,-0.04594535516944992,-0.02558774994840717,0.007775933948251446,-0.055437709489659204,-0.0012947745929176705,0.003812499605701413,-0.14717471401246487,0.23333333333333334,4.51085950651685,0.19574457713720653,0,1,0.002673048282055846,-3.510441833870133,0.9153349746510245
2021-03-06,0.007675419601897724,-0.005046796318153216,0.016493894320862457,0.002673048282055846,-0.5659514661374548,0.0,0.0,0.0,0.45714285714285713,3.58351893845611,-0.7292232370051835,1,1,0.04185823565066163,0.0,5.119772333645952
2021-03-07,0.002773562628409517,0.04471742187200518,0.037777466620757136,0.04185823565066163,0.21837509534076013,0.0,0.0,0.0,0.6341463414634146,3.7376696182833684,-0.5749285099343602,1,1,0.02716106637595351,-3.386140177617844,2.768808567035772
2021-03-08,0.04161022439941178,0.018348597984559668,0.007996833874483272,0.02716106637595351,0.19290662203235018,-0.012027309199143453,0.003581252946033692,0.0323187704838435,0.6582278481012658,4.382026634673881,0.12299551206012105,0,1,0.04679835308017754,-1.1246935850162858,4.698964562627257
2021-03-09,0.02740926855735316,0.04646262633186841,0.04977553230196905,0.04679835308017754,0.06738323757161212,0.022921797389633937,-0.0037987616148854562,-0.05819818370948532,0.6933333333333334,4.330733340286331,0.07513413952236733,0,1,0.017467017083068827,-3.484472841553975,4.4598843254787255
2021-03-10,0.046619042719254454,0.044407550708692116,0.023200560514800735,0.017467017083068827,0.16780958876426827,0.002850427716795303,-0.0018503207341171804,-0.06312467536579736,0.4358974358974359,4.3694478524670215,0.15628971808882844,0,1,0.03382631374464177,-2.867444508818396,4.032788474100389
2021-03-11,0.017646136513842337,0.013196058569285428,0.023637300410424597,0.03382631374464177,-0.034016926502497755,0.00046463141365605257,-0.004039116330590868,-0.029235256314019607,0.44680851063829785,4.553876891600541,0.2907262148436473,0,0,-0.009590761378339105,-4.986698744458273,0.5323060832860638
2021-03-12,0.03382614065386973,-0.0011785101635015103,0.012633771388242943,-0.009590761378339105,-0.10968225491935314,-0.0016270843199136934,0.0028400034205757637,-0.05729262907326568,0.48148148148148145,4.406719247264253,0.16034265008752505,0,1,0.06702391904951818,-2.018586641593791,7.768153865037589
2021-03-13,-0.009590588287567108,0.06276771643917636,0.020090359650305624,0.06702391904951818,0.12579157953657819,0.0,0.0,0.0,0.5476190476190477,3.7612001156935624,-0.5108256237421812,1,0,-0.03695728467773086,-3.698323115388289,0.8728167398845006
2021-03-14,0.0670237556198086,-0.00192945220201266,0.050226554311573204,-0.03695728467773086,-0.4590530305094308,0.0,0.0,0.0,0.75,3.2188758248682006,-1.0351314090470072,1,0,-0.05872345889857389,-7.696629821090027,2.7846210175509176
2021-03-15,-0.03682536423929445,-0.017839241901066612,-0.07694035173474827,-0.05872345889857389,0.6697712360133921,0.005451831359562948,0.0016348052699080792,-0.03241933361122549,0.24705882352941178,4.454347296253507,0.21686080814647918,0,1,0.023031800001562738,-4.287824657924673,2.3691327723524434
2021-03-16,-0.058855215907300494,-0.06287834135055859,-0.02463540726692035,0.023031800001562738,-0.27596914286935353,0.000982772833472422,0.0004355026147284354,-0.012054378081987694,0.2708333333333333,4.574710978503383,0.2956502421113745,0,1,0.03475274808665303,-5.003653926825385,3.5800525007403916
2021-03-17,0.02303162425693929,0.03514099728544221,0.01587350731255554,0.03475274808665303,-0.10203789671314693,-0.0021981421073807767,-0.005129069025150484,-0.028705270080567794,0.34579439252336447,4.68213122712422,0.3477505516682659,0,0,-0.02170294068462528,-3.260657493269293,2.0447115980942665
2021-03-18,0.03475292383127642,0.019399339060191652,0.05218271242221396,-0.02170294068462528,-0.05608999003911846,0.003122235750465632,0.004911299893786582,0.11529542049856295,0.46875,4.574710978503383,0.23549631929162737,0,1,0.006601961060385554,-2.4183645228373565,3.1080023284328058
2021-03-19,-0.021827150107422845,-0.011070033381239705,-0.013280010980305788,0.006601961060385554,-0.23964396936508708,0.0052971527058642155,0.0007618185720018744,-0.02962827350928402,0.5212765957446809,4.553876891600541,0.19025568448001304,0,1,0.001244615245755456,-0.3622613784169521,3.1382269024265765
2021-03-20,0.006726170483182992,0.006904206800323145,0.027162992504589503,0.001244615245755456,-0.1637954782860031,0.0,0.0,0.0,0.4583333333333333,3.2188758248682006,-1.1413372332927842,1,0,-0.013004861172545526,-4.67212082093475,0.8343766682695888
2021-03-21,0.0012057175647236127,-0.0217938870958144,-0.04185397917942247,-0.013004861172545526,0.0879213066850081,0.0,0.0,0.0,0.16666666666666666,3.2188758248682006,-1.1413372332927842,1,0,-0.05867551851751849,-6.671857552366431,1.8641905469993774
2021-03-22,-0.01296596349151362,-0.0027067223852476657,-0.03300222848686229,-0.05867551851751849,0.2535795241181258,-0.002069427911533476,-0.0013062827504168105,-0.10403556651887166,0.44086021505376344,4.543294782270004,0.19811380325912709,0,1,0.004752456139708097,-2.0232612530731426,3.1802953474878985
2021-03-23,-0.05867551851751849,-0.045514470512633166,-0.012189555524585678,0.004752456139708097,-0.045643913872701655,-0.007566879516500325,0.0058650465498778625,0.07251773219808452,0.13414634146341464,4.418840607796598,0.09880058475628849,0,0,-0.038210823911918046,-4.981920070817804,5.127691616319072
2021-03-24,0.004787604007805056,0.024226418828019874,-0.02483413203773838,-0.038210823911918046,0.33446740464191793,0.004743225748486408,0.0020555256485557784,0.04338036920115944,0.5416666666666666,4.574710978503383,0.2778103239830436,0,0,-0.019496661048352345,-3.652830729102121,1.862624067309387
2021-03-25,-0.03824578058878746,-0.07086149940201492,-0.024919930494761232,-0.019496661048352345,0.04520618452324053,-0.004627227810274516,0.003775404749911878,-0.06781438391420826,-0.043478260869565216,4.532599493153256,0.24314029683986352,0,1,0.07022885249165932,-0.15448496161449915,7.10984331649984
2021-03-26,-0.019496852239579913,0.03297553144355207,0.01548679662652376,0.07022885249165932,-0.3145323273281147,0.004223156783957694,-0.0011850323387106534,-0.04914352418393228,0.44,4.330733340286331,0.0771896387044633,0,1,0.014282640925523643,-1.9740658049806754,2.9982210165949033
2021-03-27,0.07022885249165932,0.02911262949261009,0.05203304405799771,0.014282640925523643,-0.2418387866552477,0.0,0.0,0.0,0.34375,3.4965075614664802,-0.7908894653016327,1,0,-0.0007080977298643483,-2.0366469710479174,1.321661081420893
2021-03-28,0.014282640925523643,-0.002482958426216371,0.013656829264851183,-0.0007080977298643483,-0.24927748496128402,0.0,0.0,0.0,0.40625,3.4965075614664802,-0.8069540678054393,1,1,0.0327652838371849,-1.7682516513904585,4.604264945333621
2021-03-29,-0.0007077391632415455,0.0321179409092627,0.001975855466710157,0.0327652838371849,0.5525635642403715,-0.011671575757386563,0.0018308744458312438,0.09502088219807715,0.6197183098591549,4.276666119016055,0.03480392220877671,0,1,0.019094591554397786,-0.9835937357627415,2.961718388103786
2021-03-30,0.03276475176627968,0.016339818264886688,0.040611862993462054,0.019094591554397786,-0.20785941451703932,-0.01660812683626846,0.003865990636925039,-0.05602452043285265,0.6712328767123288,4.30406509320417,0.0815114962009852,0,0,-0.00010247931867370034,-3.424236625116945,1.777289261539366
2021-03-31,0.01909476505868041,0.0072503002887536125,-0.0053118373391441405,-0.00010247931867370034,0.10091589445688282,0.017600609611377438,-0.0007505462467722792,-0.0107666249268658,0.4387755102040816,4.59511985013459,0.37178223924415643,0,0,-0.00034241155632151754,-1.3800829278207851,1.2677942177295465
2021-04-01,-0.00012103566711171177,-0.0051974297567717815,0.020339057654288017,-0.00034241155632151754,-0.2515211922232568,0.0073830821038836664,-0.0032230694624324537,-0.1128339470808001,0.5783132530120482,4.430816798843313,0.22486620463770415,0,1,0.003901919152452414,-0.4982894928586931,2.4884474848578013
2021-04-02,-0.0003236849094466068,0.011864121114961096,0.008475522793299321,0.003901919152452414,-0.0007004035475337186,0.0,0.0,0.0,0.5142857142857142,4.2626798770413155,0.0653551810584129,0,0,-0.03272771563018565,-3.5746011123664307,1.4177393212791036
2021-04-03,0.0039017488540156603,-0.006805162483334626,-0.026861197042624893,-0.03272771563018565,0.0005788094853551044,0.0,0.0,0.0,0.7586206896551724,3.4011973816621555,-0.809286830438116,1,1,0.019957809235045493,-1.1705711079785197,2.4942443557380054
2021-04-04,-0.03272754035132363,-0.02196266528559663,-0.008687415586306433,0.019957809235045493,-0.13762664786844078,0.0,0.0,0.0,0.5652173913043478,3.1780538303479458,-1.0211542295856275,1,1,0.015818350490323988,-2.4775014342335395,1.821712889084607
2021-04-05,0.01995763395618359,0.013232494568511766,0.006888505972495338,0.015818350490323988,0.2725473282834458,0.00028956131663167214,-0.0035573996792200506,0.03292010822782251,0.6222222222222222,4.51085950651685,0.3015341852710437,0,0,-0.019447828016770405,-2.9467133841889157,0.6158068637579843
2021-04-06,0.015818350490323988,0.0037592902370575986,0.011126230990770215,-0.019447828016770405,-0.001051366130412186,0.008361011659377205,-0.002811747754088444,0.011657139377224394,0.6352941176470588,4.454347296253507,0.2189506730659385,0,0,-0.035770317641772804,-4.439399680410438,1.138241026062046
2021-04-07,-0.019467141495043947,-0.014223486393729681,-0.034374690978985614,-0.035770317641772804,0.2731923228680865,-0.000804242014787378,0.0012987312383333544,-0.05443526176239321,0.19047619047619047,4.442651256490317,0.2368423956842763,0,1,0.03725857482507307,-0.4539948122052056,3.8562704043485634
2021-04-08,-0.035751182883504644,-0.008590023858907522,0.004083731040279562,0.03725857482507307,-0.4752875185362107,0.009551431317729613,-0.004335596788838388,-0.01231320633011249,0.36046511627906974,4.465908118654584,0.25392818765155184,0,1,0.001118911946587532,-0.7319041357177691,1.3975829591936269
2021-04-09,0.03725875354507857,0.01267170037352362,0.034479481589947465,0.001118911946587532,-0.08114090708461813,-0.007714103350808669,0.0010857248146439473,-0.015458109165233273,0.4230769230769231,4.3694478524670215,0.1393041717230843,0,1,0.027591725106052453,-0.418002453644467,5.613959298552105
2021-04-10,0.001119083937683015,0.043282675340172334,0.0042579287673205875,0.027591725106052453,0.5376942802886091,0.0,0.0,0.0,0.6511627906976745,3.784189633918261,-0.4852522247027406,1,1,0.003895754468994307,-0.9018591542094352,1.5437916532163798
2021-04-11,0.027591553114957007,-0.013109951347305002,0.022753158100402723,0.003895754468994307,-0.5297704426233361,0.0,0.0,0.0,0.6216216216216216,3.6375861597263857,-0.6637621083731745,1,0,-0.0023765589774449635,-1.0922999367931348,2.139478154016785
2021-04-12,0.0038352550890947295,0.009852619476998626,0.0019913466431573184,-0.0023765589774449635,0.314639349431837,-0.0069651153108131235,-0.00021708380041506674,0.013095384214556818,0.6265060240963856,4.430816798843313,0.15817483013903197,0,1,0.060211808883630515,-0.09167247747778247,6.339619460756726
2021-04-13,-0.002315892541094073,0.03962485408995434,0.007629715615708597,0.060211808883630515,0.38498946068632844,0.008627188966826281,-0.0031523578351867953,-0.015494960371601146,0.6770833333333334,4.574710978503383,0.28174733694238296,0,0,-0.009728172284078391,-3.6424155285373545,1.9918278353937593
2021-04-14,0.060211799121700924,0.016733892630000843,0.024704378373034748,-0.009728172284078391,-0.0028083867855725614,-0.006492181509603616,-0.0017434463598543957,0.020214728696920783,0.5670103092783505,4.584967478670572,0.2667923159935323,0,1,0.0031787337071748686,-1.5035225351802015,1.3261051326639324
2021-04-15,-0.009728329578600132,-0.016385399311376687,0.011660757649493139,0.0031787337071748686,-0.4697231363117403,0.01742751851072938,-0.00021819668928545771,-0.025031109191174968,0.4891304347826087,4.532599493153256,0.20239751337751338,0,0,-0.02932349103283781,-5.132631050917906,0.5693547436048515
2021-04-16,0.003159100829323502,-0.00438877018341581,-0.033112351450202256,-0.02932349103283781,0.5747371944312558,0.007674101250506838,-0.001200683579453269,-0.0195009042453573,0.33766233766233766,4.356708826689592,0.026317308330360372,0,0,-0.021891825636385424,-2.9012160948206773,1.8915970359096195
2021-04-17,-0.029303695115420463,-0.0161010681097901,-0.007009341471865579,-0.021891825636385424,-0.44317243555920566,0.0,0.0,0.0,0.5357142857142857,3.367295829986474,-0.9562960664521399,1,0,-0.06642869678323018,-16.397789026059762,0.8171279912515228
2021-04-18,-0.021891822027796784,-0.03263651608296641,-0.15685755494877626,-0.06642869678323018,0.7513211943632397,0.0,0.0,0.0,-0.2,3.713572066704308,-0.60548624197652,1,0,-0.00924779241999631,-3.494787509433751,2.422424072822079
2021-04-19,-0.06642886343138489,-0.05037573596752466,0.0626013183830299,-0.00924779241999631,-0.46772938394800295,-0.005410888818616735,-0.005366030191090253,0.06203544387071455,0.3287671232876712,4.30406509320417,0.015779420117663763,0,1,0.014133255844769198,-4.228079229347853,2.560885112041405
2021-04-20,-0.00924779241999631,-0.007863182027802918,-0.016580709619137247,0.014133255844769198,-0.07268790664016268,0.004454866391931009,0.001864935774151298,0.07732509649126852,0.5135135135135135,4.31748811353631,0.07410797216723557,0,0,-0.0478688076233732,-5.255762431886131,0.5882707204880578
2021-04-21,0.014133255844769198,-0.005592888070764211,0.0038564238193864717,-0.0478688076233732,-0.0824879717674316,0.00840435224167868,-0.0008771294530659213,-0.06525256820826132,0.27941176470588236,4.23410650459726,0.051735674413894775,0,0,-0.03976060378705051,-6.30701787989121,3.1726457823548446
2021-04-22,-0.04786899353974317,-0.022025057004705265,-0.05838136210342399,-0.03976060378705051,0.44621972901159107,-0.006212471446331363,0.0018630962025526427,0.06685721042401424,0.2708333333333333,4.574710978503383,0.3877655310191802,0,0,-0.011006558547651292,-8.45532002525802,0.8493175059717819
2021-04-23,-0.03976061132812388,-0.06299388655088102,-0.06124362524071867,-0.011006558547651292,0.23386392110386783,-0.002360717879845413,-0.005159473703611059,-0.07661899202838841,-0.07954545454545454,4.48863636973214,0.2769177058759863,0,0,-0.02129700475873513,-4.947779229215765,0.08031959338203344
2021-04-24,-0.011291588355639441,-0.018696537673548858,0.02406884941277138,-0.02129700475873513,-0.8706641013761481,0.0,0.0,0.0,0.0,3.6109179126442243,-0.6338857164954403,1,0,-0.019797324384079943,-6.432221818046299,1.0337837399944458
2021-04-25,-0.021011781493303523,-0.011762363292611037,-0.03614143064704053,-0.019797324384079943,0.050956364264935654,0.0,0.0,0.0,0.22580645161290322,3.4657359027997265,-0.7642882805529283,1,1,0.09582776337101846,-0.6406264545818222,10.23843856749854
2021-04-26,-0.01979752818801923,0.07224922389096093,0.03811862925056484,0.09582776337101846,0.39311376202146847,0.001237248457746213,-0.0005504822317882366,0.017729916653121687,0.5172413793103449,4.477336814478207,0.2380321638194548,0,1,0.018541010943021647,-1.45379422730934,2.665225321390406
2021-04-27,0.0958277819945221,0.020095630909937285,0.08769608564374333,0.018541010943021647,-0.46778558837051126,-0.0006746605385477973,0.0011006615996026242,-0.004545458184549777,0.5217391304347826,4.532599493153256,0.2570986490905704,0,0,-0.003017528793609669,-2.2032750995649653,2.541469129550632
2021-04-28,0.0185411961234573,0.017303449024623923,0.011046202220465269,-0.003017528793609669,0.01953318727323829,-0.00270334073967916,-0.0033054574465683894,-0.016073754681327553,0.5238095238095238,4.442651256490317,0.1345036824553665,0,0,-0.023824105906546798,-4.694548597277976,0.6354319001186921
2021-04-29,-0.00301734646565549,-0.022077901087929192,-0.027930263770739774,-0.023824105906546798,-0.04915552057521603,-0.002880286458205009,0.0,0.018917154055148863,0.3235294117647059,4.23410650459726,-0.02079076965436782,0,1,0.07444869860711945,-1.0171808089605652,7.9095712730763195
2021-04-30,-0.023824288234501004,0.04891728782302943,0.012949571976627302,0.07444869860711945,0.2674382156788027,-0.00045252405155806857,0.007367103210650321,0.055232146283638574,0.4838709677419355,4.143134726391533,-0.05818195536660681,0,1,0.001837315218213768,-1.2876363870201575,1.3151883287727613
2021-05-01,0.07450034884971383,0.008504869164083842,0.07174414282652342,0.001837315218213768,-0.47612254141578975,0.0,0.0,0.0,0.6571428571428571,3.58351893845611,-0.6277919994872467,1,0,-0.02137124828966742,-3.1014220050608783,0.1912517578904726
2021-05-02,0.0017334148101196686,-0.009402050490609097,-0.01630054096219341,-0.02137124828966742,-0.14601475924900825,0.0,0.0,0.0,0.2222222222222222,3.6109179126442243,-0.6104554646870545,1,1,0.01039468653491475,-0.2534395344668991,4.159888939278004
2021-05-03,-0.02131899812416781,0.018315123524207992,0.0071085764162723475,0.01039468653491475,0.4485413017443751,0.013544464845169118,-0.0036218207707539645,-0.016251773932244876,0.6818181818181818,4.204692619390966,0.04199512105175476,0,0,-0.07196003096966748,-7.484614614172055,0.05352830985788029
2021-05-04,0.01039468653491475,-0.03066891975928659,-0.06191706426213676,-0.07196003096966748,0.3920740556081599,-0.00874639757494062,0.0037313911958751535,0.06194094519634577,0.5,4.2626798770413155,0.15177255743657656,0,1,0.07661461528794215,-0.565524545325223,8.758749535439868
2021-05-05,-0.07186529863261938,0.015092181286152303,-0.0027691302811991584,0.07661461528794215,-0.0992359721764087,0.004663019601775825,0.00021902128492277538,-0.017085579008662154,0.5733333333333334,4.330733340286331,0.24237491325543079,0,0,-0.018316104117848727,-3.9710246322398315,1.5957524049136917
2021-05-06,0.07651988295089399,0.004984643982680454,0.0425596144187959,-0.018316104117848727,-0.09613994521757137,0.017446839157978355,-0.003950412480798082,-0.04049569027965366,0.75,4.442651256490317,0.31760375232873495,0,1,0.016200912209963583,-2.0640259778662573,3.9230479611885105
2021-05-07,-0.018316104117848727,0.004956851444899597,0.0007538824258870255,0.016200912209963583,0.06028556417794425,0.00855595396027406,-0.0079478681993009,-0.09699723575450897,0.46987951807228917,4.430816798843313,0.2577278691217052,0,1,0.02663856290765698,-0.7262666565277732,3.741830485402113
2021-05-08,0.0162138232882274,0.01438873745209967,0.029578505423348615,0.02663856290765698,-0.06703032573423189,0.0,0.0,0.0,0.5714285714285714,3.367295829986474,-0.8131952228114666,1,0,-0.010609743743877945,-4.564549535504977,0.741273539845988
2021-05-09,0.026701759092424365,-0.0033670065479042954,-0.011744265882115017,-0.010609743743877945,0.001379252263039047,0.0,0.0,0.0,0.5666666666666667,3.4339872044851463,-0.7305347125982323,1,0,-0.04252375198618774,-8.677608089519286,2.1389485690242194
2021-05-10,-0.010686022707743813,0.0033670065479042485,-0.05174032928402103,-0.04252375198618774,0.24948127253503596,0.00348908627232722,-0.0002217276908914321,0.1637763372852811,0.44047619047619047,4.442651256490317,0.25862974986918363,0,1,0.01518224822672772,-2.625054371732502,1.8571766980421571
2021-05-11,-0.042523580285352754,-0.045341470696008294,0.018001785191680216,0.01518224822672772,-0.33118401293608213,-0.0008711143226879709,-0.0007762650283509166,0.10515705090564602,0.4657534246575342,4.30406509320417,0.11168619932319837,0,0,-0.13262323703978,-15.362179219543384,2.3197859858315724
2021-05-12,0.01518224822672772,0.01980834110462173,-0.11218900025138125,-0.13262323703978,0.4395779039821238,-0.007270798097461684,0.006303584042597337,0.233710235896416,0.2441860465116279,4.465908118654584,0.25178914940280217,0,1,0.0007985717571492955,-7.598068957300705,3.4377555733446403
2021-05-13,-0.13452242996481767,-0.12144354116464916,-0.05498213441735306,0.0007985717571492955,0.3890917106913136,0.0006582236054636419,0.0004408786110115878,-0.17632295379972707,0.05825242718446602,4.6443908991413725,0.39237501421206805,0,1,0.0034263093346637553,-1.7695467924091917,3.583099826902432
2021-05-14,0.002716890358922026,0.0022520142927271018,0.059083793406064414,0.0034263093346637553,-0.6096348970641162,0.00770136548279548,-0.004749556682382034,-0.20674182503929742,0.1875,4.394449154672439,0.1458518770250634,0,0,-0.06375488905286,-6.821255781342191,1.7078943443222545
2021-05-15,0.003461554594730529,-0.0153257454911383,-0.04709078055466631,-0.06375488905286,0.11048583017305287,0.0,0.0,0.0,0.4838709677419355,3.4657359027997265,-0.8083667695098722,1,0,-0.007113969892819319,-6.4878748303119,6.28403724032726
2021-05-16,-0.06380925998966176,-0.017993460092809912,-0.06042107954255716,-0.007113969892819319,0.24502293961336638,0.0,0.0,0.0,0.21951219512195122,3.7376696182833684,-0.5511178612406415,1,0,-0.06434306949225864,-10.028468068450007,0.5466225654612507
2021-05-17,-0.00721455322236949,-0.06448811664147944,-0.04251990227420037,-0.06434306949225864,0.3773764138343515,0.01597700925187108,-0.0011077709520344369,0.04724469943401588,-0.21428571428571427,4.59511985013459,0.2925530026965816,0,0,-0.0159345278743997,-3.0030211540125187,5.0633550100596185
2021-05-18,-0.0642429455312193,-0.019175745046274964,0.005911399652116233,-0.0159345278743997,-0.3539370546171989,0.00016065581069687392,-0.0052231181421554815,0.07894993866919349,0.24705882352941178,4.454347296253507,0.12706972123635232,0,0,-0.15519381949293082,-35.65031291794219,1.701024925200179
2021-05-19,-0.01593406850588895,-0.049557828722993975,-0.34240744551369645,-0.15519381949293082,1.1082755553068924,0.007201759353874979,0.004890555878817237,0.038607742657343125,-0.22935779816513763,4.700480365792417,0.33280922887165026,0,1,0.0994528443006428,-5.145355414211355,14.585956103536779
2021-05-20,-0.15570798691564053,-0.026344507709564965,0.14985575554437747,0.0994528443006428,-0.5569846856026192,0.00026573834868414716,-0.004222282748472255,-0.07050761829654915,-0.024390243902439025,4.418840607796598,0.08732818359405181,0,0,-0.084253632547951,-19.077236994564533,4.04606853926769
2021-05-21,0.09993616733857641,-0.00594603134204802,-0.03986597150288895,-0.084253632547951,-0.004525640093733979,-0.0027139022410788334,0.002335530075077542,-0.02547910792353214,0.012048192771084338,4.430816798843313,0.09376232500566009,0,1,0.005293597223083863,-5.664220701604142,4.1461487027072605
2021-05-22,-0.08391842138329111,-0.08325283091355533,0.04987653038165292,0.005293597223083863,-0.46819082491411546,0.0,0.0,0.0,0.17777777777777778,3.828641396489095,-0.5445366810860802,1,0,-0.07755027101425602,-18.543772449667316,2.168352225530044
2021-05-23,0.005223650582832339,-0.014484367548688393,-0.12350192025754789,-0.07755027101425602,0.5399479052919739,0.0,0.0,0.0,-0.17073170731707318,3.7376696182833684,-0.6376271041499241,1,1,0.11287539419061506,-1.8177355393079915,14.142822213309703
2021-05-24,-0.07702924692239861,0.042194428863540884,0.08971009808933726,0.11287539419061506,-0.2952087965403998,0.004200694538999657,-0.0021128149491412614,-0.09085362557830234,0.25925925925925924,4.6913478822291435,0.3126833746664575,0,0,-0.012229504705664857,-6.321698308331913,2.5335483487270336
2021-05-25,0.11249878040327431,-0.0032173444552117633,0.06783576650037575,-0.012229504705664857,-0.3668501076146003,0.007137789140429843,-0.0021173735008629168,0.023631633364472257,0.19047619047619047,4.663439094112067,0.24898478250762093,0,1,0.02365018953907607,-1.3774376025680815,6.359135999981333
2021-05-26,-0.01260833514981385,0.0260263718068782,0.03721310235197369,0.02365018953907607,-0.06659490066952206,0.001684515438402536,0.004452384082731797,-0.0818135328566583,0.2545454545454545,4.709530201312334,0.2937611185372541,0,0,-0.018308668772305418,-5.520504541073162,2.9360181197173008
2021-05-27,0.02365044436863752,-0.010580989263564254,-0.01778047984597488,-0.018308668772305418,-0.19118084134768248,-0.002949750706768753,-0.0007777312096204108,-0.03636769300212449,0.20202020202020202,4.605170185988092,0.15921398179390608,0,0,-0.07730916315521141,-10.515815404697289,0.8987525715559996
2021-05-28,-0.018308664063743773,-0.03868132425391849,-0.06826177740854661,-0.07730916315521141,0.4473786768337233,0.0035806730456278716,0.0006666395646189669,0.0011940573217919478,0.0,4.31748811353631,-0.11649520545844119,0,0,-0.030124961488519942,-5.862688444128962,4.589963206037673
2021-05-29,-0.07735709162643432,-0.04039705681039455,-0.030777893549527993,-0.030124961488519942,-0.18366624596381398,0.0,0.0,0.0,0.4146341463414634,3.7376696182833684,-0.7000916528883662,1,1,0.02950172116854018,-3.607555519193601,5.298092449124361
2021-05-30,-0.03007729255542019,-0.023043669057652934,-0.007573632239166379,0.02950172116854018,-0.42663513892680704,0.0,0.0,0.0,0.16666666666666666,3.4339872044851463,-0.9932517729769501,1,1,0.04424998538763259,-4.262921129620426,5.081002986744086
2021-05-31,0.02950144059488495,0.027330826544737372,0.022948065064271956,0.04424998538763259,0.24723652616344538,0.0,0.0,0.0,0.23376623376623376,4.356708826689592,0.005581409851182352,0,0,-0.015165767520091036,-4.355636744400678,1.7059941923024222
2021-06-01,0.04425053439017223,0.010499897443216015,0.04332282923983009,-0.015165767520091036,-0.1476612220594934,0.00021024040204428116,-0.00222391893686749,0.06580558282518024,0.17777777777777778,4.51085950651685,0.1899697776433226,0,1,0.02358227059865497,-2.129421052023846,4.090129786088875
2021-06-02,-0.015118071664916258,0.008675588417773534,0.00709638940367732,0.02358227059865497,-0.18392088160477768,0.002414433020726898,0.0007789428259739803,-0.02374334749601523,0.4772727272727273,4.48863636973214,0.21064086779336472,0,1,0.04369893289158691,-1.0668740243731505,4.952216775686858
2021-06-03,0.02353430631459584,0.032203140494634734,0.034207740875161964,0.04369893289158691,0.11585197509431991,-0.019213573983194728,0.006651892255236875,0.0315342213447932,0.3522727272727273,4.48863636973214,0.23293155769173632,0,0,-0.06358407913456297,-9.878464530197808,0.10767057006718923
2021-06-04,0.043698678093646054,-0.004746529164609716,-0.04441697216665962,-0.06358407913456297,0.18507257871219243,0.00989111901082882,-0.003985840214529354,-0.09409145671364344,0.03773584905660377,4.672828834461906,0.35552043160134134,0,0,-0.03638111995464031,-5.66681915294876,2.9324946924679702
2021-06-05,-0.06357975146756417,-0.03533583791055508,-0.02146762536207252,-0.03638111995464031,-0.2593059210808209,0.0,0.0,0.0,0.3793103448275862,4.07753744390572,-0.27964493488989056,1,1,0.007940357113332096,-0.8233570982382433,2.685970685085467
2021-06-06,-0.036304381068162424,-0.03884636002846534,0.012053500592464824,0.007940357113332096,-0.39115283426551256,0.0,0.0,0.0,0.35714285714285715,4.04305126783455,-0.36201778833137077,1,0,-0.06472479604498639,-7.228741848220993,3.0366735577873456
2021-06-07,0.007859545357796309,0.011447385840350967,-0.0561134903864954,-0.06472479604498639,0.4873576323155692,0.0036972523073180667,-0.00211008402207819,0.0,0.28448275862068967,4.762173934797756,0.29924289486147765,0,0,-0.005138835456786614,-7.913281493847545,1.5238801385755658
2021-06-08,-0.0646005220011891,-0.07985273023710414,-0.07157019250125189,-0.005138835456786614,0.46297986127067564,-0.002428134028169905,0.001444258249090659,0.03882241025776176,-0.008333333333333333,4.795790545596741,0.28451249769883524,0,1,0.11336995068009252,-2.9920914133544247,11.728705226427282
2021-06-09,-0.005263409073946436,0.09690941542173057,0.0440730653481446,0.11336995068009252,0.10288810407362291,0.0005283457753793965,0.00044396132262211174,0.04691934447526731,0.31746031746031744,4.844187086458591,0.2749143436297161,0,0,-0.019236178908744933,-4.390616097929654,2.907331308545966
2021-06-10,0.11337025025345487,0.025156211501279405,0.09938470383434014,-0.019236178908744933,-0.2209388685302863,0.0005280667735240403,-0.0004439613226220063,-0.10542256771952595,0.28225806451612906,4.8283137373023015,0.20657647717517252,0,1,0.01773537623175507,-2.03539504304045,2.7025109624885983
2021-06-11,-0.019178649314046885,-0.021284382369318625,0.004316031640147195,0.01773537623175507,-0.3335082182881968,-0.008908706107218346,0.005314402777517854,-0.02834840307308947,-0.04504504504504504,4.718498871295094,0.0887679205734157,0,0,-0.04901960505525715,-7.598624533610943,0.3520263714764673
2021-06-12,0.017677846637057147,-0.005769469678366203,-0.0378969186739499,-0.04901960505525715,0.11145651577864978,0.0,0.0,0.0,0.21951219512195122,3.7376696182833684,-0.8829897447227932,1,1,0.09325821606697823,-2.2449736341039284,10.242734629629886
2021-06-13,-0.04901932373056104,0.04988747752627691,0.004516903939812943,0.09325821606697823,-0.009122039112444804,0.0,0.0,0.0,0.5106382978723404,3.871201010907891,-0.7333610874755769,1,1,0.03761517248338315,-0.7474449454998127,5.10440998871351
2021-06-14,0.0932576784671614,0.0418749696578145,0.10823350295301953,0.03761517248338315,0.22195657494112925,-0.007163137661542878,-0.0004418038155386847,0.046200462905372656,0.5405405405405406,4.718498871295094,0.1333475522065041,0,0,-0.009230129428558456,-2.5241431366194034,1.9884513058599012
2021-06-15,0.03761518194416706,0.006455585654847014,0.019848190572187112,-0.009230129428558456,-0.29647049081197124,-0.005109598315890978,0.00022096843932471071,0.0377177945243885,0.48484848484848486,4.605170185988092,0.050306464697497194,0,0,-0.04574527341953061,-5.183958219356068,0.9497887100335756
2021-06-16,-0.009235861103617033,-0.019616755386821744,-0.0358282802559251,-0.04574527341953061,0.08425624212746191,0.0026925164354793135,0.006495276249203282,0.06428138965238342,0.3564356435643564,4.624972813284271,0.10898171146924791,0,0,-0.006698961944875928,-2.5994275234699558,3.108676076592033
2021-06-17,-0.045739555693094076,-0.024156399753946064,-0.01989996646066945,-0.006698961944875928,-0.09846580728872847,-0.04718346889536021,0.008305174501725073,-0.02228502377181922,0.22772277227722773,4.624972813284271,0.14593370673487846,0,0,-0.06152782082782359,-8.09944952447506,0.2880107726697099
2021-06-18,-0.00669870118191734,-0.03490561498409901,-0.06169918195492694,-0.06152782082782359,0.17999799394092586,-0.003331750148147224,0.003693290774446161,0.15374822120687637,0.12280701754385964,4.74493212836325,0.2621136693114383,0,0,-0.00942793009744289,-2.878339875379564,1.7631554068092998
2021-06-19,-0.06150995379428657,-0.046776374486427776,-0.009316724336868781,-0.00942793009744289,-0.326344069392861,0.0,0.0,0.0,-0.25,3.8066624897703196,-0.6947692409090861,1,1,0.0032761324830971688,-6.243610562665826,1.8263195435995427
2021-06-20,-0.009445797130979955,-0.008796288729540474,-0.043080636970305425,0.0032761324830971688,0.26852469841386484,0.0,0.0,0.0,-0.14285714285714285,3.912023005428146,-0.590374825498248,1,0,-0.11891045662276035,-13.029139682208157,0.4200136910109031
2021-06-21,0.003276413380671329,-0.010786926042789243,-0.06457915871232636,-0.11891045662276035,0.6301343192316942,0.007831701368745038,-0.004019808103027498,-0.14589187372458626,-0.2767857142857143,4.727387818712341,0.23468954232019926,0,1,0.028094524319938106,-9.289069242280085,5.208108407147624
2021-06-22,-0.11874655689280549,-0.07102950946139311,-0.08150975222347953,0.028094524319938106,0.190550547210522,-0.00309153999585223,-0.001416169424641615,-0.07123123582395531,-0.24193548387096775,4.8283137373023015,0.29694139787264234,0,1,0.0353126837670968,-2.5753940494638163,7.04080684274955
2021-06-23,0.02793034369240871,0.04642150867595734,0.09523127624810067,0.0353126837670968,-0.4752198364016075,0.003372115731426366,0.0007628147526202326,-0.020619296743295247,0.35454545454545455,4.709530201312334,0.1632831633996218,0,1,0.028828548379449724,-4.219552940366684,4.69794214161918
2021-06-24,0.03522360106057474,0.011884036755793184,0.018871094858068257,0.028828548379449724,-0.3823223842733731,-0.0037663122158099844,0.00021780462745203655,-0.021679351888891696,0.13513513513513514,4.718498871295094,0.15715820090022256,0,0,-0.09301052120369376,-10.285637572065692,2.385726440773841
2021-06-25,0.028917342594627495,0.005706391370996146,-0.031832297937540416,-0.09301052120369376,0.2925192962719919,0.0005630313834598243,-0.00010893793377932161,-0.022159841862596074,0.2235294117647059,4.454347296253507,-0.06506359333529706,0,1,0.021895999249812816,-4.644682075091875,3.5627177643151033
2021-06-26,-0.09327495495977853,-0.08124060796828095,-0.03660096623395553,0.021895999249812816,-0.07365038742745472,0.0,0.0,0.0,0.06666666666666667,3.828641396489095,-0.7026259244922669,1,1,0.07218857505595316,-0.9655039201197119,7.358988449856785
2021-06-27,0.022160721497241975,0.05985870610522945,0.058687780799534364,0.07218857505595316,-0.1097508152440609,0.0,0.0,0.0,0.2391304347826087,3.8501476017100584,-0.6759188765780287,1,0,-0.005938288050668354,-2.4434780923284167,1.706860413798765
2021-06-28,0.07225053218365785,0.015667294695372955,0.05740883333386602,-0.005938288050668354,-0.16128967203692082,0.0016871946194519283,0.0007621503640874939,0.008922961867715495,0.2761904761904762,4.663439094112067,0.160520128122262,0,1,0.04025278594807432,-0.7842262114181794,5.923704328228499
2021-06-29,-0.0060002451783731,0.03623015109362891,0.01065423075843408,0.04025278594807432,0.09910972492929405,-0.009485124546020829,0.0018485929045953247,0.016362871262031953,0.22321428571428573,4.727387818712341,0.24441409221219407,0,0,-0.024431033120821895,-5.418741515960941,0.5228882265725172
2021-06-30,0.040252507487487814,-0.013755375068485344,-0.006092367097353255,-0.024431033120821895,-0.1627558247324392,0.004527967765016482,0.00422787098454316,-0.011931101141382797,0.17094017094017094,4.770684624465665,0.2767530019281377,0,0,-0.04494752092035272,-6.892153717868567,0.03586173840621544
2021-07-01,-0.02443075466023555,-0.029301298002485043,-0.039165155139898176,-0.04494752092035272,-0.07317403517802548,0.0028759009759461445,0.0017293133570677275,-0.02235803048305722,0.2988505747126437,4.477336814478207,0.019901154328789052,0,1,0.008377365268202767,-2.4340932636092583,1.3999573352804608
2021-07-02,-0.04501796130110617,-0.03130656495161018,-0.0003669163777595864,0.008377365268202767,-0.2441843873600662,0.0037656085928761485,-0.004003631528917665,-0.02684284620242955,0.2976190476190476,4.442651256490317,-0.013513719154817973,0,1,0.025786871340954098,-1.400312107317029,3.373005847888915
2021-07-03,0.008447509673146973,0.02810785039428738,0.018715176831125124,0.025786871340954098,-0.2661853498164196,0.0,0.0,0.0,0.26,3.9318256327243257,-0.5406617800317484,1,1,0.017651072284598005,-0.9039517250403485,3.6775818247771865
2021-07-04,0.025786878875679643,0.028832631109836814,0.03075047516372108,0.017651072284598005,0.015191345184734356,0.0,0.0,0.0,0.5405405405405406,3.6375861597263857,-0.8266785731574409,1,0,-0.04629552498009569,-6.319584998356014,0.020600652181254876
2021-07-05,0.0176972695677328,-0.018918739441361535,-0.0365052604485587,-0.04629552498009569,0.38338911125897784,0.0,0.0,0.0,0.1891891891891892,4.31748811353631,-0.07974566324969967,0,1,0.01560534774517823,-0.4705006169983642,4.153366465221107
2021-07-06,-0.046341136999440743,-0.004967866849697093,0.012195318833480752,0.01560534774517823,-0.09674934168601748,0.006096058971480818,0.0034635783486162736,0.08701142972543527,0.04878048780487805,4.418840607796598,0.07786737508982278,0,0,-0.010513575195606917,-1.3007666883954896,2.422436296061681
2021-07-07,0.015605343149112058,-0.0017039539464161146,0.007302687031206908,-0.010513575195606917,-0.07865414053628478,0.0044506332158106765,0.0009719352426031079,-0.01470613277992456,0.5068493150684932,4.30406509320417,0.04810546713481345,0,0,-0.029562898272273284,-5.415772307924175,0.1991983165110085
2021-07-08,-0.010514162737527585,-0.03274595499111367,-0.05166363139089367,-0.029562898272273284,0.26502979719063896,-0.001055246787513598,-0.003027016141569704,0.15942768983307518,0.09302325581395349,4.465908118654584,0.21404882141995527,0,1,0.028194357383748637,-1.8872847065956668,3.656329706657851
2021-07-09,-0.029562602956992395,0.005008415629195282,0.005721977741011921,0.028194357383748637,-0.39702549612879484,0.005762440859237031,-0.00249339778587846,-0.16066304867479828,0.13861386138613863,4.624972813284271,0.3404404958067345,0,0,-0.009297337803434783,-2.427604514484131,1.3108423701625702
2021-07-10,0.028194357383748637,0.004739484018795569,0.02279115930486387,-0.009297337803434783,-0.3049164500315793,0.0,0.0,0.0,-0.05405405405405406,3.6375861597263857,-0.6375773293781075,1,1,0.022317905214544593,-0.587943439520571,3.412827271591215
2021-07-11,-0.009297337803434783,0.011722511210851747,0.009099272946200734,0.022317905214544593,-0.09620995784382932,0.0,0.0,0.0,0.12,3.258096538021482,-1.004824758527942,1,0,-0.034819738727865,-4.784875246647863,1.2168867820228955
2021-07-12,0.022318197108687963,0.00035850031886138254,-0.019651412856728397,-0.034819738727865,0.4226819738773325,-0.0024892835423589803,0.0010849003362286766,-0.0006182521843864019,0.2261904761904762,4.442651256490317,0.18641154205738464,0,0,-0.01084421199366593,-2.7092947404324073,0.7628604032761993
2021-07-13,-0.03481066132245258,-0.03936000251533192,-0.01406393366571039,-0.01084421199366593,-0.15832382958738847,0.0021577503670339305,0.005622207842502494,0.05708974142698163,0.25,4.532599493153256,0.2570986490905704,0,1,0.002753633750060858,-3.671147230899778,1.16719983500138
2021-07-14,-0.010873441086139886,-0.006800817676414248,-0.020462736898339624,0.002753633750060858,0.12875993048094056,0.008201066475030334,-0.003672463958666739,-0.04724351742387486,0.10204081632653061,4.59511985013459,0.27129616367116655,0,0,-0.029059841124266395,-5.277034517502553,1.1066805047413428
2021-07-15,0.0027737982350077325,0.0021484404474603354,-0.013305239115966962,-0.029059841124266395,0.0988791286528667,0.0022449022507048935,0.002269893178036134,0.040797517553130096,0.28735632183908044,4.477336814478207,0.15032658340034902,0,0,-0.015684787261425026,-2.734669617362155,1.1513762639922729
2021-07-16,-0.029232996387720617,-0.02861288353175702,-0.0036361921228624102,-0.015684787261425026,-0.06272736510012673,-0.007631333157156481,0.0007554875203052221,0.0812629919747747,0.23333333333333334,4.51085950651685,0.20544397422591987,0,1,0.004330419138805793,-0.7020536866275745,1.8063386513839528
2021-07-17,-0.015512255325068915,-0.009135163387508378,0.004641372045920625,0.004330419138805793,-0.3548404744760378,0.0,0.0,0.0,0.34285714285714286,3.58351893845611,-0.7351113796304062,1,1,0.008167362765899914,-1.31282837632395,2.8613600865623567
2021-07-18,0.004330737773875188,0.014880633490589976,-0.0017773277581577518,0.008167362765899914,0.054677172861625066,0.0,0.0,0.0,0.2857142857142857,3.58351893845611,-0.7544918311800686,1,0,-0.029990648832101084,-4.4104533254189375,0.3782812771763879
2021-07-19,0.008167677443419117,-0.016663425327959926,-0.022808886725049993,-0.029990648832101084,0.27596780513254726,-0.003201619485910015,0.0021553726015183998,0.1984508973721072,-0.024096385542168676,4.430816798843313,0.11092194528848633,0,0,-0.03461668416799106,-5.196481898397379,0.7218454055896097
2021-07-20,-0.029990963509620352,-0.026555007547968683,-0.037850934561885596,-0.03461668416799106,0.25406638854582353,0.0012156445618103438,0.000860882769104438,-0.13137501237725321,-0.021739130434782608,4.532599493153256,0.2138699145397501,0,1,0.07605715848404894,-1.0383917563294718,9.80107309189423
2021-07-21,-0.0346170198472186,0.05617559269505499,0.006964217252688168,0.07605715848404894,0.30495106416907797,-0.0044274796393197775,-0.0023691721102975303,-0.09678108928020436,0.43529411764705883,4.454347296253507,0.16005040196621131,0,1,0.0044487049941116285,-1.367265907434241,1.3805241691894932
2021-07-22,0.07605749416327658,-0.008148330742998368,0.07276841697300139,0.0044487049941116285,-0.5845273271923509,0.0011640986772757504,0.0007544290376617758,-0.01235966919142029,0.48598130841121495,4.68213122712422,0.3515384349852029,0,1,0.040849756917323884,-1.1322277273298573,4.132267704737327
2021-07-23,0.00444096210870055,0.03196614034959007,0.0067990867951555015,0.040849756917323884,0.08242210810411711,-0.00199643786451196,0.0009691915436784198,-0.028090110185145265,0.5526315789473685,4.343805421853684,0.036367644184032766,0,1,0.01838406474345351,-0.6950104823980138,2.541918807662671
2021-07-24,0.04085779712008507,0.024946267946577175,0.04522192936664219,0.01838406474345351,-0.04354453809461931,0.0,0.0,0.0,0.2222222222222222,3.6109179126442243,-0.7127941779159641,1,1,0.03225131745929758,-1.1952114744036946,3.2731120664421134
2021-07-25,0.01848213336938312,0.025695997331247975,0.013382054823396857,0.03225131745929758,-0.002600882250942633,0.0,0.0,0.0,0.5161290322580645,3.4657359027997265,-0.8545133721456539,1,1,0.05114348533727734,-0.49652444940232726,13.63602623979835
2021-07-26,0.03215295151601797,0.13588045919285985,0.03923818770931121,0.05114348533727734,1.1587208417908463,-0.001499999314886413,-0.0028023528682347702,0.021852459740864652,0.5631067961165048,4.6443908991413725,0.3077621307484904,0,1,0.05791451692422995,-2.3217370918918285,6.005982116795393
2021-07-27,0.0512436478934023,-0.025156955892752016,0.0328913589123823,0.05791451692422995,-0.5450121025353729,0.0004446939315025321,-0.002377364622267452,0.09644722545763793,0.20987654320987653,4.406719247264253,0.08845542057420923,0,1,0.014134814167452743,-1.7535183794584324,3.589654262381016
2021-07-28,0.05778242106511416,0.033751238380086195,0.06359670404856399,0.014134814167452743,0.13668483162627226,0.0,-0.001190805124223257,-0.055761783855972864,0.3977272727272727,4.48863636973214,0.16557937566224484,0,0,-7.696532715802908e-05,-2.069158779598185,1.538446867782776
2021-07-29,0.014166997348222453,-0.00637725977852965,0.010978410166055306,-7.696532715802908e-05,-0.6295707406921155,0.017462614454720644,-0.004995113912144747,-0.03388264683517473,0.5157894736842106,4.564348191467836,0.265376314948009,0,1,0.05327978825254109,-4.349610191672724,5.589067424201947
2021-07-30,-2.698716085991018e-05,0.040429240237033745,-0.02288147944790335,0.05327978825254109,0.309727718063553,-0.010209197822209345,0.003368992597499099,0.030052289414132554,0.2777777777777778,4.290459441148391,-0.003960401202208075,0,0,-0.017797912555153794,-2.899543228358094,0.5708639877602094
2021-07-31,0.05322932327737593,0.003097753888123575,0.06778045788568725,-0.017797912555153794,-0.49536393325968114,0.0,0.0,0.0,0.5714285714285714,3.7612001156935624,-0.5547448576770168,1,0,-0.03976527538307319,-5.044895519245639,2.70575338587702
2021-08-01,-0.017797434438406364,0.0035509814260142186,-0.03925143546402919,-0.03976527538307319,0.18479782189921568,0.0,0.0,0.0,0.6333333333333333,3.4339872044851463,-0.8892620594529024,1,0,-0.017663231962589804,-2.942680086713316,1.5800302435198046
2021-08-02,-0.03964430552723677,-0.051022506806645405,-0.018743121057750053,-0.017663231962589804,-0.059485391595544605,0.0030297211452917027,-0.0013027373071648138,0.06474405761339283,0.5052631578947369,4.564348191467836,0.2791968705666413,0,0,-0.024324684058787516,-3.9223492366815793,1.601953580886129
2021-08-03,-0.017808965743051564,-0.017443998588926656,-0.027459923462272436,-0.024324684058787516,0.11647806740753266,-0.004409907432068376,0.0003258434667547592,-0.07576946432690278,0.47368421052631576,4.564348191467836,0.25174416615795125,0,1,0.03891484283709042,-1.8450879964017255,4.510061274909051
2021-08-04,-0.02430042305165619,0.004756392881441801,-0.0035520716559889086,0.03891484283709042,-0.08755198092470323,0.00022097134087597074,0.002061240909723849,-0.0038879027995192016,0.2976190476190476,4.442651256490317,0.13645110273976216,0,1,0.028276896761954197,-6.206527819789256,4.013752507443236
2021-08-05,0.038914852826712136,0.03395175516243231,-0.0046995553967848465,0.028276896761954197,0.47734333129191375,-0.002987071836327456,-0.0003251724075045828,-0.03915385947247127,0.5,4.574710978503383,0.26803507507840113,0,1,0.04718738719477047,-2.4992529374799237,6.007320877237482
2021-08-06,0.02827714850416772,0.048212580459896646,0.06534964558504762,0.04718738719477047,-0.10741030284280596,-0.025302169337170947,0.006052819876152756,-0.06762977706408986,0.46153846153846156,4.3694478524670215,0.04879016418225248,0,1,0.03971879398871793,-0.9156841253337309,4.257432126753054
2021-08-07,0.04718738719477047,0.029688499689926144,0.06302307531623244,0.03971879398871793,-0.03161094254555474,0.0,0.0,0.0,0.40540540540540543,3.6375861597263857,-0.6873388389371715,1,0,-0.01761270403291667,-2.986643804043603,1.6409784338336237
2021-08-08,0.03971879398871793,0.013554257059523622,0.01900919720161915,-0.01761270403291667,-0.05701490532079784,0.0,0.0,0.0,0.5428571428571428,3.58351893845611,-0.7525706010021749,1,1,0.05462970446216788,-2.3457942335813167,5.896053434115007
2021-08-09,-0.017612932372795636,0.02493804596989712,-0.01120420832829382,0.05462970446216788,0.07311346632654221,-0.021014711060311712,0.0016150086577253367,0.03468554054099084,0.5466666666666666,4.330733340286331,0.04879016418276529,0,0,-0.01455647910352678,-3.663746654254822,0.9609189904889804
2021-08-10,0.05453198925961016,0.005278360025907594,0.041450180255432706,-0.01455647910352678,-0.326432479800344,0.0031284564647309984,0.0011827388465470963,0.004177959028340658,0.6436781609195402,4.477336814478207,0.21333955122908305,0,0,-0.0016244406865866849,-0.5363707541870752,2.5096071167835783
2021-08-11,-0.014458316190658974,0.0009304021594191887,0.016717279897150678,-0.0016244406865866849,-0.020268099736896337,0.012416792738750166,-0.001613098112863148,-0.03762584731032467,0.7252747252747253,4.5217885770490405,0.2441635598316336,0,0,-0.02473710831782772,-3.9005403777044476,1.5417874006681294
2021-08-12,-0.0016319110775714477,-0.011302637847741156,-0.03526613692176033,-0.02473710831782772,0.04688234660672238,-0.0008001511567647293,0.0013981959816719556,-0.03652798545002149,0.5232558139534884,4.465908118654584,0.2078949558455769,0,1,0.07380869283538957,-0.40987960411359775,7.560623945990609
2021-08-13,-0.024705983170677355,0.03545125713539721,0.010169499418080838,0.07380869283538957,-0.13598435798231426,0.014868869094078072,-0.005604716970647877,-0.00902070185877843,0.35294117647058826,4.23410650459726,-0.006282743164789322,0,0,-0.015421439567330678,-3.901422401338022,0.7170880390279031
2021-08-14,0.07378460950375008,0.0053733337657625255,0.03889326486314541,-0.015421439567330678,-0.04505112453114651,0.0,0.0,0.0,0.5,3.8066624897703196,-0.45610884090419207,1,0,-0.002013774690601655,-3.389187397317498,0.6432836482292292
2021-08-15,-0.015421442818578943,-0.016159483475317454,-0.010299089527125424,-0.002013774690601655,-0.09082224272234156,0.0,0.0,0.0,0.5777777777777777,3.828641396489095,-0.4540032878770722,1,0,-0.023097203992741226,-2.8367784137828553,2.2731415637095695
2021-08-16,-0.002013562234310585,0.014284804464201712,0.0035103151447448133,-0.023097203992741226,0.22014094802950335,0.006569223434738159,0.0011882325349197728,0.04245179814165022,0.4880952380952381,4.442651256490317,0.15216851863517195,0,0,-0.02661032775885209,-3.3794438493803245,2.7052854422433477
2021-08-17,-0.023096986133964038,-0.018775765207403382,-0.028523858348716055,-0.02661032775885209,0.08329815142805962,-0.0010638733336789578,0.005383303426822316,0.10529841841281065,0.4175824175824176,4.5217885770490405,0.22432163903262972,0,1,0.00020894564849409231,-1.108389901272408,2.875850300121033
2021-08-18,-0.02661054561762928,-0.02490467918007523,-0.00389978827777283,0.00020894564849409231,-0.05291784307833987,-0.0019065919740294643,0.00010739395952496168,0.18594423869998947,0.2653061224489796,4.59511985013459,0.28477086225452664,0,1,0.0449495565754806,-1.754673854025721,5.0757643856947645
2021-08-19,7.651407258613088e-05,0.022208086504231162,-0.006253893879039257,0.0449495565754806,-0.012792558085773793,-0.0007861331433283399,0.004606085025175294,0.004625372816078682,0.21649484536082475,4.584967478670572,0.253420579027643,0,1,0.05333836243326847,-0.29476285967100546,5.456463720234221
2021-08-20,0.045081988151388384,0.04875654992087535,0.05954866651902792,0.05333836243326847,0.06239158331380444,0.0004493141932800512,-0.0007483797317099128,-0.154920120485587,0.56,4.61512051684126,0.22493086189830555,0,0,-0.010201389940111036,-2.2564409686491405,0.8772202985915158
2021-08-21,0.05333836243326847,0.0075459282168415425,0.03372158134348721,-0.010201389940111036,-0.19571219588613523,0.0,0.0,0.0,0.358974358974359,3.6888794541139363,-0.7076928915366831,1,1,0.008512092205915797,-1.593623278871528,1.3794301369627735
2021-08-22,-0.010201185113893365,-0.005179291556398445,-0.0035732130423348323,0.008512092205915797,-0.23357914646193204,0.0,0.0,0.0,0.6060606060606061,3.5263605246161616,-0.8528482908875498,1,1,0.005056931265299252,-0.4278500631901933,2.5282875870381574
2021-08-23,0.008511887379697968,0.020000666706669435,0.020169824362729113,0.005056931265299252,0.3489683547819416,0.012387832917253414,-0.005792153039656248,-0.07901054721458206,0.71875,4.574710978503383,0.19309365378628257,0,0,-0.03736100600577641,-3.8914630438857416,0.7471686419180044
2021-08-24,0.005056931265299252,-0.01275425818590233,-0.02957919854165629,-0.03736100600577641,-0.02798766503993405,0.0013300957751088253,-0.0007532924262474436,0.004073307755883778,0.41304347826086957,4.532599493153256,0.14873061236878857,0,1,0.026889274355853948,-1.1555578467442038,3.281329513264092
2021-08-25,-0.03736100600577641,-0.012019397292315668,-0.010001954034361087,0.026889274355853948,-0.1331268857484358,-0.009683432986547027,-0.000646107692080535,-0.025287933507119265,0.40217391304347827,4.532599493153256,0.1596002846056926,0,0,-0.044455503018913885,-5.721419606787502,0.7719652322984794
2021-08-26,0.026889274355853948,0.001795631546197772,-0.01876934324457903,-0.044455503018913885,0.10038395595781809,0.0022343882098449877,0.002474537045090853,0.11519875162978147,0.325,4.394449154672439,0.0512932944000505,0,1,0.04642565518730656,-1.0642015872579367,4.805526537316894
2021-08-27,-0.04445571649404035,-0.004119889968729628,0.002116677176381791,0.04642565518730656,-0.16007898174225146,0.013522720423364417,-0.003983801954528598,-0.13931092173088985,0.5432098765432098,4.406719247264253,0.10008345856932818,0,0,-0.0035635122599486395,-1.484412185011026,0.4657984672560718
2021-08-28,0.046425868662432986,0.003028374486698347,0.04222354920977576,-0.0035635122599486395,-0.45533575949007166,0.0,0.0,0.0,0.475,3.713572066704308,-0.6074336622609157,1,0,-0.002611425769036323,-2.344064968498535,1.495892708326281
2021-08-29,-0.0035635122599486395,0.006737430150753383,-0.012160040094823738,-0.002611425769036323,0.20196069890266785,0.0,0.0,0.0,0.41304347826086957,3.8501476017100584,-0.492649002975215,1,0,-0.03728695560163383,-4.005583337983698,0.24735708486449853
2021-08-30,-0.002611220715849163,-0.015096782003654033,-0.019226609463888013,-0.03728695560163383,0.21014757468184458,-0.004192402233391118,-0.00043164902656934236,-0.012277554840046993,0.20987654320987653,4.406719247264253,0.10203467870059003,0,1,0.0025079782457921107,-0.6039753889231458,2.6531284209144923
2021-08-31,-0.03728716065482093,-0.013229242241133962,-0.0032708761110282823,0.0025079782457921107,0.18849750368900156,0.003311261303656005,-0.00021593558582125655,0.01775369602797844,0.3225806451612903,4.543294782270004,0.23823379704855235,0,1,0.03565396658703159,-1.2581552993355176,4.270701761247551
2021-09-01,0.0025079782457921107,0.018683711649122813,-0.004033820858331504,0.03565396658703159,0.025554421025347822,-0.0010473937325584054,-0.0019451087915146469,-0.02270726162901823,0.4431818181818182,4.48863636973214,0.19079894699436084,0,1,0.008895278543618722,-0.4650369827918047,3.3039460208112534
2021-09-02,0.03565376171314331,0.025986409182668733,0.04358514975246877,0.008895278543618722,0.08644783150537881,-0.0024297457991778355,-0.0023824311782720217,0.018450660728144403,0.5,4.31748811353631,0.029385072173257337,0,1,0.015164663339698799,-1.9060987803459426,3.4984490783800384
2021-09-03,0.008895280357947486,0.010840309119306247,-0.005515339431922672,0.015164663339698799,0.08140987410723019,0.012199334385803619,-0.002062218530817531,0.0,0.49382716049382713,4.406719247264253,0.11976913364035853,0,0,-0.0016714247769793876,-1.2662853009452792,1.0674014056423178
2021-09-04,0.015142065747158519,-0.009145813387678132,0.021562798133705433,-0.0016714247769793876,-0.5322512838481138,0.0,0.0,0.0,0.5227272727272727,3.8066624897703196,-0.4984112205948816,1,1,0.036222989665486205,-0.9372322434523822,3.8984409668597975
2021-09-05,-0.0016105606273486004,0.02663897083519527,0.001619105797949694,0.036222989665486205,0.15668770801271806,0.0,0.0,0.0,0.325,3.713572066704308,-0.5818164978906152,1,1,0.017372841164721087,-1.5333290890424285,1.9574960906446812
2021-09-06,0.03618492616795502,0.01681354090333512,0.030262021209585706,0.017372841164721087,0.19449418745099104,0.0,0.0,0.0,0.7887323943661971,4.276666119016055,0.012145898316192824,0,0,-0.11668618261666851,-20.63867731434337,0.48511279133026985
2021-09-07,0.01741651339137533,0.0026490081715768625,-0.17368064108828826,-0.11668618261666851,0.9156784389345565,-0.019301359933995132,0.005201525965684434,0.10022851523673723,0.3387096774193548,4.8283137373023015,0.508524126785776,0,0,-0.017552965928858206,-5.373387519612603,1.013248769791828
2021-09-08,-0.11662658201198722,-0.11140482283205287,0.03596671533063915,-0.017552965928858206,-0.6371279573526647,-0.002899725043928858,0.0014041681207409436,-0.009972399142124519,0.21100917431192662,4.700480365792417,0.3401487113596959,0,1,0.007503649579212201,-1.169130561585808,2.8930533001512515
2021-09-09,-0.01765623876019371,0.001245079374736102,0.024489603651409748,0.007503649579212201,-0.25048108490920434,0.0037346122321662177,-0.001836527977560789,0.045709817355874635,0.39603960396039606,4.624972813284271,0.2153943050778779,0,0,-0.03385083421309653,-5.000299829516409,1.3654770626188282
2021-09-10,0.007503649579212201,-0.007772112796111871,-0.03080804310009364,-0.03385083421309653,-0.03216716711690418,-0.00434907227353077,0.0010807141581155692,0.10828185353128676,0.10144927536231885,4.248495242049359,-0.14434230871424542,0,1,0.007170959564001218,-0.2873408321084834,2.503509260008445
2021-09-11,-0.03404505203043805,-0.022470512239200352,0.013278755760982537,0.007170959564001218,-0.4770338977690595,0.0,0.0,0.0,0.19148936170212766,3.871201010907891,-0.533663154736048,1,1,0.018675103944809108,-0.9600838907370398,2.8076889624220462
2021-09-12,0.007364956013526407,0.01021275658813723,0.0004435289777157074,0.018675103944809108,0.0529068977082074,0.0,0.0,0.0,0.6304347826086957,3.8501476017100584,-0.5658077581616047,1,0,-0.023845431156868976,-5.9421983815576676,1.8401203605905567
2021-09-13,0.018675108040513623,0.00899941792649409,-0.031146040963397292,-0.023845431156868976,0.7122900490598788,0.0013401970011455836,0.0004319753257093063,-0.07841316203994701,0.3469387755102041,4.59511985013459,0.1439983083734444,0,1,0.047173046597374216,-0.77353229282563,5.010814343376911
2021-09-14,-0.02384543640008169,0.00786150867099466,0.02784122973045137,0.047173046597374216,-0.3775138495211737,0.007062031376286556,0.0003238384937360811,0.004635508965875068,0.4489795918367347,4.59511985013459,0.18875620901493798,0,1,0.021209635319469546,-0.9152050834320191,2.904624084008064
2021-09-15,0.04699834967284411,0.026111144003685804,0.0457563186913104,0.021209635319469546,-0.03750447949410447,-0.0068388283782960125,-0.0017284617313620123,-0.06803892417555253,0.5309734513274337,4.736198448394496,0.3241589763967056,0,0,-0.00800323656818104,-2.313075528424757,0.901117317782579
2021-09-16,0.021384346951592748,0.0011745676572147469,0.00723093086954205,-0.00800323656818104,-0.059105218710346116,-0.021314620752901005,0.003992481695302418,0.027666544506303185,0.3870967741935484,4.543294782270004,0.14345539072126312,0,0,-0.009214083189828333,-2.1989213065721245,0.8597182389489338
2021-09-17,-0.008003238237988736,-0.008417227356517594,-0.006861694349654835,-0.009214083189828333,-0.16698916715100104,-0.002968010838533277,0.003654699782772291,0.10744496470005153,0.417910447761194,4.219507705176107,-0.18089908143248634,0,1,0.02077136613693967,-0.560596128435209,3.2105294496861134
2021-09-18,-0.009213873712289333,0.014294028917543581,0.007169168591540823,0.02077136613693967,-0.10888961210265997,0.0,0.0,0.0,0.625,3.8918202981106265,-0.5161684681556529,1,0,-0.0220032032815168,-3.0774725902681213,0.16570536609076184
2021-09-19,0.0207715732073805,-0.009676874699014123,-0.0043973984813895205,-0.0220032032815168,-0.034873069213247274,0.0,0.0,0.0,0.4838709677419355,3.4657359027997265,-0.926377933375298,1,0,-0.09371472997414354,-10.577395958986859,0.22307042837474908
2021-09-20,-0.02200341035195781,-0.021429552658676874,-0.09700243696870418,-0.09371472997414354,0.9606615206545616,0.007063155449170932,0.0004291023090987353,0.2114463709259874,-0.11458333333333333,4.574710978503383,0.20763936478866113,0,0,-0.054490852225822076,-8.273418728566133,1.4387940399123302
2021-09-21,-0.09369101793868048,-0.08155749385876772,-0.07067495766993628,-0.054490852225822076,0.08040076156541467,0.008027603161512306,-0.0004291023090986897,-0.0539375177708427,0.2018348623853211,4.700480365792417,0.31469279136634737,0,1,0.06669051131367976,-0.41572133200288786,7.712968051986267
2021-09-22,-0.054521683579961545,0.008250887894917496,0.024086121739810302,0.06669051131367976,-0.3707116019741263,0.0003940390072630704,0.00278583852899034,-0.1546297065956409,0.18584070796460178,4.736198448394496,0.3507327278492195,0,1,0.029900811262542855,-1.0957394186777412,3.241051670233978
2021-09-23,0.0667610133544769,0.021971347496156646,0.05989033044693112,0.029900811262542855,-0.18077283544785472,-0.01645707372556822,-0.0038593595830085066,-0.11353962173545984,0.4166666666666667,4.574710978503383,0.18232155680437126,0,0,-0.04687874118217047,-9.80501227913953,0.7433310941688824
2021-09-24,0.029837428540422074,0.004923605501892001,-0.057191917342074954,-0.04687874118217047,0.5464958660117069,0.0011437069101939464,0.002467451303454375,-0.04838762364465317,0.06060606060606061,4.605170185988092,0.15752336431599856,0,0,-0.00327393879868255,-2.757298581665215,0.3643620689556952
2021-09-25,-0.046878507595025126,-0.05066843143430227,0.023598395792572634,-0.00327393879868255,-0.9178016979650298,0.0,0.0,0.0,0.22448979591836735,3.912023005428146,-0.5474639518113773,1,1,0.011423896898211428,-4.605525622877216,2.9541528215542256
2021-09-26,-0.0032744067390312118,0.022623968727302705,-0.021756209210802423,0.011423896898211428,0.3952555706732129,0.0,0.0,0.0,0.36363636363636365,3.8066624897703196,-0.6767802030730128,1,0,-0.023763181042317418,-2.4934759192204607,2.7177715941733194
2021-09-27,0.011424131251414777,0.00906008462440248,0.03254439393477884,-0.023763181042317418,-0.22633514404399968,0.00017147117355570008,0.0005355409330335053,0.055341439857178217,0.3763440860215054,4.543294782270004,0.07659244549213665,0,0,-0.026952637413386934,-3.0335190305559316,1.5071387523427278
2021-09-28,-0.023763181042317418,-0.0358695094606234,-0.029163612155672182,-0.026952637413386934,0.08653519192303717,-0.008147357577374788,0.00416777950204647,0.21457817625476233,0.0989010989010989,4.5217885770490405,0.08515780835129594,0,1,0.012059142038448096,-0.6668124479986929,3.740030957697127
2021-09-29,-0.026989931041604156,-0.004623715359842969,-0.0032855715878145004,0.012059142038448096,-0.2579304175352366,-0.008272426561606493,0.006060299406031902,-0.03012672907627412,0.30952380952380953,4.442651256490317,0.05595865365994939,0,1,0.053905577976211407,-0.27518135589720755,6.111912155794707
2021-09-30,0.012096676489595894,0.03577795401942379,0.015975452959462986,0.053905577976211407,0.32500510026754004,0.01944380650125953,-0.0009544127097906373,0.02538429243196716,0.3918918918918919,4.31748811353631,-0.03042059668719833,0,1,0.09396298154418624,-1.2423253042972755,10.127680547269566
2021-10-01,0.05381200515406364,0.09406326189096015,0.044234138492210695,0.09396298154418624,0.35646329786569864,0.0009679989072590911,-0.0022305929207415798,-0.09228963682790375,0.625,4.394449154672439,0.08376988307795895,0,0,-0.01058119005719298,-1.4888140968293846,0.40419548759290475
2021-10-02,0.09405610582286741,-0.003271869052580428,0.09149809361886524,-0.01058119005719298,-0.7753369927296484,0.0,0.0,0.0,0.3448275862068966,3.4011973816621555,-0.8913517834924202,1,1,0.01179354266560912,-1.1547494368686655,3.2898506540377683
2021-10-03,-0.01058119226679314,0.01827536160725557,-0.0072405434575858185,0.01179354266560912,0.010306756634233201,0.0,0.0,0.0,0.7894736842105263,2.995732273553991,-1.2623835664297187,1,1,0.02104117710619458,-2.7533469142474116,2.734287191953509
2021-10-04,0.011793752595745643,0.006237908044766667,-0.004192432108178243,0.02104117710619458,0.4174804135237114,0.005222509201740211,-0.002448799294529765,0.08448047301532594,0.57,4.61512051684126,0.38356384416506356,0,1,0.04463737058465869,-0.4123069121800273,5.265438052275796
2021-10-05,0.021040973957119895,0.04635268570941733,0.0444515771268686,0.04463737058465869,0.10784921443756439,-0.0037438217890526193,0.0018105952814797103,-0.0750464946798554,0.6363636363636364,4.48863636973214,0.26203964184980705,0,1,0.07200634327060802,-2.1395669992895128,7.983963412396198
2021-10-06,0.04463757373373346,0.07182262418586281,0.02736476971356377,0.07200634327060802,0.4268372826992324,0.0005113629953223071,0.003080940403953685,-0.014184599173202148,0.6625,4.394449154672439,0.1752040890375908,0,0,-0.02804541125150523,-3.603894134907108,0.031288605463995964
2021-10-07,0.07200634327060802,-0.007520404798713935,0.0573630719144322,-0.02804541125150523,-0.3746649453423673,-0.001477930901064451,-0.0005304835705060195,-0.07205874425477805,0.5,4.2626798770413155,0.050219756993312145,0,1,0.00308548914159256,-0.3121149341509905,4.213710429328166
2021-10-08,-0.02804541125150523,0.013778806987136351,0.0048723807560558646,0.00308548914159256,-0.1737106232090864,-0.0009105774646536376,-0.0015933034880511287,-0.04020381848217929,0.6666666666666666,4.51085950651685,0.28030196516526956,0,1,0.018334387918285084,-0.5385230985264978,2.8100605533370526
2021-10-09,0.0031640752587651835,-0.010951009618318491,0.0008214074978376191,0.018334387918285084,0.17842844383174392,0.0,0.0,0.0,0.5238095238095238,3.7612001156935624,-0.5087827221123811,1,0,-0.005304699876692706,-1.5954153560538118,2.8906597269548824
2021-10-10,0.018255801801112442,0.019140379654463666,0.0077654653430120745,-0.005304699876692706,0.4807574694678998,0.0,0.0,0.0,0.5405405405405406,3.6375861597263857,-0.6716829418646184,1,1,0.05017267734198954,-0.44729316339965186,5.6550094783841525
2021-10-11,-0.005304516924222223,0.02233879763759998,0.006176522049848805,0.05017267734198954,-0.5222750272622696,-0.000968454449423833,0.0026540702538542737,0.0634723985675252,0.5581395348837209,4.465908118654584,0.1997482712777589,0,0,-0.02598969495671528,-6.454577115304991,0.36239302161500725
2021-10-12,0.05017249438951901,-0.0027534872257019972,-0.009900162177063906,-0.02598969495671528,0.010114695963440192,0.00210656414060376,0.0021181638095369793,-0.007528247203173337,0.38961038961038963,4.356708826689592,0.11177145687138389,0,1,0.024172357303921338,-3.322149321035665,3.129390480635643
2021-10-13,-0.025990052119216334,0.0016802796334911643,0.005334582985978121,0.024172357303921338,0.042780410398195225,0.019933037412385866,-0.004665913190058583,-0.06289424983755545,0.4631578947368421,4.564348191467836,0.2911970145697517,0,0,-0.00033230196825961595,-0.9615168172409828,2.011361380255534
2021-10-14,0.024239475359519563,0.012992066300120187,0.04777868234186812,-0.00033230196825961595,-0.2594854632875178,0.0016711234290114187,-0.0012763535661444415,-0.10036578773839322,0.5,4.672828834461906,0.33082781901096986,0,1,0.07269990621610015,-0.8720702942945073,9.293374527960395
2021-10-15,-0.00039906286135684685,0.07248782950878914,0.0005621632612052027,0.07269990621610015,0.6505150046737035,-0.01655527628627928,-0.00021284345906886603,-0.03377892776825488,0.7155963302752294,4.700480365792417,0.32370998501653603,0,0,-0.013004884546981205,-2.4995386934902366,1.1382552872320357
2021-10-16,0.07269990621610015,-0.008851286191183569,0.05642522222414277,-0.013004884546981205,-0.8443272167273106,0.0,0.0,0.0,0.4782608695652174,3.8501476017100584,-0.546216748684435,1,1,0.010665774343540647,-3.192181626810352,1.3749996798482722
2021-10-17,-0.013004884546981205,-0.010637440620818733,-0.019931313880182353,0.010665774343540647,0.09747553592910373,0.0,0.0,0.0,0.38095238095238093,3.7612001156935624,-0.6461411381602052,1,1,0.007795362977312687,-2.7749023277603477,1.8796421596467983
2021-10-18,0.010665611816769434,0.01571219914152582,0.014838567334040816,0.007795362977312687,0.28125713474465736,-0.001358948308654003,0.00010638678884305531,0.0006133228821253111,0.5740740740740741,4.6913478822291435,0.25985418983829983,0,1,0.035964637291379095,-1.1150825258675856,3.9155063849012657
2021-10-19,0.007727146921519641,0.028154005229857372,0.024393560996240345,0.035964637291379095,0.03471313291593311,0.0027726159189181846,-0.001704443094380043,-0.03811768368319456,0.528,4.836281906951478,0.3269180238244014,0,1,0.0264183860137485,-1.2510769815527134,4.1434899970124635
2021-10-20,0.0360330158739436,0.03824447341249098,0.03460469273452778,0.0264183860137485,-0.04187237982270231,0.008104059610460861,-0.002455334660880737,-0.013466060552870796,0.7014925373134329,4.90527477843843,0.33647223662867565,0,0,-0.05943124037142096,-6.254172038949841,0.9624990855761884
2021-10-21,0.026418234501822117,-0.0053915231006140445,-0.023612564560222916,-0.05943124037142096,0.2871968031574629,-0.0016268056619152453,0.002242024010452385,-0.031477978758680386,0.5283018867924528,4.672828834461906,0.10207153079180276,0,0,-0.024495255024330125,-3.5900302841068257,2.444804552125237
2021-10-22,-0.059431088859494746,-0.04460818570593053,-0.03278982282299084,-0.024495255024330125,-0.273861301218733,0.00799626763164088,-0.0017077177280720903,0.027597025259155847,0.3125,4.394449154672439,-0.13509267317897503,0,1,0.009814059457965237,-1.87293048221654,1.7306146115415773
2021-10-23,-0.02449509024771986,-0.031637154430166826,-0.007324257005427269,0.009814059457965237,-0.6347451838894423,0.0,0.0,0.0,0.5135135135135135,3.6375861597263857,-0.8920613324202928,1,0,-0.007115367573461971,-2.9408717440021674,0.34735053156682255
2021-10-24,0.009813894681354754,-0.004018581341782348,-0.0008653531598910313,-0.007115367573461971,0.12247828439049313,0.0,0.0,0.0,0.45454545454545453,3.5263605246161616,-0.9921288082353567,1,1,0.03593611946449075,-0.3328666533282871,4.5903122713689655
2021-10-25,-0.007115367573461971,0.03531424982455938,0.018964683333276704,0.03593611946449075,0.16569021535329562,0.005830920310793144,0.002134212209042139,-0.012390150913142705,0.5164835164835165,4.5217885770490405,0.04988966951383807,0,0,-0.044574653976376374,-5.308532522669805,0.33979008774921016
2021-10-26,0.03593611946449075,-0.0065691023717068826,-0.013820539228924466,-0.044574653976376374,0.08734247811271308,-0.0073916189533362806,0.001491259263838429,0.04741437645208414,0.6385542168674698,4.430816798843313,0.029696505365900596,0,0,-0.03226376706842764,-3.9366756865037016,1.9162364635374483
2021-10-27,-0.044574653976376374,-0.028810190218493823,-0.03085608561471542,-0.03226376706842764,0.4348380327829296,0.0028964946878651475,-0.0009583765076288953,0.060698242232118525,0.20652173913043478,4.532599493153256,0.2100311382325846,0,1,0.03635095878154798,-1.021126375482876,6.760455627132575
2021-10-28,-0.03226376706842764,0.01617842456752361,-0.0031082739582193293,0.03635095878154798,-0.017343020152578045,0.002055814682588965,-0.005448463227110494,-0.026859200551924454,0.5161290322580645,4.543294782270004,0.24606162566879938,0,1,0.027321172837900806,-0.6643132917841936,3.8920256548301695
2021-10-29,0.036351123863714925,0.0076666590585241215,0.03991908961853494,0.027321172837900806,-0.3282008873055682,-0.010377806530908187,0.00821473939891823,-0.016468835176247053,0.6885245901639344,4.127134385045092,-0.1376213778596543,0,0,-0.006357458874696461,-2.5719343398238177,0.1693885214427685
2021-10-30,0.0273208471227242,-0.009905198495973452,0.00824496235750442,-0.006357458874696461,-0.33430348912904123,0.0,0.0,0.0,0.7142857142857143,3.367295829986474,-0.8977526108395296,1,0,-0.009084092793678443,-3.1427192441150935,0.8789534578187612
2021-10-31,-0.006357298241686652,0.0007381904890636145,-0.012065307917609115,-0.009084092793678443,0.22110783644170542,0.0,0.0,0.0,0.4594594594594595,3.6375861597263857,-0.6273208292109186,1,0,-0.006360992003154558,-3.139818238385202,1.8393319951125813
2021-11-01,-0.009083929661022611,0.0005196925792597806,-0.009055082736379559,-0.006360992003154558,0.12929683368691428,0.006763378213492534,-0.0025532513143500715,0.009182777607491557,0.7023809523809523,4.442651256490317,0.20711621541907566,0,1,0.03720496031871912,-0.4713517397746907,5.367737109224669
2021-11-02,-0.006360990962161589,0.028923059137966303,0.020323672982950566,0.03720496031871912,0.03691814194542485,-0.003571645375540873,0.0022343903708122413,-0.02342888634704037,0.625,4.290459441148391,0.07624701041636038,0,0,-0.005130348313391929,-4.591691487550203,0.44193572889786686
2021-11-03,0.03721397041636431,-0.012053053484548893,-0.003998437159035979,-0.005130348313391929,-0.06762990673420641,-0.014131911060620329,-0.002447415228269999,-0.059767240372714976,0.6052631578947368,4.343805421853684,0.16517614985212387,0,0,-0.024161638804099172,-3.59253219146315,0.3013588501495249
2021-11-04,-0.005139363593289406,-0.0065361171008753195,0.004861244647478555,-0.024161638804099172,-0.18738721461267416,0.01653303396466099,0.005206938772963419,0.022266748335608214,0.4,4.2626798770413155,0.13528219553716117,0,0,-0.007486048650989339,-1.1038959502206551,1.9368343669471444
2021-11-05,-0.024161797795495904,-0.007806883636122939,0.0007247236083256681,-0.007486048650989339,-0.12829945215528127,0.012966339059569584,-0.0003180026484424563,0.06518597928502101,0.5394736842105263,4.343805421853684,0.18307371930966673,0,1,0.008716661568431403,-1.466496431519424,1.0177755811913394
2021-11-06,-0.007435834213999938,-0.016676636508547508,-0.011112053463977013,0.008716661568431403,-0.21107503600447994,0.0,0.0,0.0,0.5,3.295836866004329,-0.8850381883315891,1,1,0.02890884809094554,-0.2407785491051459,2.9110491676478745
2021-11-07,0.008666609810797154,0.027649397432996974,0.020973840392574224,0.02890884809094554,-0.0029305932427139483,0.0,0.0,0.0,0.36,3.258096538021482,-0.896670944964503,1,1,0.06504216884637133,-1.5804383451836726e-05,6.89319173952417
2021-11-08,0.028908527367756055,0.06873027380970848,0.03131647553816254,0.06504216884637133,0.7578441611433789,0.006037671259816749,-0.002866664798291539,0.043923962420296184,0.717391304347826,4.532599493153256,0.38776553101963296,0,0,-0.008599071276880508,-1.9491417057649734,1.4677505871402008
2021-11-09,0.06504217879871643,0.010787757322531562,0.045550909832555914,-0.008599071276880508,-0.1980285487738095,0.0015310188776383894,-0.0009574381483745402,0.03200280958004064,0.6067415730337079,4.499809670330265,0.31644932075734106,0,0,-0.03133425720348249,-6.3591463382909925,3.0195384527204827
2021-11-10,-0.008598773814983772,0.006918807378922449,-0.05269911760214068,-0.03133425720348249,0.3779132160771369,0.009462262540359543,0.009427530246825844,0.052052223311124725,0.5443037974683544,4.382026634673881,0.19067461064078828,0,0,-0.0016685606442103456,-1.213249893994769,1.0999900156072855
2021-11-11,-0.031334560698832024,-0.05052974157461451,0.02012470723947975,-0.0016685606442103456,-0.559693095123806,0.00840792702102028,0.0034731586055271276,-0.05882430548036191,0.4864864864864865,4.31748811353631,0.116577199276348,0,0,-0.010117196545531833,-3.9300068810092146,1.0388885263519894
2021-11-12,-0.0016685609015917922,-0.002279575536763309,-0.02883613051435476,-0.010117196545531833,0.17793765215967008,0.002519404872046127,-0.0005254905527818207,-0.08075070771974943,0.28,4.330733340286331,0.13217177312181655,0,1,0.004011920193832118,-1.1954885954465417,1.359616421880716
2021-11-13,-0.010117198115376081,-0.006909917590244463,0.01722798631009491,0.004011920193832118,-0.6815305320315891,0.0,0.0,0.0,0.2,3.4339872044851463,-0.7927770214754534,1,1,0.01753867731607232,-1.2562738356184646,1.8017964629146295
2021-11-14,0.004012231473729542,0.00843372060417121,0.0034040677921130273,0.01753867731607232,0.13295203981065687,0.0,0.0,0.0,0.5128205128205128,3.6888794541139363,-0.5601389372808553,1,0,-0.029622263612827583,-3.2877841743554175,1.3382762558570827
2021-11-15,0.017538674615580216,0.01290347524549684,-0.002776426071297159,-0.029622263612827583,0.3863974341332108,-0.0009641397790914904,0.002939084800137027,0.012202643875715364,0.4891304347826087,4.532599493153256,0.2980879936237672,0,0,-0.057394191714532264,-8.242733238675537,0.01661635520063276
2021-11-16,-0.029622573456120897,-0.04283886261939206,-0.07917175425602888,-0.057394191714532264,0.71661331995556,-0.006720997509486058,0.00533105848324348,-0.007303680041878168,0.14285714285714285,4.59511985013459,0.34261350465349955,0,1,0.004750691928607092,-2.847179369921289,1.2925999932198573
2021-11-17,-0.05739403449847652,-0.04463435533434014,-0.0034386530269897952,0.004750691928607092,-0.5147864705871861,0.008648283108735699,-0.000938684166871934,0.044212680926723626,0.3157894736842105,4.564348191467836,0.2791968705666413,0,0,-0.058927885424531284,-6.6290980662745165,1.040440434352273
2021-11-18,0.004750526214424152,0.0022290963399314023,-0.03306849503492512,-0.058927885424531284,0.29458986817144367,-0.004663986413490948,-0.0030307899185168376,0.027667443847847712,0.3780487804878049,4.418840607796598,0.11625980612805711,0,1,0.020195240460608506,-2.2964853106913585,2.4797033336952334
2021-11-19,-0.058927719710348304,-0.04453525643110171,-0.01560175786869976,0.020195240460608506,-0.20326331567908598,-0.005279926579310966,0.005532071700573137,0.01802864012875469,0.22972972972972974,4.31748811353631,0.015564516554625037,0,1,0.028114513307780045,-1.2118142241928076,3.0414591501274817
2021-11-20,0.020278954656259562,0.02581279862493111,0.031041951325593974,0.028114513307780045,-0.4054355736178631,0.0,0.0,0.0,0.38461538461538464,3.295836866004329,-1.0225299821722087,1,0,-0.018347414213866074,-2.0659285064985613,0.5382631122921424
2021-11-21,0.028030966595233815,0.003082552929426407,0.019573370484722588,-0.018347414213866074,-0.05812780016806266,0.0,0.0,0.0,0.5161290322580645,3.4657359027997265,-0.8307027234519353,1,0,-0.0413544874234942,-5.274735271850027,1.3924298978350147
2021-11-22,-0.018421276857654646,-0.009805746358437315,-0.05043548186738063,-0.0413544874234942,0.48325224027407276,-0.02471959608600904,0.0044659190998912884,0.06798735348449784,0.25,4.394449154672439,0.1417281598412011,0,1,0.022746522987712518,-1.6675631103341346,3.085933059940778
2021-11-23,-0.04134035257791468,-0.024419455802436655,-0.005282765808335317,0.022746522987712518,-0.0355494285552478,-0.012536729177984571,-0.00010365445204572984,0.010895002121107753,0.3,4.51085950651685,0.2761090869052334,0,0,-0.007027959623695437,-3.006569739967655,0.3361145921627888
2021-11-24,0.022805909514492694,-0.0047516616900672125,0.009356456691377234,-0.007027959623695437,-0.23124530181513864,0.0003363468974658657,0.0036207403608805432,-0.04215583387907041,0.4482758620689655,4.07753744390572,-0.08269171582787208,0,1,0.0313908838384089,-0.24232020239455884,3.8801237820115153
2021-11-25,-0.007027785835371673,0.028412132274791762,0.02061453575203555,0.0313908838384089,0.06218472302134407,0.0,0.0,0.0,0.4716981132075472,3.9889840465642745,-0.1048212867232234,0,0,-0.09295843321180253,-9.71836997949438,0.32112367274911957
2021-11-26,0.03139105344387202,-0.00419911725421509,-0.06336961393258926,-0.09295843321180253,0.44724319678677776,0.0006724229725988722,-0.0077748800758427,0.43202007417217186,0.15942028985507245,4.248495242049359,0.17120346822447055,0,1,0.0183411757514558,-0.2171302645655758,2.850425897431235
2021-11-27,-0.09301090609251406,-0.0676654109649813,0.0020539639374855248,0.0183411757514558,-0.7968420174637896,0.0,0.0,0.0,0.3939393939393939,3.5263605246161616,-0.5834482632732179,1,1,0.04561403694585218,-2.7125604585097456,4.858074246616327
2021-11-28,0.01831014378964866,0.038417659243306646,-0.006613126187985941,0.04561403694585218,0.19633697397281696,0.0,0.0,0.0,0.0,3.091042453358316,-1.0109822911347948,1,1,0.008715658399547181,-1.0675925976730394,2.7401031594722998
2021-11-29,0.04569754677950469,0.02443432607441201,0.06206371555421928,0.008715658399547181,0.10395032973092416,-0.00168180324307445,0.002598349011796134,-0.2203522718751432,0.5681818181818182,4.48863636973214,0.4022236141953571,0,0,-0.014394268550105557,-3.3450895296222916,2.3954992318974484
2021-11-30,0.008715483802950426,0.005269619123798733,-0.014059310919945328,-0.014394268550105557,0.20309512089823362,-0.0048933268890934195,-0.0036395660690021815,0.16909574670959093,0.345679012345679,4.406719247264253,0.3414227417934149,0,1,0.004091840063051094,-0.8686347019664475,3.6261136348079397
2021-12-01,-0.014394268550105557,-0.0020881245210006435,0.010370279726452996,0.004091840063051094,-0.08940328958167128,0.00450045770286688,0.0006249238664344374,0.13500144799177308,0.5125,4.394449154672439,0.2758476148172781,0,0,-0.012382750098007033,-2.48999601816339,0.3341496973387343
2021-12-02,0.004091840063051094,-0.02882779931164107,-0.012121773098918423,-0.012382750098007033,-0.1793844808731847,-0.011800393739534874,0.0008324925190247657,-0.10743349938015533,0.3333333333333333,4.51085950651685,0.3101549283149507,0,0,-0.05232395555977342,-8.882175352254935,1.9629954704949666
2021-12-03,-0.012313347825054635,0.003905707633555307,-0.07630454343892258,-0.05232395555977342,0.4499971913083541,0.012024899530579426,-0.00010397406340614138,0.09286775371604661,0.07246376811594203,4.248495242049359,0.04445176258532669,0,0,-0.08664155778315352,-24.389189632212123,0.48027198178570935
2021-12-04,-0.052393357832725786,-0.06715119044686614,-0.20739409835934522,-0.08664155778315352,0.6616697356236931,0.0,0.0,0.0,0.02857142857142857,3.58351893845611,-0.6386263416529571,1,1,0.004949030282182365,-2.9425424147293677,1.1058718577797486
2021-12-05,-0.08664176123174969,-0.08038555902321307,0.12782491439167404,0.004949030282182365,-0.9184938226023358,0.0,0.0,0.0,0.2413793103448276,3.4011973816621555,-0.8437730065092853,1,1,0.020946445463868552,-4.7603128913779,2.981212217755245
2021-12-06,0.0049490312865681195,0.023702433881937386,-0.013228674484303126,0.020946445463868552,0.25075636046481015,-0.0025284463533586377,0.0017670413174342681,-0.12080356066278455,-0.012345679012345678,4.406719247264253,0.1983218981527415,0,1,0.0029105975984963822,-0.8005085658133206,2.9195969886096647
2021-12-07,0.02094644966025279,0.020330293172412583,0.06054448871951447,0.0029105975984963822,-0.4260091341417221,0.0028650763234604835,0.0008304976033665265,-0.21645153629884614,0.34408602150537637,4.543294782270004,0.3109931513309809,0,0,-0.002330494560926045,-4.010964209206799,1.200635904694594
2021-12-08,0.0029107958463223758,-0.014279013240654271,-0.0291939588354385,-0.002330494560926045,0.004498110197813889,0.0004487093895392277,-0.00499328356311246,-0.09531017109099146,0.2777777777777778,4.290459441148391,0.07197349963897816,0,0,-0.05971363822672122,-6.4469639327403945,0.6449580686466785
2021-12-09,-0.002330494560926045,-0.007887272921405402,-0.026690491796262067,-0.05971363822672122,-0.019266265583758758,-0.004946636746660119,0.003955014119420443,0.08104724373347415,0.367816091954023,4.477336814478207,0.2676326335957455,0,0,-0.008555687528783013,-1.46953430032406,5.283084541586448
2021-12-10,-0.05991746338834923,-0.013332373497323483,-0.009939341902557776,-0.008555687528783013,0.16001800389241974,0.004666234090444804,-0.002287787932727451,-0.1437783062526054,0.0136986301369863,4.30406509320417,0.08363689551329899,0,1,0.0466144194002914,-0.8297706801829107,4.85505883457963
2021-12-11,-0.008351862367154949,-0.012835944598851092,-0.0021580513273714206,0.0466144194002914,-0.4260164908409171,0.0,0.0,0.0,0.5555555555555556,3.332204510175204,-0.8938178759850595,1,1,0.013352652721007085,-1.5342653690903825,2.769572407164523
2021-12-12,0.0466144194002914,0.025759555126140206,0.039569472511216626,0.013352652721007085,-0.10468152308154144,0.0,0.0,0.0,0.23076923076923078,3.295836866004329,-0.9250435229452881,1,0,-0.06929737535263912,-9.15985848364247,0.27147811346481504
2021-12-13,0.013352652721007085,-0.011628290215989963,-0.062903278424514,-0.06929737535263912,0.6704778637132879,0.001905203055442121,0.002807057404997097,0.08312469925500683,0.1917808219178082,4.30406509320417,0.1249022507147248,0,1,0.034524176232671906,-0.8877094407566001,4.188439949353069
2021-12-14,-0.06929716123250851,-0.03012775699375656,0.013424115076219593,0.034524176232671906,-0.2414854817637038,-0.008940945262643642,0.0025921524265177876,0.07491653435511594,0.39080459770114945,4.477336814478207,0.31374398555515115,0,1,0.010733758816394861,-3.786467086849124,2.3645443891227718
2021-12-15,0.03439301496835166,0.01628522063036868,0.005536599771746467,0.010733758816394861,0.2563085764035851,-0.00441554571258348,-0.0006214787648213376,-0.1264430092732273,0.4567901234567901,4.406719247264253,0.22226210569874966,0,0,-0.025548202428183887,-2.8099721322113345,1.1626617304582971
2021-12-16,0.010864705960584567,-0.0012850677702497691,0.020498708362772965,-0.025548202428183887,-0.47991900562811746,0.019105998391674383,-0.004881871168030553,0.06424681445002371,0.4111111111111111,4.51085950651685,0.32103642850248465,0,0,-0.03202327139996514,-4.676795695979591,0.7604058627383664
2021-12-17,-0.025548202428183887,-0.02957076110538322,-0.04421643806586649,-0.03202327139996514,0.29945910759136046,0.003999601595126616,0.005503349932851982,0.0474697574240046,0.14545454545454545,4.02535169073515,-0.1312560787692054,0,1,0.015130173120065147,-1.3777184714758208,2.6971734608097298
2021-12-18,-0.03196626171816652,-0.012655595419251356,0.0009675008450727102,0.015130173120065147,-0.5439495261073856,0.0,0.0,0.0,0.16666666666666666,3.4339872044851463,-0.7442023513268962,1,0,-0.0032775271061218484,-0.9171313233567119,3.0812083906115046
2021-12-19,0.01507294992033997,0.01897052241808282,0.019736044601256074,-0.0032775271061218484,0.15810465151897535,0.0,0.0,0.0,0.36,3.258096538021482,-0.924258901483332,1,1,0.00497739217481098,-2.433725986505484,1.8178189089381058
2021-12-20,-0.00327709936935546,-0.015911421922855825,-0.018443473737609586,0.00497739217481098,0.2015196317775072,-0.0056150794682417494,-0.00020709033609666577,0.05852259847760256,0.1076923076923077,4.189654742026425,0.04955969096384525,0,1,0.041250873237454126,-0.6075438040187606,5.019178365741582
2021-12-21,0.004977391111208957,0.036990986742845636,0.02323921399967815,0.041250873237454126,0.05072760702897909,-0.0032387379200195265,-0.0006216865896843751,-0.0848275189796523,0.5652173913043478,4.248495242049359,0.15173813343636722,0,0,-0.0061905422711137255,-0.9618850928915892,1.3939045795063107
2021-12-22,0.041203819025673834,0.0049981353751013795,0.037707460348725706,-0.0061905422711137255,-0.3340370111454567,0.007633384981113123,-0.004258157063561704,-0.12022538618477858,0.4,4.110873864173311,0.06390380199614688,0,1,0.04528015945422746,-1.3838161450293125,5.5771792989641265
2021-12-23,-0.006143495403135698,0.03564220492346444,-0.010409852792490924,0.04528015945422746,0.2648416504649211,0.005314436655823481,-0.0006247286873138567,-0.03662612766793574,0.4153846153846154,4.189654742026425,0.20950077492580796,0,0,-0.0003700613889668522,-0.8977840503351683,1.8923141545711977
2021-12-24,0.045280150342891984,0.008431508010298338,0.050140480401168766,-0.0003700613889668522,-0.10499572344279144,0.0,0.0,0.0,0.7608695652173914,3.8501476017100584,-0.11155248588400833,0,0,-0.008305548869195585,-1.3424615789554366,0.6594305720242588
2021-12-25,-0.0003704548620104725,-0.012698897214436358,-0.004816836675169599,-0.008305548869195585,-0.504292326353442,0.0,0.0,0.0,0.55,3.044522437723423,-0.916290731824155,1,1,0.007429328815574095,-1.9791119348255084,1.731638358959231
2021-12-26,-0.008305153682235097,0.0024165290001540024,-0.01467205242789638,0.007429328815574095,0.1650705873876521,0.0,0.0,0.0,0.4,3.044522437723423,-0.9019019943720554,1,0,-0.0014594452777345129,-0.6450832840779125,2.5520838096164637
2021-12-27,0.007428933456121569,0.015633783322146308,0.020769615323050095,-0.0014594452777345129,0.24348838203623557,-0.0017130253953705572,0.0007287460359134823,-0.015712937427571433,0.54,3.9318256327243257,0.05884050004293342,0,0,-0.06430418312979821,-6.916900202875327,0.005147650291073471
2021-12-28,-0.0014592483322992933,-0.02692880687098835,-0.06417761446570874,-0.06430418312979821,0.4653429646887098,0.00116075276468448,0.0011441117706739658,-0.007950035329993409,0.12121212121212122,4.204692619390966,0.34560472019963706,0,0,-0.02295810578396181,-3.0902474401579894,1.2444191814981682
2021-12-29,-0.06430418312979821,-0.051911467817727236,-0.026037655502624678,-0.02295810578396181,-0.14917596180952936,-0.0028213310498175362,-0.0028105639375160616,-0.03421616030294203,0.4307692307692308,4.189654742026425,0.31516245004984655,0,1,0.01402397902343454,-1.2226906580402408,3.042348076996774
2021-12-30,-0.02295810578396181,-0.004978816828975842,-0.004282537962784395,0.01402397902343454,-0.2633999087308448,0.004201441162821637,0.00041689333807850074,0.022171220487458933,0.2857142857142857,4.2626798770413155,0.3743224607665962,0,0,-0.019369821492674983,-3.109922111820586,2.984235208386737
2021-12-31,0.014024191243602147,0.013442850337334156,-0.004848335514368935,-0.019369821492674983,0.14070284852179998,0.00813149309174338,-0.003130904798370376,-0.006367640200394624,0.4523809523809524,3.7612001156935624,-0.12456272261795279,0,1,0.03205994678177879,-0.01852306678901057,3.6909174405810923
2022-01-01,-0.019370033712842766,-0.012302999170731603,0.011544168957640565,0.03205994678177879,-0.5778177465442268,0.0,0.0,0.0,0.0,3.2188758248682006,-0.6961189509074361,1,0,-0.009188052743592882,-2.26474594330758,0.5586527910714104
2022-01-02,0.032060156325862316,0.0007373002866819099,0.009597718016592977,-0.009188052743592882,-0.06664768703774271,0.0,0.0,0.0,0.625,3.2188758248682006,-0.7079184978385912,1,0,-0.01792557472959721,-3.420730849872803,0.5984235228342843
2022-01-03,-0.00918826228767633,-0.008790345425964066,-0.020747901809245156,-0.01792557472959721,0.41095284730383264,-0.015495623073024625,0.005940298918716279,-0.03666874078209838,0.4507042253521127,4.276666119016055,0.3169458142849421,0,0,-0.013309745191831738,-2.0580174529345383,2.3647845860660537
2022-01-04,-0.01792557472959721,-0.000261964097279353,-0.004298440760214443,-0.013309745191831738,0.24922837938771397,0.00808106212417286,0.000519431290698922,0.018502435544357602,0.39705882352941174,4.23410650459726,0.2682639866093853,0,0,-0.0533458970167032,-7.547867936404728,2.6653100118632533
2022-01-05,-0.013309745191831738,-0.010304490933859798,-0.06820825002653358,-0.0533458970167032,0.3777927141405041,0.005826419855790741,-0.0010390532146080972,0.1542351429461621,0.2268041237113402,4.584967478670572,0.5392069163145249,0,0,-0.00852438625717462,-2.3767529583494373,0.8362189203704959
2022-01-06,-0.053345666873117724,-0.07163680793163069,-0.0016347472361503907,-0.00852438625717462,-0.2865939364903561,-0.019871699829780404,0.0006235456222880722,-0.006100625500360934,-0.06741573033707865,4.499809670330265,0.40626799856799084,0,0,-0.03581839879060997,-5.909813032233426,0.14733012097860015
2022-01-07,-0.008524848514617328,-0.01541327425109349,-0.04385498699601434,-0.03581839879060997,0.3438666053467749,0.0046295360824668225,-0.005312811516362351,-0.04431271555415718,0.02666666666666667,4.330733340286331,0.15860503018997196,0,1,0.0027210861918856148,-2.596740806423913,1.7493012822301683
2022-01-08,-0.035818166676752666,-0.019798687178094382,-0.002687676532514866,0.0027210861918856148,-0.5092820357920803,0.0,0.0,0.0,-0.041666666666666664,3.2188758248682006,-0.9808292529700595,1,1,0.00442591939892638,-1.1576417629560176,2.6212147210323598
2022-01-09,0.0027210861918856148,0.011440220579907531,0.017112076626564516,0.00442591939892638,-0.3716351595255464,0.0,0.0,0.0,0.16,3.258096538021482,-0.9422369137787402,1,0,-0.0010068457032168852,-5.435013073988554,0.9127771393615475
2022-01-10,0.00442591939892638,-0.012658456417781776,-0.038347793711399035,-0.0010068457032168852,0.8030621095798323,0.0007787864912479449,0.002607835469195086,0.03354609062729154,0.13095238095238096,4.442651256490317,0.24116205682879294,0,1,0.02145040043967803,-1.3324316512499443,3.0088763992176397
2022-01-11,-0.0010068457032168852,0.019954146895343982,0.04001896852416911,0.02145040043967803,-0.30760328698807987,0.011169566592358682,-0.003861965198840813,-0.052379059449223685,0.31343283582089554,4.219507705176107,0.017204725464556272,0,1,0.027090276943410884,-0.6557720799847323,3.6596534217452072
2022-01-12,0.02145040043967803,0.027958170664953694,0.028216996152330195,0.027090276943410884,-0.09420653370687211,0.004717752871602087,-0.006505140321344596,-0.04385931881904721,0.49572649572649574,4.770684624465665,0.5322168137558554,0,0,-0.03105748088409937,-3.6922611393523352,1.3514278671580096
2022-01-13,0.027090049166753605,0.004008021397538868,-0.0032746136502651915,-0.03105748088409937,0.028107186934884665,-0.0032891160891035777,-0.002212963477110414,0.1420786811593658,0.5466666666666666,4.330733340286331,0.11706900493605986,0,1,0.011676133382902501,-1.9794192203180647,2.0665343449821503
2022-01-14,-0.031098607239089974,-0.02390641610585808,-0.013929061693756704,0.011676133382902501,-0.0672328803273751,-0.0025840249884074937,0.004000818720990921,-0.056724011447385425,0.34615384615384615,4.3694478524670215,0.1498862810536213,0,1,0.0005648665034966843,-1.1796206070493258,1.7040254382982734
2022-01-15,0.011717487514550538,0.008051044316064033,0.01967411951558987,0.0005648665034966843,-0.397433896983417,0.0,0.0,0.0,0.8260869565217391,3.1780538303479458,-1.0691984034183382,1,0,-0.0002931892710942959,-1.1731732405439474,0.9027630737432454
2022-01-16,0.0005648665034966843,-0.0074477571420537665,0.0006293401685505326,-0.0002931892710942959,-0.06272640449427658,0.0,0.0,0.0,0.4090909090909091,3.1354942159291497,-1.1072330316665622,1,0,-0.020406631301085873,-3.619831109832763,0.24237140585996925
2022-01-17,-0.0002931892710942959,-0.006897105949926993,-0.02475976796398242,-0.020406631301085873,0.29103585890525857,0.0,0.0,0.0,0.44,3.9318256327243257,-0.21049243374065102,0,1,0.0035598699462948903,-2.2807496150044204,1.1529516254405654
2022-01-18,-0.02040639434338592,-0.01130082910527987,-0.007015816352802446,0.0035598699462948903,0.061967971736952086,-0.002314788905823573,0.005867017180523128,0.17193254558031584,0.1875,4.174387269895637,0.04333631350259328,0,0,-0.016476803005825883,-2.9072597695541806,0.4875924218101342
2022-01-19,0.0035596329885950163,-0.003093722090009242,-0.0027052315992026447,-0.016476803005825883,0.07745704724425029,0.016852139555948425,-0.002300787611735079,0.04546234989896832,0.3373493975903614,4.430816798843313,0.3858649919628375,0,0,-0.023782735226194826,-2.69242710209124,4.333419814678439
2022-01-20,-0.016477043044203197,0.02198147092285707,-0.01432847633119644,-0.023782735226194826,0.28963791914202114,-0.0003255782478899052,0.0024051852383217493,0.07041742280560326,0.2702702702702703,4.31748811353631,0.2736243329750628,0,0,-0.109946159879111,-13.790511747181114,1.0249180857180291
2022-01-21,-0.023782249372304252,-0.05686775251579883,-0.13476358167709357,-0.109946159879111,0.7415680601826196,-0.00582422843878814,-0.0010450254431676824,0.11990835004213829,-0.24509803921568626,4.634728988229636,0.5354015298246321,0,0,-0.038426226985850784,-6.92169897094085,1.0641671931469805
2022-01-22,-0.10994640569462415,-0.1095536688048216,-0.0412580321167083,-0.038426226985850784,0.017960968274836436,0.0,0.0,0.0,-0.3333333333333333,3.332204510175204,-0.8032582989393323,1,1,0.032902471390134344,-1.3503681390964737,3.9898309172813287
2022-01-23,-0.038426226985850784,-0.009169589744507286,0.017287081332592966,0.032902471390134344,-0.714510756363454,0.0,0.0,0.0,0.10714285714285714,3.367295829986474,-0.7810085363155653,1,1,0.011406764386201865,-9.629461903472748,3.5384353039962493
2022-01-24,0.032902471390134344,0.028388515257283635,-0.049888466253628305,0.011406764386201865,0.7302304019602234,0.005389914964327385,0.0029233554215011173,0.035748461461826586,-0.04,4.330733340286331,0.14750613712192318,0,1,0.008095001638556682,-2.6517089958614277,2.3848152847214985
2022-01-25,0.011406764386201865,-0.00012943580654585396,0.08118429346231505,0.008095001638556682,-0.6242007690659637,0.005954976611818967,0.00031269901813458834,0.04127674846717597,0.20192307692307693,4.653960350157523,0.3897918741636112,0,0,-0.004039173875103207,-1.9775499807672445,5.171695224811804
2022-01-26,0.008095001638556682,0.0359638010394599,0.014836591789498626,-0.004039173875103207,0.34951403277530113,-0.01238267432546163,0.005612163244895254,0.0253498761464045,0.29896907216494845,4.584967478670572,0.2921101239778222,0,1,0.009483987687842301,-3.602147554333917,1.1483327821769997
2022-01-27,-0.004096226240224515,-0.04427279830145129,-0.02028514961077001,0.009483987687842301,-0.27538022750391483,-0.02020380869292505,0.007948473046866834,-0.047086338758656796,0.029411764705882353,4.23410650459726,-0.05118824683873879,0,1,0.014863650295472364,-2.7420076793884385,2.235055471870698
2022-01-28,0.009541309158769435,0.02035121458477925,0.01808538643729713,0.014863650295472364,-0.22934981204298502,-0.004695120268889005,0.00010275543008731461,-0.09741143277332177,0.24175824175824176,4.5217885770490405,0.26236426447848005,0,1,0.011867820497437117,-1.1952399409224606,2.627611849284926
2022-01-29,0.01486364632515818,0.018789214069614656,0.030331327680132216,0.011867820497437117,-0.4782711511884559,0.0,0.0,0.0,0.18181818181818182,3.5263605246161616,-0.764158216172831,1,0,-0.007497346048860223,-2.1590523942419724,0.502888310052688
2022-01-30,0.01186729335436762,-0.009379414894885255,0.0022296959642419396,-0.007497346048860223,-0.19824196968677102,0.0,0.0,0.0,0.43333333333333335,3.4339872044851463,-0.8634925462738509,1,1,0.015328401493649993,-3.3530902428131384,2.2506175349200053
2022-01-31,-0.007497348020604344,0.009979946199812914,-0.01943772453457184,0.015328401493649993,0.5421751111316372,0.005642617008805025,-0.00753314265410261,-0.10793472427263467,0.13157894736842105,4.343805421853684,0.06403739360328363,0,1,0.005901665736712944,-1.2211971518992122,2.0540499163292205
2022-02-01,0.015328665472972016,0.01336272530774203,0.03664733240278908,0.005901665736712944,-0.06388309149312012,0.002948322863412963,-0.0015549842519736819,-0.12283002149677473,0.45132743362831856,4.736198448394496,0.44281652019802153,0,0,-0.04758689578779582,-5.600817753351511,0.4160649175148613
2022-02-02,0.005901665736712944,-0.010478184251430812,-0.03789454027781014,-0.04758689578779582,0.03468444282447816,0.0049313868291021275,-0.004679433942635143,0.005902449388932326,0.31683168316831684,4.624972813284271,0.322706040866966,0,1,0.01119163707773322,-1.7673519893611207,1.3210149218651486
2022-02-03,-0.047586624758386716,-0.03853739574429275,-0.009252238147891792,0.01119163707773322,-0.10953193224486325,-0.0034327874115770577,-0.0058541374472642115,0.09740684085512573,0.19318181818181818,4.48863636973214,0.1466034742032391,0,1,0.108176446956934,-0.7664454024067844,11.292962034279624
2022-02-04,0.011201282483596425,0.11091110820187791,0.02120070294727667,0.108176446956934,0.7015550026391976,0.0019946679986083213,0.0010479525552560794,-0.047517918496258305,0.4864864864864865,4.31748811353631,0.005808341609260474,0,0,-0.004620724246786973,-1.7745292395681482,0.8131518644668305
2022-02-05,0.10810519259718561,0.0033783452588058392,0.09809560858532033,-0.004620724246786973,-0.687587599879043,0.0,0.0,0.0,0.7272727272727273,3.5263605246161616,-0.8017491901116397,1,1,0.02383682019847353,-0.6449300922305321,3.0307683014123112
2022-02-06,-0.00455914467482583,0.017555440122667652,0.006675267226589189,0.02383682019847353,-0.37294318215666183,0.0,0.0,0.0,0.6923076923076923,2.6390573296152584,-1.69974057043088,1,1,0.033849333356895696,-1.749535738811953,4.8803343883479195
2022-02-07,0.023836578550988488,0.042332481067829615,0.012790763732659187,0.033849333356895696,0.823721951803049,0.007719491459363494,-0.0008382421803503835,-0.015625261632240678,0.5247524752475248,4.624972813284271,0.3014492018415509,0,1,0.004619787837026135,-2.7144064408108357,3.6990071784653806
2022-02-08,0.033849333356895696,0.022036061258070328,0.02420062633690687,0.004619787837026135,0.2395303837438127,0.003290198230438897,0.0025125417595850096,-0.06413032395420283,0.42342342342342343,4.718498871295094,0.3996903086232896,0,1,0.007458663819307352,-2.122751441410222,1.7019615368670808
2022-02-09,0.0046200148878887655,-0.015350668578956856,0.01053633783103238,0.007458663819307352,-0.6336688933341489,0.004697138876945588,-0.0015696286175008124,-0.07152813609679119,0.5526315789473685,4.74493212836325,0.4017127584983858,0,0,-0.019968761180241705,-2.738617236033627,3.211763512409259
2022-02-10,0.007458211404727595,0.022556683574729203,0.0013000058730732894,-0.019968761180241705,0.5940055545924331,0.0005447513489833872,0.0006281950342758991,0.18056655007325953,0.25301204819277107,4.430816798843313,0.09376232500566009,0,0,-0.02612751026362113,-3.645160711421129,0.9713692187639129
2022-02-11,-0.01996853581652436,-0.042372704116695255,-0.02903419593411671,-0.02612751026362113,-0.32677006969182354,0.002502094128990784,0.005531494204194163,0.1347853399740475,0.33766233766233766,4.356708826689592,0.013072081580339739,0,0,-0.0036850036261710803,-1.6294168173803751,1.6518419027986335
2022-02-12,-0.02612751026362113,-0.019322783423273735,-0.0059700713232136654,-0.0036850036261710803,-0.5268225561941643,0.0,0.0,0.0,0.02564102564102564,3.6888794541139363,-0.6783867649511839,1,0,-0.003897169253580327,-0.8274011092791914,1.275949503300053
2022-02-13,-0.0036850036261710803,-0.007443927621157,0.004335153454840677,-0.003897169253580327,-0.4039124823918092,0.0,0.0,0.0,0.76,3.258096538021482,-1.1451323042630026,1,1,0.011402943760908854,-1.2035422921964882,1.858184454905161
2022-02-14,-0.0038974070450399044,0.0019251802624706469,-0.007658581082753229,0.011402943760908854,0.6512829468424249,0.014668053542140463,0.0030137815342473795,0.034839196086860244,0.23376623376623376,4.356708826689592,0.024414358184274385,0,1,0.046147405647282806,-0.2563706510065204,5.077336351653046
2022-02-15,0.011403181552368332,0.04359446272838756,0.02087466017280829,0.046147405647282806,0.11342973958511086,-0.007091439946204802,-0.003950981242853762,-0.09743028956184699,0.4065934065934066,4.5217885770490405,0.23023298629568673,0,0,-0.015184910543850608,-2.8182486518484056,0.01147092374631736
2022-02-16,0.04614718115446528,-0.004511248631784523,0.0205286256388639,-0.015184910543850608,-0.29117150150527676,0.008268451050258554,-0.00302573055061435,-0.05642624088191999,0.297029702970297,4.624972813284271,0.3605214918637837,0,0,-0.07962230741964704,-9.06038294873343,0.6614193155412563
2022-02-17,-0.015184686051033066,-0.008685426625901094,-0.07760625351270087,-0.07962230741964704,0.5064512100339377,0.016176862774401283,0.0010444502622118535,0.1460606259257955,-0.10112359550561797,4.499809670330265,0.22194042304717032,0,0,-0.013449303448535153,-2.6655506023074165,1.0903497724503224
2022-02-18,-0.07962206060177719,-0.07533300285055639,-0.01567398395538695,-0.013449303448535153,-0.07468616218784023,-0.0011054540785267234,0.002502064053499768,-0.012889566438965801,-0.06666666666666667,4.51085950651685,0.20739519435718176,0,1,0.0026164981129269994,-0.8426010936124884,1.168596350628826
2022-02-19,-0.013449300106584273,-0.012666837666750088,0.004780191638414253,0.0026164981129269994,-0.8879762977697779,0.0,0.0,0.0,-0.24,3.258096538021482,-1.0458141030611388,1,0,-0.04314075292804987,-5.3270588252963496,0.11537991427947186
2022-02-20,0.002616247953106316,-0.007915666250566626,-0.04222807920391161,-0.04314075292804987,0.6170261320082954,0.0,0.0,0.0,0.18181818181818182,3.1354942159291497,-1.1676051601096067,1,0,-0.03657756618202442,-4.221814987641416,2.8441628650186463
2022-02-21,-0.04314075292804987,-0.01585292342065812,-0.03208831455150051,-0.03657756618202442,0.6229949824620908,0.0,0.0,0.0,0.012345679012345678,4.406719247264253,0.12775320798857906,0,1,0.032490750766217165,-1.7944224889746614,3.7673954031419834
2022-02-22,-0.03657756618202442,-0.027345240800790906,-0.012303641195356842,0.032490750766217165,-0.14771433745417487,0.003942497337925904,-0.00010415094762741463,0.037486690366762734,-0.04938271604938271,4.406719247264253,0.14799681426522576,0,0,-0.025976966353583753,-3.1717436679928643,2.6320481151844466
2022-02-23,0.032490750766217165,0.021137277886641704,0.018717538976034974,-0.025976966353583753,-0.2108561018998601,0.0016250236299235957,0.0016647976074093411,0.0739096419462359,0.07142857142857142,4.442651256490317,0.21974796232497637,0,1,0.028507874523143458,-8.185750730232492,6.729451780431502
2022-02-24,-0.025976697897316093,0.014997070298886746,-0.07611703697598002,0.028507874523143458,1.0172969057692556,0.008293621186042321,0.009827803088777738,-0.022824621796435525,-0.2786885245901639,4.812184355372417,0.5253727645214068,0,1,0.02300557006710982,-0.819584166760499,3.477615234831175
2022-02-25,0.028545959284095944,-0.004010490932859792,0.10216954015786342,0.02300557006710982,-0.7558933950453567,-0.020254641338242927,-0.005367443081482081,-0.09435415694926126,0.4803921568627451,4.634728988229636,0.32284008784095913,0,0,-0.0026156608014754846,-1.660844155257789,2.8387322227401635
2022-02-26,0.022966961872508313,0.016616739946199638,0.014592970182136879,-0.0026156608014754846,-0.6558836036855293,0.0,0.0,0.0,0.3793103448275862,3.4011973816621555,-0.9425440626770969,1,0,-0.03691457135600522,-5.563208442646168,1.8715434323258502
2022-02-27,-0.002615150178970205,-0.012287548705618575,-0.04163930367535935,-0.03691457135600522,0.45394097073939055,0.0,0.0,0.0,0.6129032258064516,3.4657359027997265,-0.8929796529734498,1,1,0.1352787146752529,-0.662417637590771,15.967380793258599
2022-02-28,-0.03691456174263115,0.10404380225332223,0.012093336694548814,0.1352787146752529,0.4697132293504197,0.006814799258052393,0.0009310127092417984,0.08873151676105362,0.24761904761904763,4.663439094112067,0.2827058124750767,0,1,0.028802692569624658,-0.8142887413753513,4.061437333918291
2022-03-01,0.13527844941675518,0.016219280081849873,0.13376000363740712,0.028802692569624658,-0.1803480016546413,0.022386274771780384,0.007212112115519748,0.09997289761890603,0.592,4.836281906951478,0.38063313241498276,0,0,-0.01196243454904842,-2.4777209786075347,2.1795272087743607
2022-03-02,0.028802692569624658,0.009983591318185383,0.012168370197302898,-0.01196243454904842,-0.06629363617975556,-0.011130495531632012,-0.00020538267164137,-0.08059307747498817,0.4946236559139785,4.543294782270004,0.06998085115982373,0,0,-0.033333261588257904,-4.808610810665321,0.47307805451931473
2022-03-03,-0.011962206722210156,-0.029026926091598983,-0.03527133286962638,-0.033333261588257904,-0.12602812315060474,0.007003374578962224,0.004098801980339983,-0.008494014864764431,0.2608695652173913,4.532599493153256,0.10985645960712366,0,0,-0.0810549423019875,-9.646503681291376,0.17250858289509885
2022-03-04,-0.033333489415096174,-0.036338956304500056,-0.08171219029451834,-0.0810549423019875,0.19590417719180514,0.015745908688366016,0.008755916249864687,0.04803997729179485,0.125,4.48863636973214,0.08996733540519314,0,1,0.006347843793420254,-1.9111098208006525,1.1797211294202663
2022-03-05,-0.08105519773860471,-0.0709828168367359,-0.0037010036970804147,0.006347843793420254,-0.7133354699664423,0.0,0.0,0.0,0.1111111111111111,3.6109179126442243,-0.8162072732893948,1,0,-0.025114798426121913,-3.37998011900317,0.7482729396854627
2022-03-06,0.006348353050253839,0.002033361896072183,-0.008340859188604862,-0.025114798426121913,0.26754911173456425,0.0,0.0,0.0,0.0,3.332204510175204,-1.0968470631065035,1,0,-0.011328919506856962,-3.3500888278130443,2.890501122485755
2022-03-07,-0.025115312521988325,-0.003692516598118941,-0.024815885514220627,-0.011328919506856962,0.4780128677919354,0.014549409887336044,0.006466622330017505,0.13083078629404346,0.09090909090909091,4.356708826689592,0.0018570107601996975,0,1,0.019360439473765596,-0.3173134789076283,3.5532595935526157
2022-03-08,-0.011328395990218043,-0.004701334796188339,0.018998833982197243,0.019360439473765596,-0.1409125418688525,0.02290628222036198,-0.0023191677518842415,-0.03688598270340872,0.17647058823529413,4.454347296253507,0.1779613285327416,0,1,0.07965003732031377,-0.1917116467495593,9.508404707894536
2022-03-09,0.01936017623277684,0.07891189061718479,0.020616457795346533,0.07965003732031377,0.19265644803881857,-0.026926590113771492,-0.011064380697839616,-0.07935503002105185,0.5542168674698795,4.430816798843313,0.17443535101081234,0,0,-0.06195676107004793,-8.45911399214603,0.23319476534646638
2022-03-10,0.0796497988941458,-0.01310206210516684,-0.0030239861336508107,-0.06195676107004793,0.06561610532207013,0.00612449262362708,0.005496765736485601,-0.07086567301265848,0.25925925925925924,4.406719247264253,0.17284281285175657,0,0,-0.017720645144228633,-3.0870910205590842,2.0444543021414066
2022-03-11,-0.061956268978446014,-0.043844165702098446,-0.008236531354178454,-0.017720645144228633,-0.19829571608764093,-0.007737189270018103,0.006173177477547135,0.017055200603855316,0.1,4.51085950651685,0.2740192219857743,0,1,0.002006528401358036,-0.17844666758526206,1.9360768636447743
2022-03-12,-0.017720898809662496,-0.018804419529195034,0.01136579838550959,0.002006528401358036,-0.8983707777310759,0.0,0.0,0.0,0.15384615384615385,3.6888794541139363,-0.5684723188399997,1,0,-0.026900467390317852,-3.217757491191506,1.2869020071901787
2022-03-13,0.0020062707182461376,-0.00448522016318788,-0.02838657983470434,-0.026900467390317852,0.31069455062215273,0.0,0.0,0.0,0.16666666666666666,3.4339872044851463,-0.8370413601866812,1,1,0.04892031687140569,-0.5902926833574255,5.58471275294765
2022-03-14,-0.026899944998290973,0.016077640067256965,-0.000625819311977074,0.04892031687140569,0.3588071657080936,-0.011719169211707079,-0.0006055625161930736,0.03263246843757496,0.33663366336633666,4.624972813284271,0.32858264935595116,0,0,-0.009905884169983963,-4.04593196919481,0.5435980513793571
2022-03-15,0.04892005216249071,-0.0014908301442773024,0.014363924013031836,-0.009905884169983963,-0.02000700246787545,-0.015997859657440116,0.00010096539017414216,-0.0630078667210695,0.23255813953488372,4.465908118654584,0.1658467196020775,0,1,0.045624811430510115,-1.1569886686566526,6.020880567196468
2022-03-16,-0.009905884169983963,0.044866940988187144,0.018983548835397757,0.045624811430510115,0.6497287986890192,-0.010686925640050688,-0.00698916445543354,-0.11197525491444403,0.47126436781609193,4.477336814478207,0.16959500226622617,0,0,-0.004781075985047464,-1.504672199098782,0.8834239408657591
2022-03-17,0.0456250546566324,-0.005749754832797029,0.04214797612608891,-0.004781075985047464,-0.8626849054074008,0.017714276252213116,-0.0037679673719654017,-0.03821634319943387,0.5416666666666666,4.290459441148391,-0.0019821611901022405,0,1,0.02031169524144141,-1.9317851899037837,3.3810780434617023
2022-03-18,-0.004781563603018259,0.020195465040911867,-0.009052205893097581,0.02031169524144141,0.19966525433249896,-0.007182949353329375,0.0022421657838627884,-0.07270052234591615,0.4827586206896552,4.07753744390572,-0.152742228872959,0,1,0.010567682574771557,-0.6202996703308269,1.5269046878036958
2022-03-19,0.020311939633290026,0.0017699616848614447,0.03342655043717085,0.010567682574771557,-0.4460787745794858,0.0,0.0,0.0,0.5909090909090909,3.1354942159291497,-1.0855402070553024,1,0,-0.022502352481311442,-3.1048022390840115,0.22516681330039373
2022-03-20,0.010567682574771557,-0.0024496961702615144,-0.014277343112760247,-0.022502352481311442,0.053131715362370976,0.0,0.0,0.0,0.1875,2.833213344056216,-1.3728110107201037,1,0,-0.006317702205992036,-1.943458976375075,0.6813756664878549
2022-03-21,-0.022502352481311442,-0.01794026394943678,-0.010888919854222013,-0.006317702205992036,0.251690351760431,0.00020743851021229863,0.002744846317045894,-0.014346243588262985,0.30864197530864196,4.406719247264253,0.29535398970408594,0,1,0.03267507037255884,-0.3095837043543432,5.593347634873417
2022-03-22,-0.006317458316966856,0.04280201747786345,0.0100210505142153,0.03267507037255884,0.4107869572522028,-0.0041046609285686,-0.000101549686253537,-0.02539409693912241,0.5057471264367817,4.477336814478207,0.36444608867511336,0,1,0.012167866742905374,-1.4567353362041984,1.5501640837726849
2022-03-23,0.03267482648353354,-0.007756765138448611,0.021203554054060263,0.012167866742905374,-0.3758293253997105,0.008244168082008863,0.001319110154342552,0.027092569018550887,0.2777777777777778,4.51085950651685,0.3912804731273191,0,1,0.02552564380828476,-0.7544227117150789,3.07274215034843
2022-03-24,0.012167866742905374,0.027393647408662958,0.019190992987796546,0.02552564380828476,0.319440548171133,0.012826608725129677,0.00172228567765938,-0.08404588493141855,0.6153846153846154,4.653960350157523,0.46343186409211645,0,1,0.007286174227543661,-0.9420141223533675,2.4756780414301476
2022-03-25,0.02552564380828476,0.019555002719101832,0.02364972970190189,0.007286174227543661,-0.028531734745289077,-0.0039842350856928496,0.00020239517499096564,-0.04049520432695106,0.5869565217391305,4.532599493153256,0.26922000962291504,0,1,0.004460717136023095,-0.5457718932754224,1.0769955564807203
2022-03-26,0.007286174227543661,-0.006700650621950461,0.01124859651832314,0.004460717136023095,-0.8629962187471966,0.0,0.0,0.0,0.36363636363636365,3.5263605246161616,-0.7781724595476428,1,1,0.05073377393082759,-0.2019729531078449,5.438390935330497
2022-03-27,0.004460717136023095,0.04807467092452069,0.007898706537698868,0.05073377393082759,0.5973848243938643,0.0,0.0,0.0,0.6206896551724138,3.4011973816621555,-0.9329007864052926,1,1,0.006268250306015814,-0.3512629168839383,2.867202099033194
2022-03-28,0.05073377393082759,0.02502188556785465,0.04924087429306677,0.006268250306015814,0.3419902397983521,-0.007294465566171451,0.0028297016146185466,-0.058374649206258046,0.5670103092783505,4.584967478670572,0.2439776382273611,0,1,0.006611696768465159,-0.36431299147654994,2.04643458737363
2022-03-29,0.006268250306015814,-0.0019394248105795348,0.006137749560089729,0.006611696768465159,-0.4719326729026091,-0.014331939032686845,-0.006987671548294082,-0.03789706365376267,0.46078431372549017,4.634728988229636,0.26643415992740715,0,0,-0.007762984396878372,-2.107827678733916,0.5579873503021103
2022-03-30,0.006611485952754787,-0.008272775602250286,-0.010823450104108527,-0.007762984396878372,0.10753921473713977,0.011182017436005276,-0.006218487878745843,0.02249638739130696,0.4230769230769231,4.3694478524670215,0.020352228861719116,0,0,-0.03365359925692603,-4.049606530490375,1.1239609094284984
2022-03-31,-0.007762773581167989,-0.00210324880561441,-0.02718077291444298,-0.03365359925692603,0.17226799291418815,0.00808717487165785,0.005303394858718645,0.061689125338078736,0.5205479452054794,4.30406509320417,0.0137933221460344,0,1,0.01684575714059203,-2.9214763802510832,2.6234712001815854
2022-04-01,-0.033653379526664716,-0.01865849634939518,-0.0223722977545331,0.01684575714059203,0.14562882285794365,-0.01556269351642906,0.00324972057349313,-0.04628844907562309,0.2,4.51085950651685,0.22711969970496043,0,0,-0.010261073071446306,-1.443909317051329,1.9883968371415726
2022-04-02,0.016845537410330704,0.010495013510191884,0.03162142777258963,-0.010261073071446306,-0.417277060385623,0.0,0.0,0.0,0.7272727272727273,3.1354942159291497,-1.1594915253354368,1,1,0.012933614904539842,-0.6132581355485048,3.5028149731922866
2022-04-03,-0.01026129135965424,0.004883108289060713,-0.0019545612564181355,0.012933614904539842,-0.10450685069142138,0.0,0.0,0.0,0.4090909090909091,3.1354942159291497,-1.145132304257548,1,1,0.0037243614415168034,-2.8176571893616895,1.0361722948293877
2022-04-04,0.012934048675832423,-0.011732811879089143,-0.009110375633592011,0.0037243614415168034,0.29027577884278866,0.0052490704821981215,0.003643366232877342,-0.05551160660496785,0.3815789473684211,4.343805421853684,0.13891643526856828,0,0,-0.023523734948063195,-2.6688027038703868,1.3211679290144016
2022-04-05,0.0037239312763457525,0.006574317783367244,0.005212906296429928,-0.023523734948063195,-0.056423952757699694,-0.003270908031756635,0.0048372900849454935,0.12440266343456106,0.47706422018348627,4.700480365792417,0.4845253365895271,0,0,-0.052501781655002897,-5.36483609268504,0.021075836938723287
2022-04-06,-0.023523740058055617,-0.03652465586882005,-0.05048406883620967,-0.052501781655002897,0.36615242791562247,-0.0023429578535094993,0.0013060458340874033,0.0496276034194116,0.13333333333333333,4.663439094112067,0.3912804731257318,0,1,0.006320429156202368,-1.0317466283562853,1.6780174381397728
2022-04-07,-0.05250156186292402,-0.03593236564299236,-0.009170887011715515,0.006320429156202368,-0.48682256968616616,0.007995486299766241,0.0015049064994896637,-0.025201844638247307,0.27522935779816515,4.700480365792417,0.35873660712778677,0,0,-0.027825199218427053,-3.1259803346450816,1.2044557761889536
2022-04-08,0.006320659336552023,0.0015848125366940474,-0.014621907906685619,-0.027825199218427053,0.12498132907156452,0.004025358538914772,0.0005011581261803926,-0.018263181367582593,0.3559322033898305,4.77912349311153,0.3868738680067564,0,1,0.011810129932037259,-0.29991433697138775,1.288617595167629
2022-04-09,-0.027825192723673845,-0.02698358102864018,0.00043546075830991685,0.011810129932037259,-0.8622248488055898,0.0,0.0,0.0,0.23333333333333334,3.4339872044851463,-0.9967729033755289,1,0,-0.014017429746878484,-2.0940244575474587,1.5234683569544998
2022-04-10,0.011809659360499125,0.014158637549905989,-0.006130971273723589,-0.014017429746878484,0.24115721716014474,0.0,0.0,0.0,0.25806451612903225,3.4657359027997265,-0.9796765150996598,1,0,-0.06437336581826365,-7.276788002481653,0.6050609211271499
2022-04-11,-0.014017195850443379,-0.023201504105152173,-0.06584506519622049,-0.06437336581826365,1.0264994517596273,0.0013896773770587837,0.0013017300314402068,0.14124030229531587,-0.25287356321839083,4.477336814478207,0.03339208406980461,0,1,0.013679940298762482,-0.7001861948057017,2.9132261119161504
2022-04-12,-0.06437336581826365,-0.04129171391037357,0.0013926522584958518,0.013679940298762482,-0.09585040453000362,0.014196912221042192,0.0035960543013233825,-0.00452398912382654,-0.075,4.394449154672439,1.2500001034176513e-11,0,1,0.02641901842530263,-1.2211518863198019,3.6418485125501707
2022-04-13,0.013680189831232148,0.020966164305102692,0.008470283383621489,0.02641901842530263,-0.3342554484599776,0.004502815262256247,-0.00409656031616372,-0.10600194653157295,0.06493506493506493,4.356708826689592,0.013072081580339739,0,0,-0.029732304130666604,-3.9555474883251236,0.852320750961759
2022-04-14,0.026418525866385763,-0.0014762591905813807,-0.0009249375947505614,-0.029732304130666604,-0.1161970995715286,-0.0051114641128363805,0.004395635929834156,0.03953799167815706,0.2537313432835821,4.219507705176107,-0.04380262264346754,0,1,0.015144719601020222,-0.44155809668299884,2.296719035795535
2022-04-15,-0.029732311464895023,-0.015288321282328802,0.0054075897857546835,0.015144719601020222,-0.4265369727873817,0.0,0.0,0.0,0.058823529411764705,3.9512437185814275,-0.16963639724703108,0,0,-0.004279969331170057,-1.3914453399876323,0.3875160597056828
2022-04-16,0.01514496996169575,-0.0039473101598784515,0.0056458471679737806,-0.004279969331170057,-0.41879681347851283,0.0,0.0,0.0,0.16666666666666666,3.2188758248682006,-0.9091222423538758,1,0,-0.017502763604226226,-2.083381578553939,0.5358744807621157
2022-04-17,-0.004280216986462621,-0.002796385120605698,-0.01119933171683308,-0.017502763604226226,0.2348020986195582,0.0,0.0,0.0,0.08,3.258096538021482,-0.8538072405327205,1,1,0.027909874843025737,-2.9193798643402444,3.561519237646514
2022-04-18,-0.01750276797703538,0.012753683964617605,-0.02586274646208923,0.027909874843025737,0.998326353758626,0.006070128331346491,0.004574837297311401,-0.023624931027489242,-0.07352941176470588,4.23410650459726,0.19415601445566338,0,1,0.01681929927737526,-0.5656251435199916,2.3229166469365223
2022-04-19,0.027910126871127514,0.01552384893592603,0.051447422051228264,0.01681929927737526,-0.4158464632940154,-0.013812271285541397,0.0017844785847858184,-0.03675191846691165,0.3380281690140845,4.276666119016055,0.2605550369300673,0,0,-0.0032586092287824916,-1.6356919000694525,1.6867447696337607
2022-04-20,0.016819540280807437,0.010457580504347568,0.006118631711880663,-0.0032586092287824916,0.13293950202006408,-0.001739970932198888,-0.005661795101053662,-0.050382500910835126,0.23529411764705882,4.454347296253507,0.41985384557202876,0,0,-0.02146219513885801,-3.9635469137003305,3.837135318721633
2022-04-21,-0.003258850232214811,0.01824529626209626,-0.026537159365091254,-0.02146219513885801,0.3723076168066712,-0.0037976152973985644,0.001890854325145617,0.10987788462348555,0.3218390804597701,4.477336814478207,0.3932250532251566,0,0,-0.019225876795201286,-3.271843210837286,0.775272363340556
2022-04-22,-0.02146219513885801,-0.05208082469266867,-0.014545158110227612,-0.019225876795201286,-0.23991033728096137,-0.007172570973407727,0.006342928897055712,0.21819300024463079,-0.14634146341463414,4.418840607796598,0.26131951425406347,0,0,-0.006761298356655494,-1.073962859176657,0.6796933852702617
2022-04-23,-0.019225624964296105,-0.02018166657590445,0.00275292672140508,-0.006761298356655494,-0.832775088064828,0.0,0.0,0.0,-0.15789473684210525,3.6635616461296463,-0.5389965007063713,1,1,0.0002162457340772487,-1.30656963978556,1.2557231124773056
2022-04-24,-0.0067612966481826135,-0.0010010010845848878,-0.009087366162744437,0.0002162457340772487,0.27460051050228673,0.0,0.0,0.0,0.037037037037037035,3.332204510175204,-0.8851221690175055,1,1,0.02443777865032932,-3.220182698444375,2.912473504811998
2022-04-25,0.00021573871007803114,0.016783749657424046,-0.018919884852510907,0.02443777865032932,0.8589250516852799,-0.019769510187740744,0.005222446476871968,-0.043099143086190964,-0.08860759493670886,4.382026634673881,0.16475523308871373,0,0,-0.05892887322404605,-6.975508164048199,0.914102661669586
2022-04-26,0.024438032134950657,0.004454070218905178,-0.013115476005708797,-0.05892887322404605,0.055735033986979286,0.0043219765242018485,0.005390878466330474,0.21556493979660302,0.3302752293577982,4.700480365792417,0.40874702770244814,0,1,0.02904130834995406,-0.6088397410006267,3.5114218996396165
2022-04-27,-0.0589291356041564,-0.03295568084434557,0.004737811006429613,0.02904130834995406,-0.15495041869419138,-0.008185296301079753,0.00633370104165687,-0.0589851566056232,0.22764227642276422,4.820281565605037,0.4573087097726168,0,1,0.012822767969639432,-0.9070797621943185,2.8564523756312874
2022-04-28,0.029041570730064508,0.02249161310987091,0.026058908138017426,0.012822767969639432,-0.01761029926006611,0.0014835623851351678,0.006486984062242926,-0.052293147535713964,0.37398373983739835,4.820281565605037,0.39334374758394963,0,0,-0.02925883015250115,-4.0229473238154245,0.4598631479385084
2022-04-29,0.012822516347082778,-0.011143124307288409,-0.01833590764657157,-0.02925883015250115,-0.08621665824417787,0.010847972444223454,-0.006389833497131607,0.10769196053867162,0.1702127659574468,4.553876891600541,0.10401053233823007,0,0,-0.025328630177714796,-2.6727399170155453,0.5149673184276914
2022-04-30,-0.029258578529944502,-0.028707788447609225,-0.01575675608450241,-0.025328630177714796,-0.376198477373382,0.0,0.0,0.0,-0.08823529411764706,3.5553480614894135,-0.9061555099507003,1,1,0.02201296126766681,-0.6516397041549664,2.737053244649531
2022-05-01,-0.025328630177714796,-0.0031077709154964336,-0.005117628049108937,0.02201296126766681,0.09425262358099447,0.0,0.0,0.0,-0.08108108108108109,3.6375861597263857,-0.8384335363888847,1,1,0.0014757090645608362,-1.0882179936090652,1.8007410977392384
2022-05-02,0.02201296126766681,0.012649839798563748,0.01764717837312575,0.0014757090645608362,0.3153401198800752,-0.02519292038456543,0.007547193935292776,-0.03225108680044981,0.0,4.477336814478207,0.003289476661893163,0,0,-0.02088383006942929,-2.6496047320416465,0.32743084894486807
2022-05-03,0.0014757090645608362,-0.013257393423382866,-0.014138158319764844,-0.02088383006942929,-0.27731614442477476,0.0037527518532821575,-0.002606020916583909,-0.1004252851893356,0.07894736842105263,4.343805421853684,-0.07598590696476408,0,1,0.05067156251954114,-0.15636825714831595,5.90458233418906
2022-05-04,-0.02088383006942929,0.034887684783012796,0.004048534679503889,0.05067156251954114,0.4396000593475793,-0.0009636752202483986,-0.00854130101144413,-0.14034330491522218,0.09482758620689655,4.762173934797756,0.3591410364425467,0,0,-0.08233682535055205,-10.954326646135184,0.3910459571267365
2022-05-05,0.05067156251954114,-0.004463801251082322,-0.0573080213703275,-0.08233682535055205,0.3491530498225559,0.003742319256644968,0.011243732707740027,0.20488185050598062,0.19008264462809918,4.804021044733257,0.404874963513878,0,0,-0.014861076122788424,-3.6069987580870393,0.3350060351194976
2022-05-06,-0.08233682535055205,-0.08289722457062418,-0.008863546470070472,-0.014861076122788424,-0.25958744133264355,0.003834661316685816,-0.0008678110211619636,-0.032907357859992,-0.20512820512820512,4.770684624465665,0.3313571359629896,0,0,-0.015146717920837932,-3.4715105946028944,0.3673226730917404
2022-05-07,-0.014861076122788424,-0.014537909743066072,-0.013506194487946984,-0.015146717920837932,-0.6913134478484412,0.0,0.0,0.0,-0.024390243902439025,3.7376696182833684,-0.7290791897616186,1,0,-0.04126534832558704,-5.084294910719517,0.11785322567625212
2022-05-08,-0.01514643601148267,-0.017641412394992843,-0.03127456108200419,-0.04126534832558704,0.7482246519671264,0.0,0.0,0.0,-0.23809523809523808,3.7612001156935624,-0.7133498878536553,1,0,-0.12375148039084222,-12.518153411682361,0.5997245630358581
2022-05-09,-0.041265924020827245,-0.03644663495199093,-0.11560393333521542,-0.12375148039084222,0.9740176233010743,-0.01289372706238319,-9.649448640132322e-05,0.14066881060216926,-0.46218487394957986,4.787491742782046,0.2761442480283886,0,1,0.03080084662153245,-1.1567727341728402,8.238234370126898
2022-05-10,-0.12382034641635144,-0.04736638231993166,-0.010137673615747057,0.03080084662153245,-0.1476896099177243,-0.009304882483388956,0.0026015011392508504,-0.05197503589226457,-0.0847457627118644,4.77912349311153,0.20336466261714556,0,0,-0.0636651051045502,-11.004235857401445,3.626531058798215
2022-05-11,0.030870328835678525,-0.015316186491754294,-0.06767378461075343,-0.0636651051045502,0.22386211669639566,0.006878809072376239,-0.0006738191134786619,-0.01311995280695535,-0.102803738317757,4.68213122712422,0.11895194287071122,0,0,-0.00255239398280821,-8.620999479514502,3.8391192538565306
2022-05-12,-0.06366542750730189,-0.06153922315396715,-0.03983274132568073,-0.00255239398280821,-0.012423173665972304,-0.015667781369351385,0.00958320716594217,-0.024562120621479416,-0.2733812949640288,4.941642422609304,0.3538892226224091,0,1,0.008824272580558484,-0.9625313705641465,6.835178326124375
2022-05-13,-0.00255273845707066,0.02740819673987021,0.07403228710669531,0.008824272580558484,-0.7369392128718771,-0.009032901296614637,-0.002769696828325393,-0.09571943994586465,0.09473684210526316,4.564348191467836,0.006033200814694187,0,1,0.02693910433173367,-2.26903196890754,3.5429307823818283
2022-05-14,0.008824617054820905,-0.02409820285686697,-0.004240733402875558,0.02693910433173367,-0.6499604376237584,0.0,0.0,0.0,-0.14893617021276595,3.871201010907891,-0.7067322951289754,1,1,0.040456131904645545,-2.0372475809697,4.463235449929892
2022-05-15,0.02693910433173367,0.03614215100721445,0.02925694821111225,0.040456131904645545,-0.09908752292530235,0.0,0.0,0.0,-0.06451612903225806,3.4657359027997265,-1.1062634353713714,1,0,-0.04755180340819563,-7.424796088536094,3.19194149683969e-05
2022-05-16,0.040456131904645545,-0.004175903400503676,-0.013419353171018403,-0.04755180340819563,0.45696847025723175,0.003369317747265814,-0.00354486711029035,-0.049708547633251145,-0.03669724770642202,4.700480365792417,0.16645852751102944,0,1,0.018930606202495235,-1.4282058387126446,3.0148149641798407
2022-05-17,-0.04755180340819563,-0.017403972960547007,0.012414099090038912,0.018930606202495235,-0.25338504073874313,0.0025882941096002548,-0.007998132916947327,-0.05115914616663997,-0.03333333333333333,4.51085950651685,0.01923136193899878,0,0,-0.05848869957421896,-6.061002589662229,0.8668530996068565
2022-05-18,0.018930606202495235,-0.002549012443234768,-0.02739736130700066,-0.05848869957421896,0.0519553509778045,-0.0012657478221988101,0.004344235747732309,0.17076069020588336,-0.1232876712328767,4.30406509320417,-0.133531392610824,0,1,0.05435138641776955,-0.0834049035662945,6.177612077364359
2022-05-19,-0.05848835132811694,-0.005381109796643946,0.0012872772867404008,0.05435138641776955,0.12754751009199228,0.013836280412998598,-0.010555429861685091,-0.05340345987885895,-0.05194805194805195,4.356708826689592,0.03204798303934548,0,0,-0.03757886695618367,-5.384029168213041,1.4996215335494616
2022-05-20,0.054350708347933534,0.007571480979620813,0.0013451437713022766,-0.03757886695618367,-0.1147741065194237,0.00032587437499885286,0.004177402484633121,0.0027220133435583802,0.013513513513513514,4.31748811353631,0.033369141188131876,0,1,0.008322856374715153,-0.8727053207188412,1.546723771092408
2022-05-21,-0.03757853713244987,-0.037107844580754286,0.007534371518758293,0.008322856374715153,-1.0590190502766286,0.0,0.0,0.0,0.0625,3.4965075614664802,-0.7745625720142041,1,1,0.028421538420796314,-0.6471894817710858,3.4806681481744643
2022-05-22,0.008323195990198956,0.027662300145535498,0.010578014764192763,0.028421538420796314,0.5440160822350523,0.0,0.0,0.0,-0.13513513513513514,3.6375861597263857,-0.6416506547657435,1,0,-0.039895134769211214,-4.8271135649452575,1.2353914102572887
2022-05-23,0.02842086870623504,0.005968771041624512,-0.013377702410945377,-0.039895134769211214,0.569417290619258,0.003252387863293797,-0.010427416776148729,-0.032812502144316524,0.031578947368421054,4.564348191467836,0.3301763081749245,0,1,0.018564024573910418,-1.5236158121631531,2.4993579009001037
2022-05-24,-0.03989514820478583,-0.027255469862782992,-0.006860157241390174,0.018564024573910418,-0.07232562130340932,0.009318889191803246,-0.0021575100854056128,0.0334918655332464,0.0,4.430816798843313,0.20989266284754154,0,0,-0.003798525195082192,-1.2226696743446424,1.9011125969646243
2022-05-25,0.018564368108562587,0.012581571534555707,0.021573485952095423,-0.003798525195082192,0.0015872579336884411,-0.010185211745308747,0.0019615242660194357,-0.03736165760137902,0.2247191011235955,4.499809670330265,0.24628239571609933,0,0,-0.011603116040031471,-5.2915219405943095,1.159350067686469
2022-05-26,-0.0037988636945378664,-0.01121615048786369,-0.04448704785757888,-0.011603116040031471,0.4628590702894315,0.0006498122657287857,-0.0022560775494817028,-0.031146273729954037,0.0,4.465908118654584,0.19368151859552143,0,0,-0.0197668076759755,-3.1957559342465665,0.6700138258061009
2022-05-27,-0.011602777540575851,-0.016496478458835208,0.009354544023446041,-0.0197668076759755,-0.03862028781746246,0.0021088629963046065,-0.0015725178877732703,-0.06691713200005571,-0.1891891891891892,4.31748811353631,0.04339931554806919,0,1,0.013927458255286653,-0.6299972833926463,2.197829926396841
2022-05-28,-0.01976645838962852,-0.004488646670068117,0.005890778832563794,0.013927458255286653,-0.9704826128039291,0.0,0.0,0.0,-0.06451612903225806,3.4657359027997265,-0.8246604089959726,1,1,0.014932730664861931,-0.6639672130388724,1.8985846589622335
2022-05-29,0.013927108968939879,0.010935005580940566,0.013587758958824555,0.014932730664861931,-0.2237286151057562,0.0,0.0,0.0,0.0,3.258096538021482,-1.0152306796890587,1,1,0.07408727158891816,-0.5733775670771769,8.934112674237985
2022-05-30,0.014932730664861931,0.08528801081761951,0.015838627124478755,0.07408727158891816,1.2558697984853795,0.0,0.0,0.0,0.3815789473684211,4.343805421853684,0.13675893712854698,0,1,0.002103399738536469,-1.6977178587127415,2.0731964209110507
2022-05-31,0.07408758670611416,0.005478109055648814,0.06284386867256245,0.002103399738536469,-0.4384059694680337,-0.004656260527504244,0.0007865680454182503,0.018108806238812062,0.4657534246575342,4.30406509320417,0.1182723921760551,0,0,-0.06479498169315473,-8.187734852041988,0.5704579983826666
2022-06-01,0.0021033990764156188,-0.012923984486747472,-0.0627967701947561,-0.06479498169315473,0.504466890215686,0.00032560914897010034,0.007831689954415202,-0.019275847000948997,0.012195121951219513,4.418840607796598,0.25007080171819274,0,1,0.021468021186670065,-0.7113789204788579,2.9200272236511298
2022-06-02,-0.06479496064345386,-0.04129928944047006,0.009968577622476707,0.021468021186670065,-0.5961883755850627,0.0125075493629948,-0.007635182058772564,-0.03848922709776528,-0.08641975308641975,4.406719247264253,0.24904942166239954,0,0,-0.025017916656657774,-3.918674620947161,0.8058047625343064
2022-06-03,0.021468014060810482,0.00032579657550181124,-0.0106049358180129,-0.025017916656657774,-0.0521420687837058,-0.011368949980497233,0.0036290830255138835,0.002827778165847551,-0.042105263157894736,4.564348191467836,0.3620599865801465,0,1,0.005500964525962497,-0.7272457038259855,0.9672529790892026
2022-06-04,-0.025018245035574236,-0.023403434491108696,0.006896372514553927,0.005500964525962497,-0.7469409206960678,0.0,0.0,0.0,-0.17647058823529413,3.5553480614894135,-0.6719149604247595,1,1,0.001845667997686214,-1.1200299725486296,1.0822538602616023
2022-06-05,0.005500629675028972,0.006650973337686511,0.001573121838736007,0.001845667997686214,-0.10173175541878124,0.0,0.0,0.0,-0.05555555555555555,3.6109179126442243,-0.6380874033491402,1,1,0.047450088834951915,-0.09690778669037661,5.988445346274615
2022-06-06,0.0018456686151400558,0.05090758285781613,0.012076889856268603,0.047450088834951915,1.0901806805695509,-0.003365401473737211,0.0029328699200116574,0.011231517018839617,0.3804347826086957,4.532599493153256,0.26718955207253314,0,0,-0.007928880711022794,-7.113302422041959,0.6877114649614753
2022-06-07,0.04745042306843172,-0.005557249978179499,-0.022713857518563967,-0.007928880711022794,0.4748533155280341,0.004502705921952788,-0.0011721308758475182,-0.04278506428781263,0.041666666666666664,4.795790545596741,0.44183275228737257,0,0,-0.030022098209930834,-4.204216344584643,0.646541104488391
2022-06-08,-0.00792920199280865,-0.008340584315753383,0.02116198006355051,-0.030022098209930834,-0.4791379747428893,0.0023787784288539122,0.0021478209960193377,-0.0025011006728514825,0.05333333333333334,4.330733340286331,-0.015123161560887374,0,0,-0.00314484124646771,-0.8667548764630764,1.626279566477725
2022-06-09,-0.030021776928144978,-0.020224713590037656,0.0033525164712849345,-0.00314484124646771,-0.3925040493410495,-0.001675345880327806,0.006609669262763562,0.08516636996056637,0.11688311688311688,4.356708826689592,0.018727139063684756,0,0,-0.0343959202434377,-4.274502472779798,0.9021641137322298
2022-06-10,-0.00314484124646771,-0.010385995773922624,-0.037222317209635016,-0.0343959202434377,0.49846564619033856,0.012203441973600668,0.008969537810954704,0.061683735195286235,0.10891089108910891,4.624972813284271,0.27876391901046715,0,0,-0.023200611947273582,-3.4689876970718054,1.1909122955666764
2022-06-11,-0.034396263982024604,-0.031508438425093176,-0.02634077248635789,-0.023200611947273582,-0.14525756313149255,0.0,0.0,0.0,0.08333333333333333,3.6109179126442243,-0.7565690069696637,1,0,-0.06730524721449922,-6.785216088296211,0.42219026278465444
2022-06-12,-0.023199916402045388,-0.030887832275093965,-0.05636289585951763,-0.06730524721449922,0.3387743296771033,0.0,0.0,0.0,-0.1,3.4339872044851463,-0.9276544904911369,1,0,-0.16699764123151092,-19.22905809087927,1.2018389531893148
2022-06-13,-0.06730559902114058,-0.059508760310452505,-0.19174366724032965,-0.16699764123151092,1.0128030282119724,-0.02351777533038834,0.008889799884915986,0.20371276023099444,-0.5,4.844187086458591,0.445366324868287,0,0,-0.01573183286725236,-7.579351372805457,3.8192840986773753
2022-06-14,-0.16709281012078395,-0.14082318977663028,-0.050500574050772816,-0.01573183286725236,-0.30755066701596606,-0.01017190901029815,0.004178494353135296,-0.039879421696833575,-0.3277310924369748,4.787491742782046,0.3899793906771873,0,1,0.020005528538409763,-9.59260067010605,2.9536771782462288
2022-06-15,-0.01563621223364782,-0.02438790207156378,-0.035864325840258414,0.020005528538409763,0.06999599464995722,0.00320020619069026,-0.00341744190996728,-0.09861934155361644,-0.20754716981132076,4.672828834461906,0.22078783763118473,0,0,-0.10163017824163617,-10.996378334867849,1.8079253803396134
2022-06-16,0.020005076794078164,0.008548010559343453,0.005967751890791946,-0.10163017824163617,-0.7002815649491034,0.016607812663686532,-0.014656197993455756,0.10654144692998793,0.11224489795918367,4.59511985013459,0.10763066420256959,0,1,0.0033031496542327322,-0.7609272797575787,4.61750807936615
2022-06-17,-0.10166498053398342,-0.07353435125137082,0.000724332309466688,0.0033031496542327322,-0.13951223003376415,-0.0054871926378130915,0.010272252036461003,-0.056819326608450633,-0.30851063829787234,4.553876891600541,0.07738666362605859,0,0,-0.0760018363469714,-14.975414268440112,1.5668918931365319
2022-06-18,0.003337951946580131,-0.027203012208063298,-0.13884172023259256,-0.0760018363469714,0.8179769085677085,0.0,0.0,0.0,-0.5,3.9318256327243257,-0.5766133642839938,1,1,0.08112771492687064,-5.47305366606855,9.281909198683431
2022-06-19,-0.0760018363469714,0.001148336708497592,0.019021769676744113,0.08112771492687064,-0.4258314983788322,0.0,0.0,0.0,-0.18604651162790697,3.784189633918261,-0.7480882985679906,1,0,-5.346568195921985e-06,-4.66110732136441,2.4770851781844856
2022-06-20,0.08112771492687064,0.013079474721881304,0.08924717837391208,-5.346568195921985e-06,-0.1629206046876619,0.0,0.0,0.0,-0.04597701149425287,4.477336814478207,0.019901154328789052,0,1,0.007246490991842595,-1.1020511421697357,5.4348810934151
2022-06-21,-4.8605153603731825e-06,0.029572612584110168,0.035585215223750986,0.007246490991842595,-0.043660788985481556,-0.0005449294523729552,-0.0024863215217631475,-0.030661196085893273,0.009345794392523364,4.68213122712422,0.24712713629470884,0,0,-0.03613769395083157,-4.70778536210792,0.8479871838280263
2022-06-22,0.007245522395384412,-0.03862244810402808,-0.028810851207539335,-0.03613769395083157,-0.12470876143064574,-0.00016349682819621488,-0.0023006671753253364,-0.04194053103593365,-0.1349206349206349,4.844187086458591,0.37696359798388634,0,1,0.05462142687846785,-0.4910980965504977,6.042498201800326
2022-06-23,-0.036136711106903766,0.015807416228891417,0.006029178704742695,0.05462142687846785,-0.10287320793222741,-0.004699515565206118,0.0022048933819938696,0.0034482266622454993,0.05263157894736842,4.564348191467836,0.0995295953575595,0,1,0.0060244133369918825,-1.7846978270837124,2.101297558029071
2022-06-24,0.05462045287182488,0.015209420440755208,0.041685429573135695,0.0060244133369918825,-0.0709915752737483,0.0004381188607517011,-0.002300814557414017,-0.06469916716028097,0.22580645161290322,4.543294782270004,0.07991470768411438,0,1,0.011865650317023644,-1.5711578168418683,1.758695237073048
2022-06-25,0.006024416182216526,0.002598390127431595,0.00815981343941016,0.011865650317023644,-0.4091247471193216,0.0,0.0,0.0,0.03125,3.4965075614664802,-0.9565411344642027,1,0,-0.02130943009010775,-2.4801581781543196,1.8295457726003197
2022-06-26,0.011865655871081869,0.012574155672296534,0.0027756467038991535,-0.02130943009010775,0.035271167066345865,0.0,0.0,0.0,0.2413793103448276,3.4011973816621555,-1.0306744550500608,1,0,-0.014146025460121855,-2.54210815397398,2.357105429166521
2022-06-27,-0.021308489454392687,-0.016033833524445592,-0.021928929848304274,-0.014146025460121855,0.19075211990445665,-0.003070669489849738,-0.002402345787436545,-0.010335964210215428,-0.15853658536585366,4.418840607796598,0.01757514483370267,0,0,-0.022488841996465433,-2.640552375654235,2.2384145412517267
2022-06-28,-0.01414601868832829,-0.01533293433926993,-0.015130467676924405,-0.022488841996465433,-0.010507403667217226,-0.001868967337812985,0.005468947977946458,0.050996397521043194,-0.12359550561797752,4.499809670330265,0.13192754305378412,0,0,-0.007834849739538354,-2.124695080412977,0.7418685286422413
2022-06-29,-0.02248981716232424,-0.03745430212256032,-0.01733026904405288,-0.007834849739538354,0.19204077647648496,-0.0020929997061283,0.0057246455951986885,-0.007077197314253043,-0.21904761904761905,4.663439094112067,0.33647223663073683,0,0,-0.009025345538186133,-7.7305482328437245,0.2782487765553033
2022-06-30,-0.00783485361780553,-0.012471047260407837,-0.06389338126384586,-0.009025345538186133,0.19385110172548403,-0.0053070917753330026,-0.004003800990449936,0.019342936372938047,-0.3007518796992481,4.897839799950911,0.5029796491448953,0,0,-0.03378067520510561,-4.971626760802357,4.778817330352819
2022-07-01,-0.009024848594514013,0.03598033999978904,0.018563869182227577,-0.03378067520510561,0.17544831611929837,-0.002886458385910953,0.00428916393456827,-0.07258186826346097,-0.1721311475409836,4.812184355372417,0.3664245589127609,0,0,-0.001400891578015631,-1.5829669159227973,0.9682842325382652
2022-07-02,-0.03378067520510561,-0.07188600618325125,0.00010592324368996806,-0.001400891578015631,-0.8845570168863766,0.0,0.0,0.0,-0.02702702702702703,3.6375861597263857,-0.8350890516660375,1,1,0.003267942871976135,-2.4811303607795465,2.0299696247597603
2022-07-03,-0.0014003721734507264,0.009215962344199516,-0.010382526026583261,0.003267942871976135,0.10098584373542827,0.0,0.0,0.0,-0.16129032258064516,3.4657359027997265,-1.0153642445427318,1,1,0.04657331482099153,-1.3579164089201778,5.235297709496763
2022-07-04,0.0032674234674111608,0.03532122371934608,0.01450008239056986,0.04657331482099153,0.3814664588007975,0.0,0.0,0.0,-0.08333333333333333,4.290459441148391,-0.15584991556632904,0,0,-0.0030129284649952903,-4.716523259743787,2.5047964877143882
2022-07-05,0.04657331482099153,0.01926830260316773,0.012987246312755439,-0.0030129284649952903,0.24977096769680704,-0.02083933914969923,0.0128521955633097,0.030975932563342613,-0.09090909090909091,4.709530201312334,0.23293155768946364,0,1,0.019081421173606727,-2.0762403906307676,2.445052838918997
2022-07-06,-0.0030124328225597605,-0.0036103649529492516,0.023389900226134824,0.019081421173606727,-0.15271094483187622,-0.015386252486003978,0.005617978056987879,-0.029853013518694623,0.15384615384615385,4.5217885770490405,0.0665289885178026,0,1,0.05028235345384914,-1.53290214339,6.008937624713234
2022-07-07,0.019080925531171057,0.054720269031549064,0.024514803646014348,0.05028235345384914,0.030757130794117155,0.0017277129141139384,0.0002800614301565808,-0.024617778892292053,0.12371134020618557,4.584967478670572,0.1926843438398106,0,0,-0.0013988983702488548,-2.0354678424689925,4.088188642371082
2022-07-08,0.050282815881915806,0.03107486363042765,0.04525669646305921,-0.0013988983702488548,1.5563161551781388,0.0015523655104664287,-0.0011207166348093695,-0.05679762023851329,0.18556701030927836,4.584967478670572,0.23835438067299886,0,0,-0.00013522719346830976,-1.2705198089459189,1.7682719383700183
2022-07-09,-0.00139936079831537,-0.024598065410259422,0.006250581964981876,-0.00013522719346830976,-0.8150107156945454,0.0,0.0,0.0,0.05714285714285714,3.58351893845611,-0.7772632135925461,1,0,-0.03436315139820555,-4.435758154957887,0.0732416256269694
2022-07-10,-0.00012040688278810126,-0.017085530320898868,-0.031787610653588046,-0.03436315139820555,0.07434693985612746,0.0,0.0,0.0,0.06666666666666667,3.4339872044851463,-0.9295359585908425,1,0,-0.04404073474684607,-4.847761819962047,0.028803562063893565
2022-07-11,-0.034443162663280645,-0.034807532033836415,-0.038483188048247165,-0.04404073474684607,-0.33459379007559265,-0.006108458837354837,0.009394056085966329,0.06024260556281789,-0.2111111111111111,4.51085950651685,0.135801541170173,0,0,-0.032317491445751946,-3.6919671015694746,0.47877526023186023
2022-07-12,-0.04397554379245133,-0.039541017765166386,-0.032482787562920355,-0.032317491445751946,0.014229507383601486,-0.003880322870210738,0.0004627984034218187,0.04190664881096002,-0.35353535353535354,4.605170185988092,0.2513144282910071,0,1,0.045813728987704215,-2.185303422399725,5.230317037400729
2022-07-13,-0.03218660691184903,0.01519792632593673,-0.017250854654054557,0.045813728987704215,0.40542000021861924,0.0063050981654516405,-0.0010183828216448385,-0.017372501793467377,-0.3076923076923077,4.653960350157523,0.276753001929206,0,1,0.017341827629275455,-3.1058225532276134,3.234180517555798
2022-07-14,0.04568284445380126,0.02585236378925483,0.03660853767942534,0.017341827629275455,-0.17983570832410828,-0.017274371209107783,0.00535799740063118,-0.015783870772208296,0.10638297872340426,4.553876891600541,0.18110648982642483,0,1,0.011646994153803221,-1.0082794878596881,2.925200025348398
2022-07-15,0.017341827629275455,0.014252022707201413,0.03831725828295462,0.011646994153803221,-0.19845270376599977,-0.0012327780896654707,-0.004432171247331225,-0.08577247976665936,0.21333333333333335,4.330733340286331,-0.0038022859364052614,0,1,0.01739743738897494,-1.701524880407583,3.578497093906631
2022-07-16,0.011646994153803221,0.018179964839385585,0.004714540228324145,0.01739743738897494,-0.16935546696615478,0.0,0.0,0.0,-0.1891891891891892,3.6375861597263857,-0.7141603701317347,1,0,-0.018929091711402925,-2.1246884362958984,2.280595127515191
2022-07-17,0.01739743738897494,0.004418417725060484,0.01316580183009184,-0.018929091711402925,-0.023259770643360014,0.0,0.0,0.0,0.0,3.332204510175204,-1.0235541976410305,1,1,0.07564984518217717,-0.17184545071831672,9.091439272040681
2022-07-18,-0.018860818771548334,0.04917934973385203,0.0005993381443730644,0.07564984518217717,0.7077730263078931,0.003986361713753098,-0.006405766796279031,0.043212849641764174,0.2807017543859649,4.74493212836325,0.3721903192320642,0,1,0.04207720104807247,-3.8768722868600696,5.917121423939379
2022-07-19,0.07558157224232252,0.04390666670116415,0.03859957682075958,0.04207720104807247,0.09468013898670127,0.0004679742946601952,-0.006447136852099979,-0.03213124802708314,0.23893805309734514,4.736198448394496,0.33824371627844463,0,0,-0.007435482451242203,-2.1184387775055487,3.6927122804258237
2022-07-20,0.042156696550848645,0.01983310961293709,0.059661536141617774,-0.007435482451242203,-0.0996124585338497,-0.006159280360534849,0.003742533577548245,-0.025631864170057687,0.20952380952380953,4.663439094112067,0.2630447680759196,0,0,-0.003066708544995841,-3.8711939903482837,0.9406046753375449
2022-07-21,-0.007514977954018307,-0.03495655850212514,-0.02496303457966951,-0.003066708544995841,-0.25609811985909403,0.007736953992708003,-0.0015888424724860583,-0.032775802683622346,0.0,4.59511985013459,0.18699719360975844,0,0,-0.02039295734074819,-2.8574067279495337,2.5766379819098963
2022-07-22,-0.003066708544995841,0.013293624520727595,0.0070711640789917094,-0.02039295734074819,-0.07421274183950766,0.008372643085123987,-0.001685080901090523,-0.0034677070491447837,0.09090909090909091,4.48863636973214,0.0567765158134456,0,0,-0.010358144626696868,-3.3632488096696793,1.383127448051334
2022-07-23,-0.02039295734074819,-0.03232806267933389,-0.02545137815794967,-0.010358144626696868,-0.34000739352775466,0.0,0.0,0.0,0.26666666666666666,3.4339872044851463,-1.0072625100465484,1,1,0.005712112265188854,-0.8674969216879677,2.4792260651816536
2022-07-24,-0.010469058631708023,0.0006028415446064063,0.014599374253120228,0.005712112265188854,-0.05856960244473405,0.0,0.0,0.0,-0.03571428571428571,3.367295829986474,-1.07799300142966,1,0,-0.05783170787580325,-6.069349141718785,0.3815617523142997
2022-07-25,0.005710086494219044,-0.015264530863484508,-0.046306409935119204,-0.05783170787580325,0.4482902898157728,-0.004700960831153482,-0.0023451067651711743,0.014227440440232874,-0.07692307692307693,4.3694478524670215,0.01104983619940567,0,0,-0.002642042980227913,-2.877101826936686,0.1730947821136977
2022-07-26,-0.057718768099822224,-0.059916377577809384,-0.02590923472798234,-0.002642042980227913,-0.01411408837308415,-0.000756568166326809,0.006645777866585077,0.05537314089952182,0.0196078431372549,4.634728988229636,0.29989453049108894,0,1,0.07684804868982513,-1.0031008142893327,8.38025854278219
2022-07-27,-0.002642042980227913,0.07942959462645705,0.01609796714624561,0.07684804868982513,0.17096532200722425,0.0008147256292718839,-0.006927620808838488,-0.06052340285251661,0.06493506493506493,4.356708826689592,0.07310946983711947,0,1,0.03806305270838894,-1.6265799082198142,5.291637822636336
2022-07-28,0.07692908250711115,0.045961841488366566,0.07061325775052023,0.03806305270838894,0.11223337117716799,0.017986345847998488,-0.0009398353724893322,-0.03994385969968478,0.19402985074626866,4.219507705176107,-0.0021299262428994556,0,0,-0.0029057065160629104,-1.8152321988435318,2.4842229021715774
2022-07-29,0.03807931763480972,0.009988903503741407,0.03617652980215176,-0.0029057065160629104,-0.1741814901587681,0.007172964446712137,-0.004240260282498767,-0.045816533528988145,0.2894736842105263,4.343805421853684,0.1497743052406173,0,0,-0.0054933721401181045,-1.1485869565998805,3.6924826315512624
2022-07-30,-0.002854533186441949,0.009176890777733827,0.003760745906373777,-0.0054933721401181045,-0.2720955191798252,0.0,0.0,0.0,0.2857142857142857,3.367295829986474,-0.8443781502481545,1,0,-0.014922034485878831,-1.775991713284127,2.304990199036591
2022-07-31,-0.005594052113301701,-0.019368296465264973,-0.011767419706960621,-0.014922034485878831,-0.16765500753939822,0.0,0.0,0.0,0.034482758620689655,3.4011973816621555,-0.8114774118179346,1,0,-0.001087168364516185,-1.9215506847523112,0.92456270423436
2022-08-01,-0.014839325582181906,-0.028726309433901105,-0.016377624200560634,-0.001087168364516185,0.12124871935395479,0.003454221019280375,-0.0042583890315845505,0.06839886256211869,0.18072289156626506,4.430816798843313,0.22918586578222067,0,0,-0.012116250420426194,-2.6726686521590732,0.8212698559061568
2022-08-02,-0.0012653754883521948,-0.002120096847798209,-0.008598348038583807,-0.012116250420426194,0.09178704195579016,0.001186393518112395,0.007463787636079219,0.046619523204595135,-0.0963855421686747,4.430816798843313,0.2711809868188238,0,0,-0.007397292091435454,-1.3425936102849636,2.830180747171168
2022-08-03,-0.012149460093236945,0.007972858492224063,0.0011844999983150585,-0.007397292091435454,-0.07980279376134403,-0.007424009432775246,0.002538231891160657,-0.08636574039389384,0.32967032967032966,4.5217885770490405,0.33208626468894753,0,0,-0.008599709479179367,-1.8504954450364919,1.7591032927185193
2022-08-04,-0.007380361881735367,-0.01810806663596212,-0.012476310438950793,-0.008599709479179367,0.05923112176823894,0.01720048045395003,-0.007728593390747431,-0.023508813167236665,0.2261904761904762,4.442651256490317,0.21551962621545534,0,1,0.030020061930577643,-0.1593897961261253,3.6878656297376176
2022-08-05,-0.008560919833163783,0.010687913891011702,0.008311347009924204,0.030020061930577643,0.12373614675803404,-0.008760642024044224,0.008760833034145933,-0.013618473656111421,0.1650485436893204,4.6443908991413725,0.3640330362097931,0,0,-0.01548490381388308,-1.743372106638172,0.17974246901724333
2022-08-06,0.030094157644154313,-0.005061169676625992,0.014180238825457355,-0.01548490381388308,-0.7364569281801848,0.0,0.0,0.0,0.25,3.4965075614664802,-0.8129123773890701,1,1,0.009546427689530375,-0.4785720908709047,1.9320126847891985
2022-08-07,-0.015533803590369521,0.0020377983438362823,-0.002836903656210476,0.009546427689530375,0.05763346512167724,0.0,0.0,0.0,0.2413793103448276,3.4011973816621555,-0.9113524501990896,1,1,0.02705787086036656,-0.08694406427081405,4.516262091891093
2022-08-08,0.009546427689530375,0.035388921760549474,0.013462707955531507,0.02705787086036656,0.6540207460039571,0.007809700130070115,-0.001689668108678977,0.00659763445218728,0.2222222222222222,4.406719247264253,0.11976913364035853,0,0,-0.028113039796074532,-4.0498303388752905,0.5163044987085187
2022-08-09,0.027099029190167347,-0.012941705071459008,-0.012570991885678076,-0.028113039796074532,-0.17730039464049327,0.004021425813643075,-0.0006578609618180143,0.022295374365645357,0.13636363636363635,4.48863636973214,0.19276551596640168,0,1,0.03414479115449657,-2.118441387970691,4.543381589191366
2022-08-10,-0.028095020483430586,0.01215773110875392,-0.008799150287028492,0.03414479115449657,0.3778147874057476,0.0008914506924313416,-0.01106033679008999,-0.09788587386321505,0.3333333333333333,4.290459441148391,0.03021377861038537,0,0,-0.0008210750278983731,-0.4263890334480343,3.9474692865809824
2022-08-11,0.034085613512051825,0.028185668128392762,0.05106531469972318,-0.0008210750278983731,0.1785647505769646,-0.003291233570665182,-0.0010461802643629073,0.02303561976592722,0.4177215189873418,4.382026634673881,0.1332730948183615,0,1,0.01941760376984897,-1.4790223349565947,2.15796924308465
2022-08-12,-0.000875391653729459,-0.01871607546286166,-0.011347408042983998,0.01941760376984897,-0.3602521166927499,0.004960590165981755,0.005125304803016102,-0.03373086212935113,0.1791044776119403,4.219507705176107,0.04580953604621963,0,1,0.0015436569219570487,-0.4618972415737844,1.9651818996191888
2022-08-13,0.01939078179984953,0.0174897303351943,0.029588854703676965,0.0015436569219570487,-0.1307757245668828,0.0,0.0,0.0,0.21212121212121213,3.5263605246161616,-0.6646051771901578,1,0,-0.005585632561017508,-1.2241695495608031,2.44988200759585
2022-08-14,0.0016935290452929196,0.00639065800172373,-0.006079066157913023,-0.005585632561017508,-0.010827694333050926,0.0,0.0,0.0,0.2857142857142857,3.091042453358316,-1.0986122886204908,1,0,-0.008695085325241067,-2.2132227890831206,3.6601135043532746
2022-08-15,-0.00565395465469455,0.006516682406556761,-0.01547616495624069,-0.008695085325241067,0.47252067721676916,-0.009608985203734186,0.008671991353024091,0.02127740153136365,0.01639344262295082,4.127134385045092,0.014151179562636472,0,0,-0.01001393990872997,-1.7736915400862197,0.6316227236982266
2022-08-16,-0.008769374287592452,-0.038979993131791305,-0.004299772835271975,-0.01001393990872997,-0.3019652666778922,-0.0046137893685845414,-0.00046940203670200613,-0.013118261804125196,-0.16216216216216217,4.31748811353631,0.24116205683040165,0,0,-0.021700351923622782,-2.867584570800174,2.4512706813517036
2022-08-17,-0.00988095637734628,0.008182539667804706,-0.020952870215869633,-0.021700351923622782,0.16108718554830237,-0.007301519543719817,0.000657058219766783,0.010608792786788055,-0.18888888888888888,4.51085950651685,0.3936306504722727,0,0,-0.0065096914314182845,-0.9972162365201829,1.0964124229074714
2022-08-18,-0.0217594579264834,-0.03524893450806524,-0.002996668580822827,-0.0065096914314182845,-0.37918277329829486,-0.002844466510612898,0.008502771611143434,-0.017233075258002006,-0.2916666666666667,4.290459441148391,0.18709483556050122,0,0,-0.10716790958304105,-10.961012564837983,0.07530193867141462
2022-08-19,-0.00649891153850564,-0.01672079627377871,-0.10614765471459632,-0.10716790958304105,0.6778557966479224,-0.00439640617260913,0.006399231734243415,0.05180445701037145,-0.5465116279069767,4.465908118654584,0.3203242502248588,0,1,0.014565304906857087,-0.34854105202434715,2.598421207646985
2022-08-20,-0.10717868947595363,-0.08193671689328537,-0.0010431944549047492,0.014565304906857087,-0.43924581580260486,0.0,0.0,0.0,-0.16129032258064516,3.4657359027997265,-0.6954486775159665,1,1,0.017608426506096567,-0.33623049228048024,3.073967810015591
2022-08-21,0.014565304906857087,0.019320770930543116,0.014688410504295644,0.017608426506096567,-0.13954833579093653,0.0,0.0,0.0,0.0,3.367295829986474,-0.8131952228114666,1,0,-0.005395740129964921,-2.949952610668313,0.15372357681810858
2022-08-22,0.01765908611513132,-0.011594015825878249,-0.008528794677781762,-0.005395740129964921,0.333511515363943,-0.00781252576674173,0.008102473917945113,0.14439445430766584,-0.2235294117647059,4.454347296253507,0.2443757714317486,0,1,0.00602345926973469,-2.410570075381906,1.3231804270971603
2022-08-23,-0.005403409667363383,0.006298828372825525,-1.9147771008596425e-06,0.00602345926973469,-0.1005325307718207,0.007354692223817934,-0.003950942739725579,0.012941168887216881,-0.11235955056179775,4.499809670330265,0.258679248692928,0,0,-0.007508217623966096,-1.8002966416301942,1.7080199481701288
2022-08-24,0.005980004710821528,0.009871854480464426,0.012126193607251822,-0.007508217623966096,-0.14188926121632514,0.0005723115660449006,0.0005522094733157412,-0.05498938644760824,0.16883116883116883,4.356708826689592,0.14124727500433742,0,1,0.008896998430986994,-0.2714734682184814,2.092326113130971
2022-08-25,-0.007509157100969747,-0.0036651559743577544,0.007780014110150915,0.008896998430986994,-0.02595237364413942,0.005648226308946638,-0.0019341390602106753,-0.04664518202952005,0.17105263157894737,4.343805421853684,0.11966450376924687,0,0,-0.06308249760374372,-6.968244547482888,1.5087126537918572
2022-08-26,0.008898402395267489,0.0030608638375960355,-0.05807071236165704,-0.06308249760374372,0.4771374298041162,-0.012364904253983925,0.0030377141651284525,0.1600364595838233,-0.17333333333333334,4.330733340286331,0.13000021960830846,0,0,-0.010102211978267828,-2.2030782843541488,0.7965797443685305
2022-08-27,-0.06317686474981775,-0.07020382669797702,-0.015430834972456278,-0.010102211978267828,-0.5212550288627668,0.0,0.0,0.0,-0.6216216216216216,3.6375861597263857,-0.5895011959423325,1,0,-0.024348306776797283,-2.6170927580816894,0.6644344415961333
2022-08-28,-0.0100078448321937,-0.011423665005991688,-0.014242356715543103,-0.024348306776797283,-0.15449830089710015,0.0,0.0,0.0,-0.1875,3.4965075614664802,-0.7432120421301281,1,1,0.03665548140456874,-0.024650696685998116,4.391938175046398
2022-08-29,-0.024348306776797283,0.01292673055770537,0.001576113837159527,0.03665548140456874,0.41284374084367265,0.0002879603826907875,0.0003675177972352032,0.02511237378979406,-0.0963855421686747,4.430816798843313,0.2141479884176801,0,0,-0.023647029931174457,-3.7454036578898036,1.4219814865623097
2022-08-30,0.036727943511724745,0.006955914519727784,-0.0005520482074692994,-0.023647029931174457,0.19812156864329766,-0.007746165501607033,-0.0006433500252420874,0.0,0.014285714285714285,4.2626798770413155,0.08515780835459248,0,1,0.011959497995954903,-0.06927613784894149,3.3666308988448073
2022-08-31,-0.02365034323234365,-0.004200535808349412,0.013114245269234099,0.011959497995954903,0.07617240566770686,-0.006053512283144235,-0.0006437641909648256,-0.013056953766507983,-0.22988505747126436,4.477336814478207,0.28059177823825077,0,1,0.004053614327647557,-2.4454162456755766,0.7866723762565969
2022-09-01,0.01181154317094317,-0.013840087229927224,-0.011801903082311433,0.004053614327647557,-0.12138366299941074,-0.009503252799611197,0.00906646162845532,-0.012055420023286018,-0.2988505747126437,4.477336814478207,0.25696017370497337,0,0,-0.008961393513317224,-1.8862462002464577,1.527164168525417
2022-09-02,0.004191033354306881,0.011458532250335694,0.009645314781938707,-0.008961393513317224,0.002836003876607046,0.0077501991662910705,-0.001459754489835037,-0.0035273465826869926,0.0125,4.394449154672439,0.16251892951027486,0,0,-0.006030619708257377,-1.5106620945013023,0.5202498549892624
2022-09-03,-0.009064113657192334,-0.019030536648678865,-0.005205552455865677,-0.006030619708257377,-0.5173030737371618,0.0,0.0,0.0,-0.06666666666666667,3.4339872044851463,-0.8034952376954774,1,1,0.008455521077103931,-1.2624802972829479,0.990095423791799
2022-09-04,-0.005958779859894032,-0.0013321640202320147,-0.003548801736073852,0.008455521077103931,-0.007187937577972491,0.0,0.0,0.0,-0.09090909090909091,3.5263605246161616,-0.7103149841520078,1,0,-0.010224944437388826,-1.8493174658275182,0.28444081061527454
2022-09-05,0.00842778836498174,0.001398974945338878,0.0025871493916583693,-0.010224944437388826,0.4243343238534454,0.0,0.0,0.0,-0.06153846153846154,4.189654742026425,0.006615239134104017,0,0,-0.052165052029039496,-5.9702456717877235,1.9169685921359698
2022-09-06,-0.0103007169763456,0.006100333377818063,-0.0514342264969909,-0.052165052029039496,0.4706949426983896,-0.0055129013074622065,0.006189155205598967,0.05499669703613629,0.15217391304347827,4.532599493153256,0.3064914044201468,0,1,0.02637676564806005,-1.5004552119275314,3.521241111546335
2022-09-07,-0.05208927949008263,-0.036122326834935846,-0.0074671474304375705,0.02637676564806005,-0.21495852509079594,0.00872448903953951,-0.0033629002770171786,-0.0881268451739526,-0.1111111111111111,4.770684624465665,0.4855078157902478,0,1,0.0013948813284810479,-1.4663683871360829,0.8537102033410897
2022-09-08,0.026377283974931956,-0.00029854343399218845,0.026717633895974587,0.0013948813284810479,-0.08941297801946003,-0.004264925533494193,-0.001184215634893301,-0.042700736945736,0.01,4.61512051684126,0.30303746054497555,0,1,0.10039623993986292,-0.14513805682185574,11.143567875177828
2022-09-09,0.0014342177543325394,0.10429345804684838,0.014607184631623525,0.10039623993986292,0.4898260019332662,0.004789420573202699,-0.006492630255279525,-0.035348493518901854,0.3838383838383838,4.605170185988092,0.25689583812920236,0,1,0.013403613252505489,-1.1724774330759276,2.0880096071184413
2022-09-10,0.10042707520838305,0.009840657259268998,0.09012284617732229,0.013403613252505489,-0.33117869991048565,0.0,0.0,0.0,0.16129032258064516,3.4657359027997265,-0.906100740936147,1,1,0.008213002469083833,-1.387703746933985,0.9729705604419184
2022-09-11,0.013280723871269672,0.0022532227857403,0.011251350113925003,0.008213002469083833,-0.09279555740214793,0.0,0.0,0.0,0.4444444444444444,3.6109179126442243,-0.762140052019119,1,1,0.02572898259027063,-1.329928390787579,2.9840053991173336
2022-09-12,0.008265201829076158,0.02832335085583826,0.0087907560305481,0.02572898259027063,0.34259125586864236,0.0069100090105372255,-0.006165741369104572,0.046300592079318664,0.28,4.61512051684126,0.1967102942560544,0,0,-0.10449743036114226,-12.016310358630157,1.7845913146081713
2022-09-13,0.025715587095889593,0.013734841745179052,-0.08113483708815498,-0.10449743036114226,0.08834205785806343,-0.013457414214637989,0.013660518211814986,0.13316473813460536,0.102803738317757,4.68213122712422,0.23861644662680012,0,1,0.002630676354029713,-2.7945189854019574,1.8072924590174182
2022-09-14,-0.1044815563794117,-0.10427041891704959,-0.01227951662886032,0.002630676354029713,-0.23685562561910767,-0.004997805493332346,-0.0014579557008275166,-0.04155569288771608,-0.10344827586206896,4.477336814478207,0.08388148399219648,0,0,-0.026289945533484776,-3.6743400615894046,0.5105424588328163
2022-09-15,0.002650939813807191,-0.010336823647816188,-0.00616753440784471,-0.026289945533484776,-0.02302130136218069,-0.018501955762987212,0.0007292087935142861,0.004196100366660546,-0.12658227848101267,4.382026634673881,0.025642430625995815,0,1,0.00513452781707948,-1.9572716280149252,0.9503030203149925
2022-09-16,-0.02631268748061166,-0.02189233991866299,-0.009119261197739958,0.00513452781707948,-0.16011365914681602,0.003775694038622129,0.00018227127577533967,0.0011412890518258574,-0.3026315789473684,4.343805421853684,0.03053672387323974,0,1,0.0155486070502051,-0.2792319048255569,1.928931114827634
2022-09-17,0.00513452781707948,0.01492080876220587,0.021914925048973136,0.0155486070502051,-0.45889773967626146,0.0,0.0,0.0,0.3333333333333333,3.5263605246161616,-0.8075575317073866,1,0,-0.03529045844411419,-3.9448206783675035,0.018095552520519812
2022-09-18,0.015498391059285105,-0.0035597485728662637,-0.021107280685214478,-0.03529045844411419,0.3488495170418358,0.0,0.0,0.0,0.05263157894736842,2.995732273553991,-1.3262569728104794,1,1,0.006204388221696427,-6.289773238824455,1.3811143573727214
2022-09-19,-0.03517483522752661,-0.021660270395592086,-0.05873998404868367,0.006204388221696427,0.4033286954809715,-0.003295488264191871,-0.00018227127577535225,-0.0207460000532964,-0.17721518987341772,4.382026634673881,0.14157189763305653,0,0,-0.03447283217250921,-4.315304546327763,0.4983207339275943
2022-09-20,0.0061389809960288805,-0.0026235480127548205,0.025949075146663256,-0.03447283217250921,-0.1604718204276973,-0.0039087215289053045,0.004364467365699315,0.05292238695106717,0.045454545454545456,4.48863636973214,0.28984892054823486,0,0,-0.022158395968022992,-4.049202689050652,5.569155486370249
2022-09-21,-0.03450938913209739,0.016235515351917265,-0.03181181359973805,-0.022158395968022992,0.17228494925563353,0.002948005938547933,0.0038033023097084587,0.030101998277705832,-0.20212765957446807,4.553876891600541,0.34073663541830873,0,1,0.049677183991239306,-0.570215640125771,5.730408287867614
2022-09-22,-0.022121839008434802,-0.020545867953049326,0.012631474521225818,0.049677183991239306,-0.014947188977989823,0.0037177432020477504,0.006396698159980396,-0.023130752534395428,-0.19444444444444445,4.290459441148391,0.08917822508860902,0,0,-0.005774921881411174,-4.588941330929801,0.505738241139634
2022-09-23,0.049677183991239306,-0.002569516476040556,0.009489927083198905,-0.005774921881411174,0.017159655384830295,-0.015379814777475905,0.01638946421349796,0.08981061284051299,0.07246376811594203,4.248495242049359,0.06191945562571745,0,0,-0.019336170941039267,-2.544128922024738,0.13588545855435483
2022-09-24,-0.005844390662998188,-0.00947344970726414,0.01467320220763948,-0.019336170941039267,-0.47700528410668014,0.0,0.0,0.0,0.17647058823529413,3.5553480614894135,-0.648026745250064,1,0,-0.0059966443373075,-1.5515748136586325,1.3633027964608337
2022-09-25,-0.019187954698554634,-0.007061997561974215,-0.009410629857378203,-0.0059966443373075,-0.2252638067797736,0.0,0.0,0.0,0.03571428571428571,3.367295829986474,-0.8617698929600238,1,1,0.02210884264131569,-0.6757370043430833,2.6837651109183067
2022-09-26,-0.005982347547089705,0.00720797880726709,0.002761733755847873,0.02210884264131569,0.8317689057757521,-0.013461623673598822,0.008007399281431156,0.07530086501150463,0.13114754098360656,4.127134385045092,-0.043534938775046154,0,0,-0.00776312114359553,-2.1633610265539005,5.84833346247181
2022-09-27,0.02195650753995737,0.05375452615685068,0.007232602419207459,-0.00776312114359553,0.30058981789638084,0.0020922483593887654,8.765730053012171e-05,0.010484220898846989,0.20430107526881722,4.543294782270004,0.36704230271664356,0,1,0.01733860506675769,-3.237797411624755,3.658169211820738
2022-09-28,-0.00775781744075572,-0.029664763650106146,-0.018507484994304067,0.01733860506675769,-0.12914439556941884,0.020505159126874725,-0.013321198641120732,-0.07713277811500176,-0.049019607843137254,4.634728988229636,0.4418327522888433,0,1,0.009162636565833372,-2.9791649721755986,1.1915649936732502
2022-09-29,0.01739259221416083,-0.007327437114717374,0.019924929461249324,0.009162636565833372,-0.24909036177704563,-0.0011449724954999327,-0.00311317553190382,0.053543902316957874,0.13186813186813187,4.5217885770490405,0.2871589230916963,0,0,-0.008658457767896248,-2.2513737104300118,2.9843445176046317
2022-09-30,0.0091131240977416,0.02709043180514711,0.016440549183289164,-0.008658457767896248,0.08915242636196166,0.002348776643889567,-0.0011587758289690847,-0.006933507445969212,0.1388888888888889,4.290459441148391,0.04670899797949639,0,0,-0.00576555882359139,-1.3643350675182577,0.31557645833346376
2022-10-01,-0.008608945299804585,-0.0353461383606079,0.00021192866122130013,-0.00576555882359139,-0.9868246309998826,0.0,0.0,0.0,0.0,3.2188758248682006,-1.0308941145714923,1,0,-0.013248299277497894,-2.0434230141823657,0.4389926562984329
2022-10-02,-0.0056987595767927545,-0.004531396843941812,-0.012556438290232614,-0.013248299277497894,0.22208540262250698,0.0,0.0,0.0,0.10714285714285714,3.367295829986474,-0.8767434347501863,1,1,0.029588146889959064,-0.5109374212556128,3.4163715927895457
2022-10-03,-0.013265773516034933,0.016525490087413303,0.0020765566517696797,0.029588146889959064,0.3503573251910087,0.01818069303365146,-0.0033055172997164687,-0.04926467389430347,0.24050632911392406,4.382026634673881,0.12299551206012105,0,1,0.0354700667521785,-0.7079842086252908,4.219248958930185
2022-10-04,0.02953882188169751,0.03761692055136541,0.02761767901626233,0.0354700667521785,0.10782710399408738,0.016520558026136455,-0.015147709230938796,-0.034818480355421226,0.39622641509433965,4.672828834461906,0.39074912348508534,0,0,-0.008868076947532767,-3.0341886867485743,0.1364996077152215
2022-10-05,0.0354700667521785,-0.005357426759971188,0.012208021970945686,-0.008868076947532767,-0.04622554197542265,-0.005651843841279974,0.00904410616869055,-0.018049794693725838,0.3191489361702128,4.553876891600541,0.286669414148033,0,0,-0.009850292500254246,-1.525900073953515,1.4691438851811582
2022-10-06,-0.008868076947532767,0.004458365827126507,0.006214809180417825,-0.009850292500254246,0.024931375428756827,0.00017523692601385205,0.01065699811193436,0.06672531203596996,0.20202020202020202,4.605170185988092,0.3224298795082751,0,0,-0.02180748428132239,-3.262300866985078,0.5403529405347027
2022-10-07,-0.009850292500254246,-0.019138201946718895,-0.027214300430569875,-0.02180748428132239,-0.3711065024995245,-0.006564674728268202,0.004798737575184137,0.02715099352988201,-0.10344827586206896,4.477336814478207,0.16377539321296208,0,0,-0.005757942171450429,-1.5113567633293854,0.4969177027839043
2022-10-08,-0.02180748428132239,-0.02224183665883033,-0.004298043244765571,-0.005757942171450429,-0.7679275843385603,0.0,0.0,0.0,-0.11904761904761904,3.7612001156935624,-0.5986869795335156,1,1,0.001083975237505919,-0.5262572170182165,0.7185998888633505
2022-10-09,-0.005832103071797632,-0.003541120310656024,0.0040930532916613,0.001083975237505919,0.10565951154317658,0.0,0.0,0.0,0.26666666666666666,3.4339872044851463,-0.9388905637580626,1,0,-0.015926855342589977,-2.1778185149208507,0.4413309486793973
2022-10-10,0.0012064913159047087,-0.0016887141643336665,-0.015431637741520477,-0.015926855342589977,0.6236566743576963,-0.01971674459509101,0.0030096184018033796,0.03416725171638206,0.18181818181818182,4.48863636973214,0.12062798779997846,0,0,-0.003763632670309744,-1.4312253691054322,0.7094828817726987
2022-10-11,-0.015975210520641586,-0.01324533601165698,-0.008460923884435777,-0.003763632670309744,0.13602471136162855,0.006814074389340839,0.0007068548698534303,0.03571809085163382,0.14655172413793102,4.762173934797756,0.37873204591971626,0,1,0.00499954855969873,-0.495032289621009,0.9311705315697912
2022-10-12,-0.003763632670309744,-0.0015467561723388546,0.005598298124534449,0.00499954855969873,-0.12984566492767713,-0.005016375012451831,0.0008828328790661354,-0.0017857556117495637,0.031578947368421054,4.564348191467836,0.1772218007390965,0,1,0.011398838108565434,-5.171945425572395,1.852994833753727
2022-10-13,0.0049771004819710585,0.014217791581538295,-0.041769582799815096,0.011398838108565434,0.6256922201432457,-0.00017965381824740632,-0.00850766460112135,-0.04977364239369622,-0.15306122448979592,4.59511985013459,0.210109333485507,0,0,-0.010282290815579725,-1.5854463267800767,2.933258838460337
2022-10-14,0.011444511567196902,0.022201478155631654,0.04726382909648854,-0.010282290815579725,-0.1282642813880941,-0.01709136585274509,0.008419396178069208,0.0025015623572302516,0.21428571428571427,4.59511985013459,0.19051832400833726,0,0,-0.0056235623928088925,-1.0576184676032445,0.26429134179822356
2022-10-15,-0.010305516196483414,-0.03697196578220073,-0.005004012223811329,-0.0056235623928088925,-1.1277307054169203,0.0,0.0,0.0,0.0,3.58351893845611,-0.8266785731558967,1,1,0.010100687533673864,-0.02963302535795864,1.8519706876060593
2022-10-16,-0.005675479402169951,0.01025323106526928,0.004656292029644047,0.010100687533673864,0.14714217805260932,0.0,0.0,0.0,-0.15625,3.4965075614664802,-0.9198557980074015,1,1,0.014783006060808625,-0.5776403989175042,2.126328892782856
2022-10-17,0.01015260454303495,0.012844269585441782,0.004620613798078282,0.014783006060808625,0.5243335260153602,0.009276477868507263,-0.011271445282878627,-0.02050867290942354,0.1411764705882353,4.454347296253507,0.062411932402295346,0,0,-0.011442277457683746,-2.375110546789198,0.7988524396372144
2022-10-18,0.014712414828517269,0.0015082415293520934,-0.003191695417908297,-0.011442277457683746,0.1555482668992372,-0.004839694866963967,0.0008029294148257124,-0.028125365341958763,0.13829787234042554,4.553876891600541,0.2032068368270909,0,0,-0.010583325769578811,-1.3620777234172041,0.16914984543601394
2022-10-19,-0.011371686225392435,-0.017739303399695802,-0.0013119492239639296,-0.010583325769578811,-0.33540050598995025,-0.013123948476874548,0.007551953631585036,0.00848846846496936,-0.02197802197802198,4.5217885770490405,0.17824823141730783,0,0,-0.004299657437842867,-1.178059998755487,1.1637229577147938
2022-10-20,-0.010615746341794411,-0.0006375946467909915,-0.008743148522961527,-0.004299657437842867,0.1830616692322459,0.00202562680358335,-0.0008855583970681394,-0.02568467467285204,0.10309278350515463,4.584967478670572,0.2439776382273611,0,1,0.006409961253210738,-2.0796718525484206,1.0868196118484503
2022-10-21,-0.004267236865627255,-0.005068690896506178,-0.013315775975772175,0.006409961253210738,0.1863197280288448,0.012310443033820328,-0.007737111117251775,-0.009720170642020446,0.025,4.394449154672439,0.08571351828652991,0,1,0.0020839900038091583,-0.26987438882203757,0.4821805129231383
2022-10-22,0.006409961253210738,0.0003635702639575435,0.024507935890474494,0.0020839900038091583,-0.8917204107633976,0.0,0.0,0.0,0.1891891891891892,3.6375861597263857,-0.6892787037549979,1,1,0.018881404774908718,-0.7014628054298142,2.5227980550540687
2022-10-23,0.0020808657067759974,0.02249016542511837,-0.002231894162268624,0.018881404774908718,0.4141907446376086,0.0,0.0,0.0,0.0,3.58351893845611,-0.7506456725925903,1,0,-0.012374412787988572,-2.135003656427314,0.15700173374015083
2022-10-24,0.01888452907194185,-0.004776558438230487,0.004545996264933553,-0.012374412787988572,0.4274977642319609,-0.0013940959691325695,-0.00017860957601919478,0.005374545854703685,0.1836734693877551,4.59511985013459,0.254234138394445,0,1,0.03808397301398036,-0.48082999352042527,5.466873172799873
2022-10-25,-0.012328888074269235,0.0407243016026087,0.004167323841080465,0.03808397301398036,0.24219971786469122,0.0024837799570480903,-0.009329940646513296,-0.04768529212537634,0.18269230769230768,4.653960350157523,0.2950350467666552,0,1,0.033858406805051616,-0.14781784519208285,4.574658457557593
2022-10-26,0.03798615627869188,0.029161825861557692,0.04141409449726388,0.033858406805051616,0.15343321883893413,0.006753493473110318,-0.011330282410837927,-0.04234570234723907,0.4111111111111111,4.51085950651685,0.15230054055020803,0,0,-0.023206217347907374,-2.790358327112158,0.4832421431710537
2022-10-27,0.033911661679747074,-0.007055756338814025,0.007433001985850792,-0.023206217347907374,-0.1464931669915702,-0.001985171570581598,0.008080296510916551,0.004024102845698542,0.17073170731707318,4.418840607796598,0.08732818359405181,0,1,0.014514910485440964,-1.4643196786507189,2.216627634633416
2022-10-28,-0.023207180201033812,-0.005872362433283797,-0.009945830863292999,0.014514910485440964,-0.13535242403682668,-0.012786876070645195,0.0007231477585397116,-0.06174333388150429,0.02531645569620253,4.382026634673881,0.051959738943369395,0,1,0.01052290170330112,-0.18388250897467928,2.3667006382709013
2022-10-29,0.014514910485440964,0.016015640521815866,0.027319282182201372,0.01052290170330112,-0.11882156945968742,0.0,0.0,0.0,0.4117647058823529,3.5553480614894135,-0.7853969141817524,1,0,-0.008793615102669194,-1.426145662496599,0.5823564021221751
2022-10-30,0.010523382249009105,-0.0073205406581859245,-0.0018997298319179887,-0.008793615102669194,-0.27916921390897675,0.0,0.0,0.0,0.41379310344827586,3.4011973816621555,-0.9329007864052926,1,0,-0.006651090639639452,-1.9064612711791544,1.0534078226621744
2022-10-31,-0.008794095648376977,-0.004083100897269332,-0.013596771189494709,-0.006651090639639452,0.4539737677932091,-0.002259168215868315,0.007740818329862942,0.00503581009507937,0.1978021978021978,4.5217885770490405,0.22432163903262972,0,0,-0.00034753441282134187,-0.7839050389254639,1.0160623494516627
2022-11-01,-0.006651090639639452,-0.007024545371744555,0.004574471682897671,-0.00034753441282134187,-0.08105609392754184,0.005547257675413403,-0.0004483693352041757,-0.0027084441661897746,0.3645833333333333,4.574710978503383,0.29365223944870145,0,0,-0.016329943003790245,-2.1494149000770943,1.5327444343286858
2022-11-02,-0.00038707898627350705,0.004819286435948922,-0.014002633024337647,-0.016329943003790245,0.2889486009810922,0.0004254117317392756,-0.001166852726247293,0.0019354039072249207,0.09433962264150944,4.672828834461906,0.3613063686683853,0,1,0.002774058844848819,-0.6002544459344952,1.191179688580463
2022-11-03,-0.01629039843033813,-0.019745590461272475,-0.0008383384623644075,0.002774058844848819,-0.15772552541927223,-0.011243566259035888,0.014089780437994661,-0.021893031368095072,0.1919191919191919,4.605170185988092,0.2606341602398094,0,1,0.04550026847944526,-0.1330072557765804,5.273365401062145
2022-11-04,0.0027394181896818566,0.04359591596966566,0.007446530746428053,0.04550026847944526,0.3516524695092249,0.02739728333020796,-0.018319649767092352,-0.03009254241419883,0.2857142857142857,4.356708826689592,0.013072081580339739,0,1,0.007107568128679593,-0.3214368572102795,1.5582603205963783
2022-11-05,0.045534909134612306,0.008349217674787628,0.04361597246510817,0.007107568128679593,-0.6136301164745289,0.0,0.0,0.0,0.375,3.4965075614664802,-0.8612309546598778,1,0,-0.018661385830795497,-1.9592192510124606,0.30892116941909925
2022-11-06,0.007107568128679593,-0.005385823383093254,-0.009270255809342248,-0.018661385830795497,-0.0655536641871069,0.0,0.0,0.0,-0.1111111111111111,3.332204510175204,-1.027349268609582,1,0,-0.015155708438383623,-2.5222168850317117,0.782320277983983
2022-11-07,-0.018661385830795497,-0.01392739474514677,-0.024291362170988054,-0.015155708438383623,0.5201267743564211,0.0023887739038996633,-0.00687780545470644,-0.008179957968859137,0.012658227848101266,4.382026634673881,0.06925123605343034,0,0,-0.10453994878635704,-18.18813670245652,0.5315810901015648
2022-11-08,-0.01517804840409761,-0.017663100317207733,-0.17181490661263168,-0.10453994878635704,0.6758792928524221,0.02101238604477114,-0.004550840542671772,0.047714021256488805,-0.30434782608695654,4.532599493153256,0.22937410107571546,0,0,-0.15256777937932994,-17.38190642811699,0.21828478259018763
2022-11-09,-0.10461735914835146,-0.1076729118614709,-0.09647764604296169,-0.15256777937932994,-0.03856542557449322,-0.0011688389084410285,0.008448070235228422,0.0213062185459617,-0.4659090909090909,4.48863636973214,0.22071144635696105,0,1,0.10021156844027021,-1.0641867488274785,13.361397513996703
2022-11-10,-0.15247619347301988,-0.02113665206526464,0.010609417413565027,0.10021156844027021,-0.18476863469838262,0.023235395651179536,-0.021394159785777994,-0.10327587307618198,-0.358695652173913,4.532599493153256,0.2794346030326335,0,0,-0.030623543661599414,-7.302711491502984,0.5317872978853901
2022-11-11,0.10029358894460279,-0.028084533720843095,0.03782632101351525,-0.030623543661599414,-0.4356966472588322,0.008929872470112414,-0.017902558963927975,-0.0438724083225021,-0.14814814814814814,4.406719247264253,0.14391517594557734,0,0,-0.015243021519595541,-2.6048823560529417,0.285410208130881
2022-11-12,-0.030716731742007036,-0.033087314559144494,0.016354747692900958,-0.015243021519595541,-0.8523236640700321,0.0,0.0,0.0,-0.4166666666666667,3.2188758248682006,-1.0560526742076473,1,0,-0.02910295424526251,-3.529791030363301,0.8422633689090979
2022-11-13,-0.01515945206238237,-0.009674489911813222,-0.024492108262699114,-0.02910295424526251,0.09725210816572416,0.0,0.0,0.0,-0.2222222222222222,2.9444389791664403,-1.324925414688043,1,1,0.017579576532614275,-3.2022586189623876,5.13330980026426
2022-11-14,-0.029049010217902852,0.013807510068288988,-0.02582763013125349,0.017579576532614275,0.720581928232661,0.004294263372937783,0.003475023347901319,0.05233622755869435,-0.12,4.330733340286331,0.11066556790085293,0,1,0.01677305124617919,-0.5535326639639507,3.0530765612858586
2022-11-15,0.01735669302196244,-0.0032227558571695618,0.044066836082598676,0.01677305124617919,-0.29718230091625614,0.00011279993292139435,-0.002440648258365769,0.03356442543314979,-0.16,4.330733340286331,0.14750613712192318,0,0,-0.014171059886846265,-3.137113393162325,0.6802027258523474
2022-11-16,0.016877753269731614,-0.006955687108156141,-0.009062756045804662,-0.014171059886846265,-0.07713440054056334,-0.0004511383955566457,-0.001128481842625985,-0.01767775908195146,-0.3815789473684211,4.343805421853684,0.1875986139079563,0,1,0.0017868218880000477,-1.5240290744186527,0.5281668697487042
2022-11-17,-0.014240078445964045,-0.015691418447882712,0.001959783300590565,0.0017868218880000477,-0.13689250143375223,-0.006904748131308381,0.0038503466806623084,-0.007493802835230617,-0.11627906976744186,4.465908118654584,0.32491141423176484,0,1,0.00047255399539148176,-0.8816312904273855,1.889708245538323
2022-11-18,0.0018558404471178194,0.015402235645896163,0.008210799727912598,0.00047255399539148176,-0.06249352829886948,-0.005067351765360675,0.00224696153599504,-0.03443483456993681,-0.25675675675675674,4.31748811353631,0.19085204669119984,0,1,1.377198915139681e-05,-0.883629303675156,0.7276260920862453
2022-11-19,0.0004114759316188983,-0.01114826753912942,0.00045257386291370176,1.377198915139681e-05,-0.713413656045909,0.0,0.0,0.0,-0.3448275862068966,3.4011973816621555,-0.7575317489262198,1,0,-0.025497948917879515,-3.1673525526259882,0.31476073253312375
2022-11-20,7.485005292401774e-05,-0.004114881606379647,-0.022823460500356888,-0.025497948917879515,0.3887967232804644,0.0,0.0,0.0,-0.17857142857142858,3.367295829986474,-0.8154551107789041,1,0,-0.031126427112839597,-5.066105140045949,0.23785849100715056
2022-11-21,-0.02554278958456319,-0.02626697133313918,-0.04448547479207906,-0.031126427112839597,0.7386367341488574,-0.008311170299651035,0.008474195582724574,-0.03342440451971913,-0.45,4.61512051684126,0.4026120391357579,0,1,0.02784776288354211,-1.0488689031211407,3.3259868919397593
2022-11-22,-0.03108158644615582,-0.00024514310351357105,0.009045935256408448,0.02784776288354211,-0.30228875598361626,0.0005178953391911294,-0.005765803420843452,-0.04903615367539873,-0.34065934065934067,4.5217885770490405,0.2746847488665207,0,1,0.02291720320295262,-0.4121394755440462,2.9095112324286
2022-11-23,0.027910619339752633,0.023683006288430647,0.034215057159313014,0.02291720320295262,0.10070288318745398,0.0037896091787737837,-0.010689266085797827,-0.04515659127403576,0.08080808080808081,4.605170185988092,0.312518995608821,0,0,-0.00025058686248794284,-0.8775307997261463,1.2540362461789756
2022-11-24,0.02285434674674206,0.00636245334045634,0.0182632899611316,-0.00025058686248794284,-0.24883737058177524,0.0,0.0,0.0,-0.06451612903225806,4.143134726391533,-0.10697211953603881,0,0,-0.004638140695062483,-1.5551395079054267,0.4031275610121733
2022-11-25,-0.00021444065105894323,-0.008759673714155957,-0.007026673944280617,-0.004638140695062483,-0.126121304592903,0.004802492929499426,-0.0011318879350676588,0.00734395551031755,-0.08571428571428572,4.2626798770413155,0.022704793708042896,0,0,-0.003854985458206651,-0.8335017504052947,1.0826574345336821
2022-11-26,-0.004722102678987221,0.0021571580401524675,0.002578236879938861,-0.003854985458206651,-0.001564623126526564,0.0,0.0,0.0,-0.037037037037037035,3.332204510175204,-0.9257694757916618,1,0,-0.0018116393171025897,-0.35040056156521915,0.8556381165873477
2022-11-27,-0.0038654996620492116,-0.006125178637670026,0.0009760264301939915,-0.0018116393171025897,-0.11518009311210613,0.0,0.0,0.0,-0.027777777777777776,3.6109179126442243,-0.6547198033982822,1,0,-0.013226836427965193,-2.6741621345424402,0.35399428505164104
2022-11-28,-0.0017539180288741213,-0.006828077632459651,-0.025049255046874858,-0.013226836427965193,0.4444312427889008,-0.007557185534083681,0.006772046410920948,0.08011771054057051,-0.4050632911392405,4.382026634673881,0.1754734493087378,0,1,0.014063432280211978,-0.6988566461139007,2.050031471426253
2022-11-29,-0.013271254600235784,0.003733535435781009,0.006526218456320285,0.014063432280211978,-0.018327743150371723,0.004758529161550502,0.0013114698802291762,-0.014512713032827779,0.028985507246376812,4.248495242049359,0.08870677158936723,0,1,0.04292192204564575,-0.08658132994474839,4.788290005072355
2022-11-30,0.01413156967218412,0.041446017616673006,0.020186185441903592,0.04292192204564575,0.19994109143859096,-0.001373640553271435,-0.00817791614415501,-0.06171015695339056,-0.025,4.394449154672439,0.28056460469541694,0,0,-0.010911911994265286,-1.814525079580821,0.9299630574966258
2022-12-01,0.04300892195377072,0.004338652569888525,0.025642484549285093,-0.010911911994265286,-0.26354035868161785,0.0310701183883798,-0.01158161407228051,-0.036619617151065965,0.19672131147540983,4.127134385045092,0.01177869920900609,0,1,0.006772531170246441,-1.122587030525961,0.7532214315412183
2022-12-02,-0.010984914901355017,-0.012679328253819205,-0.003992531503716683,0.006772531170246441,-0.1401492081175816,-0.002891273168903714,-0.001720186774172672,-0.040108239341404936,-0.14754098360655737,4.127134385045092,0.03333642028398511,0,0,-0.012216313353321956,-1.3784595268428175,0.5614668857128958
2022-12-03,0.006699735334573798,0.004854985711963058,0.004213806207077998,-0.012216313353321956,-0.26963899467141744,0.0,0.0,0.0,0.10344827586206896,3.4011973816621555,-0.7150725411544281,1,1,0.012974242698661298,-0.041168779245971385,1.8636987868211288
2022-12-04,-0.012180625050276415,0.0008060056577604501,0.0011565941226464335,0.012974242698661298,0.14478618306867785,0.0,0.0,0.0,-0.04,3.258096538021482,-0.836628903997636,1,0,-0.008179770631694087,-1.4052691022857027,1.8451172814649845
2022-12-05,0.013029778199744728,0.012788427645099621,-0.0006667605317361196,-0.008179770631694087,0.26879653371601914,-0.015996748721572914,0.007053001499860474,0.08495437647046357,0.0759493670886076,4.382026634673881,0.3139431235738429,0,1,0.007200670308000258,-0.3541496678747746,0.8256350358973067
2022-12-06,-0.008235306132777414,-0.018374593087370772,0.002331423712415266,0.007200670308000258,-0.06621072149786443,0.0010744618189316108,0.0027505201743270404,0.06619378039282739,-0.1625,4.394449154672439,0.29965826351099667,0,0,-0.014875177009226765,-2.4292390389529386,0.3111202039142772
2022-12-07,0.007200670308000258,0.00205552198816978,-0.013550223402781378,-0.014875177009226765,0.008769725432064206,0.009114472318120768,-0.0045567133737352125,0.022743465245738823,-0.12987012987012986,4.356708826689592,0.26869222157245787,0,1,0.022752101931693153,-0.6145363430267715,2.709123239902627
2022-12-08,-0.014875177009226765,0.00910485335065686,0.0032718499500348636,0.022752101931693153,0.0689899989937921,0.0017905836665891154,-0.0031448240406603246,-0.017345303844040455,-0.16393442622950818,4.127134385045092,0.035760663895491596,0,0,-0.005562320142259912,-0.9677953137219534,0.7859143334697144
2022-12-09,0.022752101931693153,0.0035200128673638347,0.019219512224741265,-0.005562320142259912,0.008441152091579815,0.005241466558799575,0.00038172456455547724,0.023937268728642467,0.06944444444444445,4.290459441148391,0.17520408903897955,0,0,-6.247071687181942e-05,-0.21367279734686973,0.577246869251496
2022-12-10,-0.005562320142259912,-0.007648994784441952,0.0019789050214910177,-6.247071687181942e-05,-0.5283085902134033,0.0,0.0,0.0,-0.18518518518518517,3.332204510175204,-0.8008858185857021,1,0,-0.0024809629316508166,-0.3303657639759591,0.834344031797045
2022-12-11,-6.247071687181942e-05,0.0025085009085835325,-0.0012294003831627423,-0.0024809629316508166,0.09953776699217047,0.0,0.0,0.0,0.047619047619047616,3.091042453358316,-1.042653634972446,1,1,0.007276920090016073,-1.2557259439188422,0.9138075890329564
2022-12-12,-0.0024809629316508166,-0.0016863273592916139,-0.011734564731079637,0.007276920090016073,0.3762694558455126,-0.009836314542059353,0.0030484895737136015,0.09080036766832521,-0.07142857142857142,4.2626798770413155,0.18313821671479633,0,1,0.032295365713004065,-0.7564347148598476,4.489102569942379
2022-12-13,0.007224623028750294,0.04302986989911059,0.012269832380606183,0.032295365713004065,0.22906177311432155,0.01858501310552256,-0.010999048222175586,-0.10314079275274912,0.06741573033707865,4.499809670330265,0.40146029699988767,0,1,0.0015993100237424041,-0.6420676517402107,3.3919460865867066
2022-12-14,0.03241067169792948,0.021323800879447297,0.03343903634420043,0.0015993100237424041,-0.0645488693613773,-0.0035345617904352757,-0.0020217259725492077,-0.06456808054524123,-0.012345679012345678,4.406719247264253,0.29772647005771624,0,0,-0.025417550422032496,-3.0085516284273006,0.2898091852363547
2022-12-15,0.0015846059915800637,-0.02942205898976125,-0.022065529743128674,-0.025417550422032496,-0.17573935072810382,-0.0169056104459163,0.0075841666991972876,0.0769085056296651,-0.0273972602739726,4.30406509320417,0.16563186221491324,0,0,-0.042622091974556034,-4.894308828450891,1.0054524515842767
2022-12-16,-0.025430134134611905,-0.01826111775855328,-0.04427512242226829,-0.042622091974556034,0.12457188434947437,0.007176555247797316,0.0013380427622182729,-0.009240949410513647,-0.2537313432835821,4.219507705176107,0.09147957287940787,0,1,0.008644524244231441,-0.3147662915306698,0.9853817241227004
2022-12-17,-0.0426950911166103,-0.04282279924917182,0.0031733333946460988,0.008644524244231441,-0.5593558325433611,0.0,0.0,0.0,-0.4482758620689655,3.4011973816621555,-0.750579229611338,1,0,-0.0022861599473239873,-0.6785396309264317,0.5157001159638243
2022-12-18,0.008742599619085845,0.00394770816264276,0.005006790850273869,-0.0022861599473239873,-0.2515174710547298,0.0,0.0,0.0,-0.037037037037037035,3.332204510175204,-0.8358952282523548,1,0,-0.018044869047170384,-2.92136038836118,0.4636089628871226
2022-12-19,-0.002299761072365247,-0.0028070714780909635,-0.02471436752167146,-0.018044869047170384,0.46389913775067887,-0.0012857697271356746,0.00019104452962153448,-0.008881086742406634,-0.11428571428571428,4.2626798770413155,0.11676314776992382,0,1,0.027401604731458414,-0.2538672240117135,3.7161721647996258
2022-12-20,-0.018092065333847027,0.01448076297195474,0.008630062596324253,0.027401604731458414,0.3287728372127396,0.015651375902693578,-0.007187725527677756,-0.04283117271744946,-0.2222222222222222,4.406719247264253,0.28123610815830097,0,0,-0.004204603849787203,-1.0265848119108543,0.174095328024442
2022-12-21,0.027436524538716513,-0.008019163636293526,0.019674428852467125,-0.004204603849787203,-0.4616441988165634,0.0,0.0018258058879629148,-0.06789610072682875,-0.3020833333333333,4.574710978503383,0.4166885704884306,0,0,-0.00019259290140687945,-1.5865170723231705,0.2602901343406607
2022-12-22,-0.004238929291923654,-0.0033426557866249942,-0.009803926453910433,-0.00019259290140687945,0.11569448433071691,-0.016042989850930472,0.0025887797949984497,0.09045170754006276,-0.05333333333333334,4.330733340286331,0.16532398043871702,0,0,-0.002555363857047274,-0.5382612713790186,0.791736392789439
2022-12-23,-0.00016524710721421243,0.00512186968308097,0.010289965108034612,-0.002555363857047274,-0.08553705149565671,0.004968066459595485,-0.0011497821311718512,-0.05136509384120208,0.0,4.1588830833596715,1.587285858293989e-11,0,1,0.003428273556819251,-0.011205443473117648,0.5437998879620654
2022-12-24,-0.002582112015403146,-0.0050347289053209576,0.002715194422011643,0.003428273556819251,-0.4777878753317918,0.0,0.0,0.0,0.0,3.258096538021482,-0.9151472211320761,1,0,-0.00023820676162420736,-0.6861163986140106,0.12963703450961256
2022-12-25,0.0034039168054822836,-0.0007133549777054171,-0.0033208359945897533,-0.00023820676162420736,0.22442551862225465,0.0,0.0,0.0,-0.038461538461538464,3.295836866004329,-0.8736355562337774,1,1,0.005171929813683699,-0.244534312771574,0.6656106012651095
2022-12-26,-0.0002150420112456784,0.005121528905930636,0.004177614096800323,0.005171929813683699,-0.0070164099316731045,0.0,0.0,0.0,0.0,3.9889840465642745,-0.12166885729583463,0,0,-0.01267081627317635,-1.9517350376631284,0.3153528702885326
2022-12-27,0.005171929813683699,0.001669352503917859,-0.011900077435231913,-0.01267081627317635,0.3327954099174021,0.010468993076297851,-0.0012470360362272102,0.036692675527112216,-0.03333333333333333,4.110873864173311,0.053802706009642855,0,0,-0.00956593439752758,-1.4532527103651482,0.4707464752998992
2022-12-28,-0.012688773667463094,-0.011116880223062718,-0.007685993000196571,-0.00956593439752758,0.10526970863094763,-0.0038093315032526956,0.0026840389974125013,0.022380462884019337,-0.04285714285714286,4.2626798770413155,0.27551153684581137,0,1,0.005193379640446887,-0.35355171283364195,0.7051756744601326
2022-12-29,-0.009547372675590178,-0.007221642405925373,0.0014310755777875639,0.005193379640446887,-0.18148993961258703,0.0063957738601456895,-0.005952996554838216,-0.032127538600664654,-0.06060606060606061,4.204692619390966,0.2411620568320397,0,0,-0.0015637342071172207,-1.8229329417472189,0.26345809188112357
2022-12-30,0.0051927753127962075,0.0007762038146569083,-0.009500432648688956,-0.0015637342071172207,0.024043272007118244,0.0001098874339190406,-0.003086419364217248,0.010670457956980314,-0.27941176470588236,4.23410650459726,0.25733491607719505,0,0,-0.003926414431065476,-0.831265209180824,0.2202002178719473
2022-12-31,-0.0015637342071172207,-0.001996312947209106,0.00835294311854678,-0.003926414431065476,-0.36494691681811675,0.0,0.0,0.0,-0.16666666666666666,3.2188758248682006,-0.7813978686096447,1,1,0.004484440922006132,-0.2626402743828874,0.5161239540099354
2023-01-01,-0.003964499110238479,-0.0009671770696855532,0.0017598349169138554,0.004484440922006132,-0.16654947462725916,0.0,0.0,0.0,0.0,3.044522437723423,-0.9472355356735765,1,1,0.00337162473850112,-0.41036738833693176,1.0921829253202748
2023-01-02,0.0045478009824774625,0.010245030635109495,0.00300716978246553,0.00337162473850112,0.2291655301703491,0.0,0.0,0.0,-0.19298245614035087,4.060443010546419,0.08906406332491579,0,1,0.00013853883532594145,-0.4062130433411376,0.6309497372949394
2023-01-03,0.0033409513517655455,-0.0012407071417524565,0.003413168188459132,0.00013853883532594145,0.26919702807303597,0.010930862804251935,0.009613610210076605,0.05520807483314222,0.08333333333333333,4.290459441148391,0.2903310806372469,0,1,0.010450635209181243,-0.13514229201435518,1.881360802500332
2023-01-04,0.00017212204635056293,0.012642649487379934,0.0028492463485936606,0.010450635209181243,0.3229681941229206,0.007095546441984838,-0.0025865478558809133,-0.03963998796476396,0.12359550561797752,4.499809670330265,0.4531323075442086,0,0,-0.0010990966366733739,-0.5794674843910617,0.1746804048540403
2023-01-05,0.010422450003593552,-0.006616168767281714,0.006007383285414185,-0.0010990966366733739,-0.29862120064209136,-0.009762524397120638,0.007549378031617576,0.02023900261036192,-0.23529411764705882,3.9512437185814275,-0.06506359332745411,0,1,0.007033256255153627,-0.9122481823596416,1.234928020662302
2023-01-06,-0.0010990966366733739,0.009503379521409233,-0.004426903616359164,0.007033256255153627,0.23800418350145683,0.01589647009927115,-0.011104878355931411,-0.06104211663738497,-0.057971014492753624,4.248495242049359,0.23459604506049034,0,0,-0.0004177703515806188,-0.2519298469242821,0.18424786602167176
2023-01-07,0.0070131978261292706,-0.003473545291252494,0.013636439609507462,-0.0004177703515806188,-0.6852142014553347,0.0,0.0,0.0,0.05,3.044522437723423,-0.9932517729602834,1,1,0.010816215147354305,-0.19241130546580074,1.3682286658676086
2023-01-08,-0.0003823669860896517,0.011422037646878701,0.00017741506300423415,0.010816215147354305,0.25698761842143725,0.0,0.0,0.0,0.0,2.995732273553991,-1.0418960591736255,1,1,0.0029400048985379155,-0.13536849664270179,1.5696612355451403
2023-01-09,0.010800870210887735,0.012830540844129401,0.0113866432355852,0.0029400048985379155,0.6778623035150384,0.004549233258291233,-0.008507372124961146,0.03898406323239964,0.32051282051282054,4.3694478524670215,0.3161669704732879,0,1,0.015159630933365425,-0.18598911102506857,1.8499105571512358
2023-01-10,0.002985410096276864,0.005742498114598908,0.002433798754714284,0.015159630933365425,-0.18439956834400045,-0.0005875467452383854,0.002327365928889486,-0.06535812844402532,0.08695652173913043,4.248495242049359,0.2011308887659435,0,1,0.02841029515457346,-0.7196432511638886,3.1567496094701304
2023-01-11,0.015113078989375799,0.028228021456554484,0.00982308953197722,0.02841029515457346,0.16929833312983664,0.0016016233411999265,-0.0004843813715727915,0.02447927502705114,0.2028985507246377,4.248495242049359,0.2530906276966548,0,1,0.04911903051513352,-0.28580768442918103,6.336552696716678
2023-01-12,0.02841144190082432,0.06020832602703881,0.03274865082192052,0.04911903051513352,0.5501582525665998,0.01108736566761611,-0.009151177864041269,-0.11334766310842789,0.2717391304347826,4.532599493153256,0.43701346585395995,0,1,0.055893048509553726,-0.7055268326369584,5.939868608282078
2023-01-13,0.04911903051513352,0.045152189630787494,0.0449218390330557,0.055893048509553726,-0.20959310383085633,0.012008862043122856,-0.0004891470139513462,-0.025821743328217784,0.4024390243902439,4.418840607796598,0.2911724774037447,0,1,0.050146827684418194,-0.21075871366873883,6.4506659130666
2023-01-14,0.055893048509553726,0.06100102155739891,0.0608407296992357,0.050146827684418194,0.06637685402296396,0.0,0.0,0.0,0.4878048780487805,3.7376696182833684,-0.44976536698035424,1,0,-0.003988871656173911,-1.9463375512151118,0.4562250239646396
2023-01-15,0.05004374395361217,-0.009797581206601397,0.03279103930895468,-0.003988871656173911,-0.7913068448492152,0.0,0.0,0.0,0.034482758620689655,3.4011973816621555,-0.8180205104068705,1,1,0.014939473685250641,-1.25363898837336,2.8460637397396034
2023-01-16,-0.0038144012584983107,0.019909515501575763,0.00293811397224357,0.014939473685250641,0.49561393648621904,0.0,0.0,0.0,0.3373493975903614,4.430816798843313,0.22271335127660313,0,0,-0.0024026215431750143,-1.6386990899815606,2.156359890739759
2023-01-17,0.014868087018381115,0.008042435195252095,0.011088872669168462,-0.0024026215431750143,-0.06218636177207764,-0.005855345730477272,0.0018573977167189654,0.053579518085733954,0.19318181818181818,4.48863636973214,0.24116205682825173,0,0,-0.021876742420547574,-3.503611451213545,2.4084010297455025
2023-01-18,-0.0025218632230152504,0.00011778984688222049,-0.021051745155494905,-0.021876742420547574,0.2422942288007046,-0.0014691611288529948,-0.00029302837129696293,0.049380284747422815,0.13953488372093023,4.465908118654584,0.18365134423558424,0,1,0.018880985981668756,-0.08844450031337148,2.4579050239272293
2023-01-19,-0.02175750074070745,-0.021381702478730218,0.012274927088453945,0.018880985981668756,-0.3335579273426595,0.00925131447113823,-0.0029351655398405264,0.008810644488462888,-0.1724137931034483,4.477336814478207,0.2052423409964638,0,1,0.0729936990967774,-1.0030878564741144,7.690008305971012
2023-01-20,0.018880985981668756,0.07120201880210644,0.00973455242006128,0.0729936990967774,0.29629099321794944,0.002234663176594187,-0.0004899830787308928,-0.03319601625992202,0.12162162162162163,4.31748811353631,0.05965983641984955,0,1,0.0051193975233281225,-1.0876767077540415,3.061078059864581
2023-01-21,0.07294031659859174,0.026704396635713053,0.07214781058397801,0.0051193975233281225,0.024445473840609196,0.0,0.0,0.0,0.41025641025641024,3.6888794541139363,-0.5767368286898932,1,0,-0.0033267835189935463,-2.1794316880075355,1.287176319792137
2023-01-22,0.00516400171972004,-0.012619619877396205,-0.005798152279206794,-0.0033267835189935463,-0.3120549804425807,0.0,0.0,0.0,0.3181818181818182,3.1354942159291497,-1.1347479949518315,1,1,0.009142992475145141,-0.9196691602902383,2.0577837098328904
2023-01-23,-0.0033999184640709267,0.004379290381413926,0.009270841758179415,0.009142992475145141,0.14650822278914555,0.0003632807471507761,0.0012735466080504656,-0.002017192599349769,0.26744186046511625,4.465908118654584,0.22231333126984865,0,0,-0.012450835212587299,-1.9988598345831727,1.0666646269400057
2023-01-24,0.009284249976746265,-0.0007681983537836931,-0.001648914267784165,-0.012450835212587299,-0.0014643340254384765,0.0035224324574504432,-0.0021562413856148735,-0.031276514981302975,0.21568627450980393,4.634728988229636,0.3643070356244608,0,1,0.018736119160646474,-1.4817479609761521,5.098411683063571
2023-01-25,-0.012552154660867742,0.02786663534864837,-0.007279716476517124,0.018736119160646474,0.16584817780508052,0.003767611384967313,-0.00275102141131574,-0.006269656748659141,0.10752688172043011,4.543294782270004,0.25791947211958266,0,0,-0.0022265840828143047,-0.9188722259601788,0.9560439654942958
2023-01-26,0.01875554514922895,-0.022687558015046277,0.024364876510806228,-0.0022265840828143047,-0.18039737383000645,-0.0062527531393146134,0.0019657658427801013,-0.018514170005640936,0.23333333333333334,4.51085950651685,0.21918315010922393,0,1,0.0027996835390564157,-2.084936207515573,2.1086727996446393
2023-01-27,-0.002204034877846277,0.009299704258689121,-0.013887223898368144,0.0027996835390564157,-0.02840192599413943,-0.00025922182084070467,0.0008833878845851546,-0.011815353065151442,0.08974358974358974,4.3694478524670215,0.06820825003935405,0,0,-0.002237034511835935,-0.8517520138698175,0.49646516095752274
2023-01-28,0.0027996835390564157,-0.013322392847814762,0.015131525475513835,-0.002237034511835935,-0.6397694617824025,0.0,0.0,0.0,0.18518518518518517,3.332204510175204,-0.9688530619279734,1,1,0.03078192520585222,-0.23848487375132146,3.9931968374998696
2023-01-29,-0.0022891585670990673,0.03273028225358731,0.003895636889349081,0.03078192520585222,0.6913137246332476,0.0,0.0,0.0,0.3181818181818182,3.1354942159291497,-1.1736474745655692,1,0,-0.0393514588233174,-5.374295817636502,0.24487416325295275
2023-01-30,0.030879115488471134,-0.006701301536616952,-0.02057618423299964,-0.0393514588233174,0.022462635703294667,-0.002959862564305934,0.003427832313775083,0.07441665236620897,0.28431372549019607,4.634728988229636,0.32865969689422314,0,1,0.013013096440887308,-0.48914348710708083,2.1404552918869664
2023-01-31,-0.039342640936989214,-0.020395647536977327,0.009500064481976656,0.013013096440887308,-0.13336441990989611,0.0034264261246514465,-0.0017614282623960365,-0.027454744911028,0.21568627450980393,4.634728988229636,0.32865969689422314,0,1,0.025932253556535844,-1.5905190349084226,2.9297467020141905
2023-02-01,0.012959212327203436,0.020906010542159594,0.0019993409628740015,0.025932253556535844,0.16071306426890364,-0.000881420299387641,-0.008656332379842169,-0.08214967027130217,0.20430107526881722,4.543294782270004,0.23628637676415676,0,0,-0.010322486493569127,-1.56870275207952,2.17706231363348
2023-02-02,0.025879582135804814,0.018405409672728554,0.026150416384824873,-0.010322486493569127,0.1585217799329736,-0.005983212723418652,0.005222446476871968,0.04700311588127257,0.2976190476190476,4.442651256490317,0.14624550033204983,0,0,-0.002431330219096245,-1.2178275289303206,0.9607604009862901
2023-02-03,-0.010253211651723947,-0.022485505620040862,-0.0068137342620771665,-0.002431330219096245,-0.09078712453519815,-0.02826184255379748,0.011433145299790698,-0.02158743432649611,0.0,4.330733340286331,0.038839833329597256,0,0,-0.004493712909870792,-0.762290173741329,0.6630439470256262
2023-02-04,-0.002447933640210361,-0.0054084947587029145,0.002124043332793677,-0.004493712909870792,-0.6941040749448076,0.0,0.0,0.0,-0.12,3.258096538021482,-1.0558041961362252,1,0,-0.017031632139821246,-2.5347223196032447,0.4554738962679915
2023-02-05,-0.004458560888090156,-0.006569413417447272,-0.02221803436848989,-0.017031632139821246,0.23078672569545683,0.0,0.0,0.0,-0.16666666666666666,2.9444389791664403,-1.3763241887444853,1,0,-0.007457673107036351,-1.3379174239508267,0.9778091738799162
2023-02-06,-0.017066784161602035,-0.011808279363702053,-0.00506358318329719,-0.007457673107036351,0.23759502467847549,0.0017698252343863036,0.00677841827043934,0.05827922140640191,0.029850746268656716,4.219507705176107,0.010718216234949429,0,1,0.020779401555923737,-0.0735690006220011,2.5492367004254985
2023-02-07,-0.007457673107036351,0.008256602158419472,0.005185811126251843,0.020779401555923737,0.1489904826821766,0.0029428310618131773,-0.0018353295526685087,-0.040436091853844745,0.2,4.189654742026425,0.06351340573771044,0,0,-0.01201050031064175,-2.503533880021762,0.9061053854593669
2023-02-08,0.020863733679972754,0.004348088406262368,-0.0035202472380739154,-0.01201050031064175,-0.09513093657872333,0.003040771209810025,-0.0001933537298894013,0.05067677829384996,0.1111111111111111,4.1588830833596715,0.10510859477552861,0,0,-0.052141700352517424,-5.712511274036889,0.21050858040558285
2023-02-09,-0.012144914253150464,-0.01896646836117959,-0.04410027425079296,-0.052141700352517424,0.36368454632500147,-0.005983602271623308,-0.0018390600635689357,0.0535576656646979,-0.10810810810810811,4.31748811353631,0.2915505492432148,0,0,-0.007883685677702989,-1.59712602502504,0.648506165939552
2023-02-10,-0.05202371956219637,-0.04776172449717769,-0.010987847862398968,-0.007883685677702989,-0.17387955350043777,-0.0018234933150134012,0.003964192145582944,-0.00872936672367463,-0.17391304347826086,4.248495242049359,0.23721727854036456,0,1,0.010916288456747329,-0.11757094534481233,1.2916340758337983
2023-02-11,-0.007951584649564494,-0.0014524065787604899,0.006911865119099269,0.010916288456747329,-0.6485240023059002,0.0,0.0,0.0,0.047619047619047616,3.091042453358316,-0.9418126006216554,1,0,-0.0036204886304742638,-1.0693887398292712,1.0349890068765761
2023-02-12,0.010892045794096814,0.008349837767175006,0.0013981105119026532,-0.0036204886304742638,0.1439815935040765,0.0,0.0,0.0,0.13333333333333333,3.4339872044851463,-0.6164718128676443,1,0,-0.00043941906477148134,-2.0052783217953296,0.5103204795191879
2023-02-13,-0.0036499576887671268,-0.008867173904048151,-0.01297938445013478,-0.00043941906477148134,0.3691962085341729,-0.005868606069231897,-0.002705565328802402,-0.009297866354522386,0.0,4.174387269895637,0.1489558629657793,0,1,0.01936986197704005,-1.1139258880484593,2.472669835759171
2023-02-14,-0.0003553963809015881,0.01918407449762829,0.008474105272697137,0.01936986197704005,0.20207981856203786,0.0011333148745895825,-0.0011617303671171057,-0.07289852352107458,0.03225806451612903,4.143134726391533,0.12500954493588776,0,1,0.09138049119365944,-0.6895843370248108,9.367804240807102
2023-02-15,0.019339551014113613,0.08832120602751943,0.023613277487276704,0.09138049119365944,0.037179574287371044,-0.0107370746218953,0.006661813746023905,-0.03662231102109,0.410958904109589,4.30406509320417,0.2625599783481418,0,0,-0.033711393282664585,-3.4241772384296043,3.736058288265491
2023-02-16,0.091331978358716,0.03506303166824329,0.06403456217961148,-0.033711393282664585,0.18071799832081037,0.004243545311346955,-0.0005775104496465301,0.10112779216855393,0.325,4.394449154672439,0.3389753668518315,0,1,0.043770785975072134,-0.7612545349855511,6.196568900703354
2023-02-17,-0.03366288044772122,-0.009106287158286175,-0.007082166248224052,0.043770785975072134,0.09878726429632928,-0.0008689852683103383,0.0,-0.007464558996273437,0.1896551724137931,4.07753744390572,0.045347819995700527,0,1,0.002519415209186526,-0.571308026147227,1.2418716291516978
2023-02-18,0.04370037233970704,-0.005776186740444298,0.04567025106345539,0.002519415209186526,-0.8286981737840013,0.0,0.0,0.0,0.20689655172413793,3.4011973816621555,-0.6682082321782105,1,0,-0.014730846119734737,-1.7998819512816984,2.2482103058415626
2023-02-19,0.002593888604213737,0.01258280197608518,-0.009766324042158117,-0.014730846119734737,0.32558563474843194,0.0,0.0,0.0,0.28,3.258096538021482,-0.8039215860218517,1,1,0.023230285350592204,-1.791387759322574,3.4399770748832674
2023-02-20,-0.014704006249015899,-0.0028131784293177024,-0.01464590420014351,0.023230285350592204,0.14404614351258185,0.0,0.0,0.0,0.17857142857142858,4.04305126783455,0.02322685062767365,0,0,-0.015825264394064464,-2.8328179295125095,1.6282335750203356
2023-02-21,0.023267412807899006,0.005112850351963088,0.012815983648692856,-0.015825264394064464,0.08044361483549667,-0.004028983707236791,0.003076330953509202,0.13309424797811642,0.20689655172413793,4.07753744390572,0.06881695453654749,0,0,-0.011101316717520895,-3.6544876666835107,0.09765328385604198
2023-02-22,-0.015954228650438242,-0.03113106730570751,-0.024041961765774503,-0.011101316717520895,0.009067587815552516,-0.000545702605629464,0.0039277345058649936,-0.02568785625927578,0.2727272727272727,4.02535169073515,0.06436537597308506,0,0,-0.01005818454576867,-2.403160121894164,1.7112537273180004
2023-02-23,-0.011040379548835055,0.0050346877170986655,0.001411958730372436,-0.01005818454576867,0.04879873105755205,-0.0076712704966514795,9.562729084697131e-05,-0.05297123690102267,0.05357142857142857,4.04305126783455,0.15117890945595783,0,0,-0.032041028461487375,-4.69935693070598,0.7994209723261033
2023-02-24,-0.01005818454576867,-0.01917651209568766,-0.03302015263388675,-0.032041028461487375,-0.14803019177894566,-0.005073326778902653,0.0058148070752222026,0.02476186749877466,-0.08771929824561403,4.060443010546419,0.17185025694420308,0,0,-0.0012178923770018468,-2.0184407704611216,0.14584820152312977
2023-02-25,-0.03209494340916082,-0.03857675616951708,-0.005231866859038807,-0.0012178923770018468,-0.5855228638604494,0.0,0.0,0.0,-0.1388888888888889,3.6109179126442243,-0.308301359626739,1,1,0.01703161058168721,-0.4236178676894139,2.2752462576245454
2023-02-26,-0.0011639774293284164,0.020076088184012245,0.01473033665071526,0.01703161058168721,0.05596445856742318,0.0,0.0,0.0,0.3076923076923077,2.6390573296152584,-1.2912588687832898,1,0,-0.0026679753126395687,-1.9206095873864313,1.4462610925407096
2023-02-27,0.01703161058168721,0.008741758930849067,0.0020616933847171074,-0.0026679753126395687,0.33806972434574345,0.004523120437649741,-0.005145817745095735,-0.0337901362836813,-0.06329113924050633,4.382026634673881,0.44606108840121866,0,0,-0.015033201397948169,-2.0258229066445628,0.4582943287194487
2023-02-28,-0.0026679753126395687,-0.012547642950852164,-0.003720108505220837,-0.015033201397948169,-0.07145574600389937,0.006527917163400628,0.0019089876634674223,-0.01200494565700265,-0.078125,4.174387269895637,0.2186892009804545,0,1,0.020842934243896633,-0.526586083893825,3.6423263001523978
2023-03-01,-0.015033201397948169,0.01680711831638119,-4.083317044087516e-05,0.020842934243896633,0.1770016114374844,0.004800056571569328,-0.0037258163786276204,-0.005814010429586494,0.16393442622950818,4.127134385045092,0.15415067984365172,0,0,-0.006949915104728103,-1.8497962673535502,0.7083079170340615
2023-03-02,0.020876367220198436,-0.008497249587286733,0.007610832409299542,-0.006949915104728103,-0.27570209361313547,-0.0022880546197603423,0.005250314354224447,-0.049300486953194694,0.05128205128205128,4.3694478524670215,0.3416136361344521,0,0,-0.048503100831987105,-6.579426763841534,0.049550225150817535
2023-03-03,-0.006983348081029822,-0.013537492023560402,-0.05424622006960785,-0.048503100831987105,0.29039528853973856,0.007714887423290701,-0.00486760347746891,-0.057789206725168754,-0.3,4.394449154672439,0.3093435692454603,0,0,-0.00034764393289772876,-0.8863401409879818,0.248680215923242
2023-03-04,-0.048503100831987105,-0.046511800924262894,0.008427765396548458,-0.00034764393289772876,-0.9702624490000494,0.0,0.0,0.0,0.07142857142857142,3.367295829986474,-0.7208219026804514,1,1,0.003737206709584325,-0.7066256362917493,1.4020642635660998
2023-03-05,-0.00034764393289772876,0.0111861965435308,0.0014495011140646552,0.003737206709584325,0.24448827356558175,0.0,0.0,0.0,0.11764705882352941,2.8903717578961645,-1.2296896922722422,1,0,-0.000902760617454153,-0.7708553879056378,0.7636755808058621
2023-03-06,0.003737206709584325,-0.002646680118018053,0.0030949091934454774,-0.000902760617454153,0.2744990531690868,0.00010827646049621364,-0.0016277896342835392,0.006469070430775006,-0.05263157894736842,4.564348191467836,0.45241486162010247,0,0,-0.009506895048812334,-2.1788533646471304,0.6578492681530109
2023-03-07,-0.000929088496381329,-0.001961023743982593,-0.014982740384868997,-0.009506895048812334,0.3616296563006394,-0.0185706355718125,0.012097154382653161,0.05132013629439375,0.0,4.343805421853684,0.20129745826611817,0,0,-0.022437472391169118,-2.8233432934034655,0.40031560737556404
2023-03-08,-0.009453538024355779,-0.012082231656586985,-0.015951794336375728,-0.022437472391169118,0.030106849335491483,-0.0006618172911648265,0.0003786531123809901,-0.02480744955448161,-0.05128205128205128,4.3694478524670215,0.18893679592549437,0,0,-0.06388169730657518,-7.969692482356118,0.5950808584258475
2023-03-09,-0.022513799149390935,-0.020489819880666234,-0.07390096428069563,-0.06388169730657518,0.3864154024297797,0.009115987157307687,-0.003318068186079648,0.1681805230936015,-0.22857142857142856,4.2626798770413155,0.09858082868673336,0,0,-0.010442692083692516,-4.07524850328421,0.027301743356405964
2023-03-10,-0.06383289079959012,-0.06955948845726956,-0.024937257515856053,-0.010442692083692516,0.332172165083939,0.017717772147514535,-0.006956011940827858,0.09245130912260863,-0.47619047619047616,4.1588830833596715,0.032260862234094384,0,1,0.015024507857790617,-1.9324316400533466,2.62432660247145
2023-03-11,-0.010442200977985138,0.015527556507457851,0.01098547654861592,0.015024507857790617,-0.36849662717260184,0.0,0.0,0.0,-0.17647058823529413,3.5553480614894135,-0.5984670543016035,1,1,0.07264804225261712,-0.9091478419879564,7.957445765076769
2023-03-12,0.015024507857790617,0.06835569948384362,0.025257345838444693,0.07264804225261712,0.007250161663563233,0.0,0.0,0.0,0.16,3.258096538021482,-0.924258901483332,1,1,0.0918599391330703,-0.836461665594245,10.77620364576873
2023-03-13,0.07269077422586774,0.10083562105953664,0.0733749040165542,0.0918599391330703,0.46764760292080515,0.026341694156230083,-0.009415031171813264,0.06705556017148671,0.35802469135802467,4.406719247264253,0.28357529051147323,0,1,0.022833529552860565,-0.5700172847614825,9.009551772257723
2023-03-14,0.09176702649906249,0.07419342039796038,0.09452438294139802,0.022833529552860565,0.016539024822797975,-0.0028811671051432153,0.0,-0.11115913142156775,0.33783783783783783,4.31748811353631,0.1978860733485797,0,0,-0.015718497080592527,-3.1853714047716495,2.1119199414035306
2023-03-15,0.0228837102136177,-0.0461427887556814,-0.0033200116472410757,-0.015718497080592527,-0.18464072800465825,0.010645072763326602,0.010084148375969637,0.09672663368957533,-0.039473684210526314,4.343805421853684,0.2292713103085244,0,1,0.028940970979109415,-0.672031046421081,3.566345353685004
2023-03-16,-0.015718497080592527,-0.0011742429577777495,0.009414906502913154,0.028940970979109415,-0.28006753674990975,-0.003952561643725975,-0.0022002530258636854,-0.12840735602736547,0.18518518518518517,4.007333185232471,-0.07391898980448887,0,1,0.0915382366931726,-0.43609072979413027,10.465527262868484
2023-03-17,0.028940970979109415,0.09793279007094438,0.03130037414537889,0.0915382366931726,0.35142966447561536,0.026127822516268665,-0.0068226766730482185,0.10401121230658243,0.5223880597014925,4.219507705176107,0.13200955396497024,0,0,-0.017960573857961144,-3.0281454461298605,1.1963862571649322
2023-03-18,0.0915382366931726,-0.0011531733638629588,0.06561768952981532,-0.017960573857961144,-0.5200423827459375,0.0,0.0,0.0,0.46875,3.4965075614664802,-0.602069104156512,1,1,0.03883042537639571,-0.29876427995072846,5.3635806333053395
2023-03-19,-0.017960573857961144,0.02371136990344284,0.009333237803830106,0.03883042537639571,0.0022279362322433433,0.0,0.0,0.0,0.20512820512820512,3.6888794541139363,-0.43790038383567736,1,0,-0.009188807742989342,-3.079883938982456,1.768603631884245
2023-03-20,0.03883042537639571,0.002880655362184693,0.011019228786078637,-0.009188807742989342,0.24923519934836846,0.004760658443617601,-0.004154799054848812,-0.054786176823226014,0.35294117647058826,4.454347296253507,0.33177739232876996,0,1,0.013917915171174959,-1.5046055288259534,2.569931496039245
2023-03-21,-0.009188807742989342,-0.0011755291014393541,0.006563976358575746,0.013917915171174959,-0.12584318288500534,-0.021036184516874452,-0.00019363457964784574,-0.12182849795903464,0.3958333333333333,4.574710978503383,0.40323545279131195,0,0,-0.030875102511240874,-5.498533664610434,2.677122791290766
2023-03-22,0.014001169519661755,0.014989828123690157,-0.026021366186669857,-0.030875102511240874,-0.6303137050388428,0.004530510589810312,-0.008851802940525061,0.040335489785902484,0.34831460674157305,4.499809670330265,0.2989816277169503,0,1,0.037610483876124916,-0.5370904093692523,5.35486504373655
2023-03-23,-0.030958356859727643,-0.0040976799867830345,0.018739330041171065,0.037610483876124916,-0.5550597384861635,0.023855366038062705,0.001757129577327853,0.01560095715503785,0.25,3.970291913552122,-0.23407262182716929,0,0,-0.030170604453767236,-4.6862734677789755,0.2784205211623942
2023-03-24,0.03761083729027322,-0.013153961349616638,-0.003881346707972383,-0.030170604453767236,-0.39993443631431497,-0.0058855136919060335,0.005737958489560089,-0.03923844211971962,0.1891891891891892,4.31748811353631,0.10364598460409945,0,1,0.00030882732901125104,-1.092766560973228,1.2051165184499866
2023-03-25,-0.030171322107393855,-0.020903644480891433,0.005764464614290126,0.00030882732901125104,-0.5283943418482839,0.0,0.0,0.0,0.10256410256410256,3.6888794541139363,-0.5517355264844758,1,1,0.01822496367160109,-0.16468449556615405,2.6285553106492516
2023-03-26,0.0003095556953650172,0.014543215251004181,0.00958964798308216,0.01822496367160109,-0.023328289441776853,0.0,0.0,0.0,0.36,3.258096538021482,-0.9664405155196266,1,0,-0.030610293346195108,-5.3610931592454625,0.19935029357870981
2023-03-27,0.018224599544725436,-0.0060670864991044845,-0.03373912296519206,-0.030610293346195108,0.5723497995724475,-0.01509747886904467,-0.002524538985166973,-0.053862776851436873,0.10126582278481013,4.382026634673881,0.1972608034936451,0,1,0.005007183266062188,-1.8347254383125893,1.4460519182373976
2023-03-28,-0.03061066201108059,-0.018143277099608113,0.004653383863133562,0.005007183266062188,-0.11338243947031208,0.01019169021018235,-0.004189204852776162,-0.031059981269611188,0.11940298507462686,4.219507705176107,0.09851359953678791,0,1,0.039117969089514086,-0.07695248023047631,4.969376601191754
2023-03-29,0.005007185107421159,0.04024043009560565,0.022584912846883277,0.039117969089514086,0.1296811917525779,-0.0031992150318795637,0.002048072933051069,-0.04349616152765742,0.3090909090909091,4.02535169073515,-0.015464225679399682,0,0,-0.011354726247076305,-2.365077597280189,2.906626782072113
2023-03-30,0.03911833591304059,0.018490470898317863,0.016236717919017016,-0.011354726247076305,0.09967568107663283,0.007196500323830882,-0.0048832991169928406,-0.005243870331479798,0.4225352112676056,4.276666119016055,0.19243286641235977,0,1,0.01546498944228887,-1.8611187771758606,2.2164003764167437
2023-03-31,-0.011354726247076305,-0.018256990303630143,-0.006315138046033052,0.01546498944228887,-0.23451403430548837,-0.005722573380642285,0.003615960390688943,-0.016967516525293273,0.2222222222222222,4.290459441148391,0.2113090936810959,0,0,-0.00044379564413691034,-0.8647395372165134,1.2371618630563983
2023-04-01,0.01546498944228887,0.005672604308685586,0.025428781841882506,-0.00044379564413691034,-0.9501314124170989,0.0,0.0,0.0,0.42857142857142855,3.58351893845611,-0.5001566673878517,1,0,-0.009920151427765776,-2.1180294352000217,0.2712051435987805
2023-04-02,-0.0004434441840750613,-0.010103362838713164,-0.012976694623972008,-0.009920151427765776,0.21163780668671897,0.0,0.0,0.0,-0.047619047619047616,3.091042453358316,-1.0010319602816267,1,0,-0.01328794166506373,-3.50981655692188,1.1614861151744795
2023-04-03,-0.00992050288782755,-0.0010173417120085666,-0.023838022644984296,-0.01328794166506373,0.7509719007352226,0.007538817015696076,-0.00410563432500826,-0.008053816734809512,0.2839506172839506,4.406719247264253,0.3439072151210767,0,1,0.01306073888880465,-0.49478318678227085,2.291669019673938
2023-04-04,-0.01328794166506373,-0.00198611262006914,0.01686239203633232,0.01306073888880465,-0.46526522761489314,0.01912138685643545,-0.004909672254020274,0.023969231241808685,0.38461538461538464,4.3694478524670215,0.2791713827966928,0,1,0.00016117729039769833,-1.2877302476881947,2.1410195022550287
2023-04-05,0.01306073888880465,0.011554243714615602,0.005131268279745361,0.00016117729039769833,0.20010503374185945,-0.0006430347062673179,0.0025560586356645873,0.004201682855065258,0.49019607843137253,4.634728988229636,0.4396564728662477,0,0,-0.0048462984303144436,-1.6428490597210865,0.04273135776476368
2023-04-06,0.00016117729039769833,-0.0208217041545051,-0.00339001082993129,-0.0048462984303144436,-0.4147149432055963,-0.004463407474970126,-0.00029458221420442513,-0.03629001813861621,0.2619047619047619,4.442651256490317,0.2176315594185987,0,0,-0.004558093631494347,-0.9565534051668148,0.2357937894220907
2023-04-07,-0.004845941718377931,-0.0029156741137411095,0.0020166581152284107,-0.004558093631494347,-0.4825347711625576,0.0,0.0,0.0,0.14925373134328357,4.219507705176107,0.002134472543558096,0,1,0.0011478259451552448,-0.16967529604079232,0.8871058715833555
2023-04-08,-0.004558092001857193,0.00195502719011824,0.0033106874597659034,0.0011478259451552448,-0.23992738874562464,0.0,0.0,0.0,0.24,3.258096538021482,-0.9620832101506709,1,1,0.013699657615021985,-0.49653500625486985,2.0954794466268587
2023-04-09,0.001147467603581611,0.01323156169559028,-0.0021207711569855006,0.013699657615021985,0.5128118081530101,0.0,0.0,0.0,0.16,3.258096538021482,-0.9707789171182247,1,1,0.04533402443678367,-0.5443446485880717,4.980014665352305
2023-04-10,0.013699657615021985,0.04254500980227648,0.013221561191689943,0.04533402443678367,0.733685986345982,-0.011397298492928747,0.007436454334157154,0.030508103867642994,0.37662337662337664,4.356708826689592,0.16284638680779925,0,1,0.018820778757940998,-0.15985863988274074,3.0329632806658777
2023-04-11,0.045334361848923595,0.025863510589919373,0.049178884523837084,0.018820778757940998,0.003477339803924684,0.007862066660321815,-0.0037113519021786954,0.006829607274288469,0.5,4.8283137373023015,0.5436154465970461,0,0,-0.010396427448109471,-1.8818754286808803,0.9411730270763042
2023-04-12,0.018820772466969275,-0.0020971237779545395,0.0016006108699596735,-0.010396427448109471,-0.09142955247688174,0.0030380656754726365,-0.006872849427117764,-0.0005237092940851025,0.0970873786407767,4.6443908991413725,0.3560807080192981,0,1,0.01612230751029388,-0.11208072591619114,2.3377192793726707
2023-04-13,-0.010396758569277562,0.003569035074853948,0.007301519579537418,0.01612230751029388,-0.17795626347840868,0.015004488526765062,-0.0048392554920465135,-0.06996623129446441,0.5164835164835165,4.5217885770490405,0.21844503054364464,0,1,0.003060121449609667,-1.3518306010118677,2.0405492854075056
2023-04-14,0.01612230751029388,0.013150607570642502,0.0037248087593371886,0.003060121449609667,0.3805494113335416,-0.01934033210150383,0.005331775088373098,-0.041875895507824036,0.40789473684210525,4.343805421853684,0.02089344760143528,0,0,-0.005656179900882534,-0.8733685727083307,0.4214374689085706
2023-04-15,0.003060121449609667,-0.013130996715379735,0.00784474173264489,-0.005656179900882534,-1.0946031467702768,0.0,0.0,0.0,0.2222222222222222,3.6109179126442243,-0.7472144018024435,1,1,0.00031551290745832457,-0.5796250248105402,0.8378705105510411
2023-04-16,-0.005655849814444442,-0.0014918494844579511,-0.002718744421904555,0.00031551290745832457,0.03865293578542416,0.0,0.0,0.0,0.26666666666666666,2.772588722239781,-1.6037072376584487,1,0,-0.029277429572032238,-3.57413016305961,0.037643901349014124
2023-04-17,0.0003155128033282836,-0.007686753184561845,-0.02962953847503244,-0.029277429572032238,0.7586350775944661,-0.004003608688523414,0.005401392147505935,-0.007054640090812043,0.20212765957446807,4.553876891600541,0.19948936042695845,0,1,0.031761089816271876,-1.1396221381225773,3.5211022844555093
2023-04-18,-0.029277759554340213,0.005557154259032587,-0.0049323493226619535,0.031761089816271876,0.09400310447142225,0.006597421632108531,-0.0034338859029701624,-0.007104875168132019,0.3595505617977528,4.499809670330265,0.21197025072732054,0,0,-0.053510138704066394,-6.317923078540101,0.11027488577518717
2023-04-19,0.031761089816271876,-0.002347184170531257,-0.020021919587903315,-0.053510138704066394,0.3338033874737146,-0.006096093088757149,0.0021598400246286317,-0.02222986404192645,0.0,4.532599493153256,0.26718955207253314,0,0,-0.01940603406257386,-2.771309835541262,1.006134384580744
2023-04-20,-0.053510138704066394,-0.04455154371601082,-0.018044006274077994,-0.01940603406257386,-0.11878273401973377,0.006195695166983739,-0.0012757460576225028,0.04223053972525203,0.02564102564102564,4.3694478524670215,0.128832871855789,0,0,-0.03534405077145466,-4.041284170423238,0.46052841953455614
2023-04-21,-0.01940603406257386,-0.024862093713035757,-0.032105777411393505,-0.03534405077145466,0.010425224481596891,-0.014095679073772963,-0.00019637281272905612,-0.023572076221130268,-0.024096385542168676,4.430816798843313,0.1764866337813696,0,1,0.02011734939753183,-0.4503052375506501,2.2482539315769206
2023-04-22,-0.03534405077145466,-0.017466795651031125,0.0005657385572711883,0.02011734939753183,-0.7684822328144642,0.0,0.0,0.0,0.1935483870967742,3.4657359027997265,-0.7980467604778828,1,0,-0.008166817188415205,-1.8343246972835632,0.0
2023-04-23,0.02011734939753183,-0.0023651899182372763,0.006277154800202733,-0.008166817188415205,-0.034212060882911906,0.0,0.0,0.0,-0.03333333333333333,3.4339872044851463,-0.8614824953458268,1,0,-0.002891754748673293,-2.375829243842762,1.4729375172685955
2023-04-24,-0.008167179630761875,0.006562557984270758,-0.013581862654007114,-0.002891754748673293,0.42242986442626906,0.004837975290905304,-0.004626687634511641,0.007130091551149501,0.0851063829787234,4.553876891600541,0.2806149052393268,0,1,0.028306339200071688,-1.166056786002984,3.180541280057772
2023-04-25,-0.00289139230632666,0.01418428287921841,0.009205969829724475,0.028306339200071688,-0.014917705909064313,0.0024604086846930075,0.005019469606052127,0.10500526109575481,-0.11538461538461539,4.3694478524670215,0.11641035185723175,0,1,0.004037661120266265,-3.838680861827864,5.950694278372101
2023-04-26,0.02830669254703598,0.05600786918321501,0.0015800984418228746,0.004037661120266265,0.9041043469669063,-0.004171199318677286,-0.003836127127342896,0.004255321468758906,0.36607142857142855,4.727387818712341,0.4378723510718709,0,1,0.0365394056503652,-0.12828787822798404,5.059659572166376
2023-04-27,0.004037307773302161,-0.004872685941790941,0.04114159095626512,0.0365394056503652,-0.3031797803778828,0.0021129262655032468,0.0002955981606630457,-0.10100574225300608,0.11688311688311688,4.356708826689592,0.06515714164662437,0,0,-0.005480032501360423,-1.9936658292150953,0.4292034444170775
2023-04-28,0.0365394056503652,-0.009765155627127734,0.01788562614049409,-0.005480032501360423,-0.5639111852460843,0.00010047797590101929,0.0016734577954441968,-0.07623323649860547,0.2631578947368421,4.564348191467836,0.25174416615795125,0,0,-0.0027757795765594477,-0.9622529156272388,0.4669125090956558
2023-04-29,-0.005480373662115563,-0.005102941854574773,0.004834096634518178,-0.0027757795765594477,-0.9756848917477997,0.0,0.0,0.0,0.52,3.258096538021482,-1.0715836162401904,1,1,9.441762633578723e-05,-0.5174420617840683,2.4965553287784403
2023-04-30,-0.0027754384158042407,0.017520648620268264,0.001672328961872073,9.441762633578723e-05,0.6638681127464737,0.0,0.0,0.0,0.29545454545454547,3.8066624897703196,-0.533298479595322,1,0,-0.040665991207925405,-5.5066831733058414,0.35557156185350464
2023-05-01,9.407554957752219e-05,-0.021315420042913556,-0.049797993488881934,-0.040665991207925405,0.4829624928604403,-0.0033723203832883527,0.0047100799239748045,0.018832960510421673,-0.027777777777777776,4.290459441148391,0.0019860979855183575,0,1,0.021206996165195773,-0.7016799894946013,2.8505758326300876
2023-05-02,-0.04066564913116721,-0.015715948500159675,0.007384040630186908,0.021206996165195773,-0.23725719833468015,0.015459208663897123,-0.0018617656726258914,0.10049800969856827,0.17857142857142858,4.442651256490317,0.1442789313600091,0,1,0.012351095602062214,-1.9589750416275202,2.0602587452268417
2023-05-03,0.021206647366780258,0.013303825291163265,0.008634045643866684,0.012351095602062214,0.24007987860980554,0.007074123181844181,-0.0060994066177318855,0.031010206443528907,0.1941747572815534,4.6443908991413725,0.36603103887246613,0,0,-0.006497982228264741,-1.256807171635496,1.2110892147545598
2023-05-04,0.012351444400477866,0.0038594002973391843,0.019372774301982428,-0.006497982228264741,-0.4171804576262028,0.009517819252434986,0.0005919422942949497,0.09113771127378989,0.3,4.51085950651685,0.20544397422591987,0,1,0.02288090465334252,-0.13241229621313208,2.8672824919289965
2023-05-05,-0.006497982228264741,0.0100639505434798,0.004745966525958942,0.02288090465334252,0.31630853946085596,-0.015054141436917398,-0.001875549050207397,-0.15589433595937743,0.2638888888888889,4.290459441148391,0.028170876980585298,0,0,-0.02253281543081646,-4.171861010818199,1.0598894579218432
2023-05-06,0.02288056573468595,0.004806974313270713,-0.017513582492708357,-0.02253281543081646,-0.1706920815431749,0.0,0.0,0.0,0.3333333333333333,3.332204510175204,-0.9567317013956287,1,0,-0.01459915625864984,-1.5826426012357893,1.0005517494884795
2023-05-07,-0.02253282315429839,-0.02312619251515,0.0033593686650077504,-0.01459915625864984,-0.4955837902196941,0.0,0.0,0.0,0.06451612903225806,3.4657359027997265,-0.7918032438381977,1,0,-0.027143379896367045,-4.1954651919256305,0.7041953100627576
2023-05-08,-0.014599161356454598,-0.017562720652906937,-0.04072738216554835,-0.027143379896367045,0.8217837683155217,0.00440192824598679,0.001579659333941316,-0.012291696538472011,-0.072,4.836281906951478,0.4975803970239701,0,0,-0.0014655392981985705,-1.1478851105078391,0.5378230013397696
2023-05-09,-0.027142666738443812,-0.028807102983596955,0.0033324209178109783,-0.0014655392981985705,-0.5313866028770755,0.004873807724603167,0.0026599359579982385,0.04209324617502903,-0.017857142857142856,4.727387818712341,0.3364722366301416,0,0,-0.0010690420309266652,-3.129621378389285,2.513191225688661
2023-05-10,-0.001465538768138143,0.018288142945290294,-0.02128290197701307,-0.0010690420309266652,0.5731539753063352,-0.002803233566718523,-0.0015753846360941081,-0.04445167934890709,0.16981132075471697,4.672828834461906,0.27606961503712407,0,0,-0.0230965139643067,-3.303014035735289,0.11367240362798856
2023-05-11,-0.0010697663142833938,-0.025064230251533454,-0.002802968604386728,-0.0230965139643067,-0.40128782236503324,-0.007811791440417504,0.005699083903705093,-0.0005905065795475104,-0.1511627906976744,4.465908118654584,0.0741079721653498,0,0,-0.00645829172740886,-4.38553885254442,0.45320310335197944
2023-05-12,-0.023096522430382998,-0.01970120696706683,-0.03392176213239797,-0.00645829172740886,0.34421695044128203,-9.925105453308255e-05,0.006056507260503907,0.0058893208235718105,-0.12643678160919541,4.477336814478207,0.05918887140182492,0,0,-0.0007366023552270455,-0.38506571777069976,0.930310796937299
2023-05-13,-0.006457920926016328,-0.001687214791555439,0.033546439620328244,-0.0007366023552270455,-1.0803773042055898,0.0,0.0,0.0,-0.025,3.713572066704308,-0.740235216633847,1,1,0.005302016968638717,-0.8052794567057427,1.5737899506478759
2023-05-14,-0.0007369758341173881,0.005698189181878798,-0.00493873974457743,0.005302016968638717,-0.05496130414350816,0.0,0.0,0.0,0.14285714285714285,3.58351893845611,-0.8805578068327998,1,1,0.0090430011641092,-0.7144216405242312,2.73360173613853
2023-05-15,0.005302018943590151,0.016900134823545156,0.0062105951304537175,0.0090430011641092,0.6271214330703424,0.0017358962821522753,-0.0024377175472424643,0.005270884739881481,0.30337078651685395,4.499809670330265,0.11557840505225463,0,0,-0.004734677357132959,-1.1479689330983847,0.4948684359464552
2023-05-16,0.00904374082748487,-0.013344331837811457,0.00470752823836775,-0.004734677357132959,-0.1949043935503446,-0.014776614414791786,0.001268327939894014,0.049568615505478746,0.14583333333333334,4.574710978503383,0.22054276962456915,0,1,0.013658322391184448,-1.8258933439733054,1.709659010143769
2023-05-17,-0.004734675609884241,0.007413228384840317,-0.011513921465882244,0.013658322391184448,0.25557590566077665,-0.003880014587498261,0.0031152644246639286,-0.06427908893475077,0.27058823529411763,4.454347296253507,0.13858616329791154,0,0,-0.021552134669642054,-3.8854504843644064,0.29046708273001953
2023-05-18,0.013658317373226878,-0.0005335968829531781,-0.006937249012726618,-0.021552134669642054,0.1356205563090178,-0.012293130260797066,0.006781044881070237,-0.04982814426410975,0.28735632183908044,4.477336814478207,0.1599143845555028,0,1,0.002196585934586688,-0.715720246678927,1.3418247990722676
2023-05-19,-0.021552499558370092,-0.011038557506219644,0.010145167707212702,0.002196585934586688,-0.5370846148727703,0.011282876071055622,-0.0036754551972653835,0.046265113609435415,0.08045977011494253,4.477336814478207,0.1599143845555028,0,1,0.008231203535191795,-0.20537990664857686,0.9984858152727523
2023-05-20,0.002196585934586688,-0.0012368039034083098,0.007299989334890292,0.008231203535191795,-0.6891571552554276,0.0,0.0,0.0,0.34782608695652173,3.8501476017100584,-0.4888467170254764,1,0,-0.013171912518513606,-1.623292104164917,0.6440627795584146
2023-05-21,0.008230834564518319,0.00468697317804845,-0.0059479184399714915,-0.013171912518513606,0.3913276565468637,0.0,0.0,0.0,0.3055555555555556,3.6109179126442243,-0.7358721251985089,1,1,0.0037871532594394926,-0.7865897979860582,1.3078189592931901
2023-05-22,-0.013171543547840246,-0.006534350721166045,-0.004804889456725148,0.0037871532594394926,0.21463815337914377,-0.001972886611210169,0.0,0.02351664137575075,0.12371134020618557,4.584967478670572,0.24022528860881048,0,1,0.01369903691712277,-0.19072698614036215,2.3795724307599246
2023-05-23,0.003787525708974805,0.014504687974106695,0.00974578137789633,0.01369903691712277,0.38027101557376014,-0.001216064382496189,0.002806145562013627,0.07390052032710898,0.18518518518518517,4.406719247264253,0.08845542057420923,0,0,-0.03326629631528951,-4.274976076664001,0.0
2023-05-24,0.013698664467587393,-0.01009668739047639,-0.02714345398811366,-0.03326629631528951,0.34037540845224273,-0.004879037635297988,0.003857672169282226,0.07784010660543,0.024390243902439025,4.418840607796598,0.10652263085019892,0,1,0.005483813844004058,-1.7514321980135406,1.1441376191005164
2023-05-25,-0.03326667612455307,-0.021824920124284452,-0.008030857528784883,0.005483813844004058,-0.37361858858883146,-0.010087426800028618,0.0030754440114669794,-0.04545082982256886,0.033707865168539325,4.499809670330265,0.18457127653920608,0,1,0.008730076726596555,-0.5551042330676026,1.716592460437859
2023-05-26,0.005484571385285067,0.011208362257377646,0.017447093493463274,0.008730076726596555,-0.06552334952401684,0.0005145091760760677,0.0,-0.06419019669813379,0.17142857142857143,4.2626798770413155,-0.02220070996590671,0,1,0.005539576292267746,-0.5817851913692977,0.7055132049437646
2023-05-27,0.008730073443320439,-0.0013807158283443625,0.008463267143579612,0.005539576292267746,-0.8426856848654092,0.0,0.0,0.0,0.2,3.4339872044851463,-0.8370413601866812,1,1,0.04409840842612671,-0.33536882337283347,5.106924532701963
2023-05-28,0.005539574223715417,0.049553689569849776,0.00800373997223235,0.04409840842612671,1.0678698590535216,0.0,0.0,0.0,0.3888888888888889,3.6109179126442243,-0.6547198033982822,1,0,-0.011777618425209708,-1.9443098134428145,1.3524379884202322
2023-05-29,0.04409839236156993,0.00655354298330927,0.028008998525426872,-0.011777618425209708,-0.03547449086123771,0.0,0.0,0.0,0.36619718309859156,4.276666119016055,0.07953981605016822,0,0,-0.0015154032789555,-0.6597914346545567,1.0836145626383327
2023-05-30,-0.011778335277962937,-0.014465852683028722,0.0010675653626728919,-0.0015154032789555,-0.2598345116882077,0.00712441162188995,-0.00038392280013345697,-0.02767765946212412,0.19148936170212766,4.553876891600541,0.33222594575040004,0,0,-0.017632811059524262,-3.137380051269544,0.5082317033775606
2023-05-31,-0.001515403825728966,-0.007269231871563361,-0.026291289445105368,-0.017632811059524262,0.3543903813749116,0.0030087604621398334,0.0014389328341666869,0.027120388423994002,0.15384615384615385,4.3694478524670215,0.15415067984007877,0,0,-0.014526721963616974,-2.2496368237918825,0.5119113237517056
2023-06-01,-0.017632082468480276,-0.01759601485578267,-0.008755378784747749,-0.014526721963616974,-0.1722293421347115,0.007153928630061794,-0.0073119639444243585,-0.1365619937886482,0.1375,4.394449154672439,0.19888657368114984,0,1,0.015710863858149307,-1.1737299227086657,1.7816008524057871
2023-06-02,-0.014527089470766474,-0.001829826677076116,-0.003767652952784857,0.015710863858149307,-0.07508696416170457,-0.013026835665023308,0.004432024764387192,-0.06944933776874544,0.34444444444444444,4.51085950651685,0.2740192219857743,0,0,-0.0063842684993772065,-1.2100406295700776,0.33238157040278943
2023-06-03,0.015710863858149307,0.001218671038119038,0.015347756789535195,-0.0063842684993772065,-0.7849219820287782,0.0,0.0,0.0,0.20512820512820512,3.6888794541139363,-0.5808436106425465,1,1,0.0016975360281114345,-0.43768866076318486,1.415174016970304
2023-06-04,-0.0063842684993772065,0.004443655966298106,0.0013392511886917507,0.0016975360281114345,0.1488258703258617,0.0,0.0,0.0,0.13793103448275862,3.4011973816621555,-0.862661291029491,1,0,-0.05250715845555731,-6.581820360951579,0.052060540356365294
2023-06-05,0.0016971672313421504,-0.011933598738027974,-0.05974378097377263,-0.05250715845555731,1.2287571135530826,0.0028641465728216076,-0.00019225693155170475,0.008864644555220937,0.028169014084507043,4.276666119016055,0.03272275600495228,0,1,0.05673457801927024,-1.476870068407319,6.132372445295786
2023-06-06,-0.052506789658788196,0.008295960593836815,-0.001457655530114705,0.05673457801927024,0.038559708241820374,0.003823121771459306,0.0012491930239595076,-0.053690099330757315,-0.08955223880597014,4.219507705176107,0.03250557041985673,0,0,-0.03325860556385626,-4.142915155743105,0.592035869447787
2023-06-07,0.056734210778269185,0.0013312122607902737,0.030074127145912354,-0.03325860556385626,-0.13728293924484491,-0.011667932951336448,-0.00028813120222751594,-0.0014337248360685253,0.07894736842105263,4.343805421853684,0.16296130952257112,0,1,0.00602863973269374,-0.4922621718281256,1.771131319427174
2023-06-08,-0.033258238322855134,-0.021467651064062385,0.0032479242752935966,0.00602863973269374,-0.6515616805606077,0.010700777840001093,-0.007327473541548554,-0.021022881546280903,0.0,4.276666119016055,0.11502025606557757,0,0,-0.0007852550651334101,-0.8668101055882594,1.068740027360695
2023-06-09,0.006029017110907778,-0.0009952731879708692,0.0022831603950924932,-0.0007852550651334101,-0.10655008500218349,-0.0007132429056667042,0.00212664388698114,0.013100646475644698,-0.08196721311475409,4.127134385045092,0.030918039419703572,0,0,-0.024336519277700846,-4.321276161540047,0.21150063871788402
2023-06-10,-0.000786010118158365,-0.009357648951561588,-0.03532991562465118,-0.024336519277700846,0.8436646245364443,0.0,0.0,0.0,-0.15,3.044522437723423,-1.0372433422418177,1,1,0.003258464490493794,-0.8023602026415987,1.4051467271300089
2023-06-11,-0.02433575462418142,-0.012400058393579463,0.010852640311283697,0.003258464490493794,-0.7718608155885088,0.0,0.0,0.0,0.043478260869565216,3.1780538303479458,-0.882174978590505,1,0,-0.0007856342026842933,-1.2554198969928874,0.6954590441415658
2023-06-12,0.0032576917918324707,-0.003838412339390787,-0.0012721324530192797,-0.0007856342026842933,-0.003798298501647057,-0.003522608540493114,0.0006757053838537211,0.08187652073388114,-0.06896551724137931,4.07753744390572,0.07676401622907936,0,1,0.0011211542039807445,-0.7463357344616923,2.0177839404564977
2023-06-13,-0.0007848624597732993,0.012437614760465062,0.004305207422627573,0.0011211542039807445,0.3172954944623994,-0.005487371483662528,-0.0028023492708347184,-0.027010458630547705,0.10989010989010989,4.5217885770490405,0.46530510847517037,0,0,-0.03155784923802867,-4.389214696367567,0.6294194104809065
2023-06-14,0.0011203825904648856,-0.012762491095775205,-0.03530763541507804,-0.03155784923802867,0.09320815479134606,0.005487371483662586,-0.003198395787865881,-0.05125723893976474,0.10909090909090909,4.709530201312334,0.5733459807564156,0,1,0.018526725673652867,-1.3162986526280769,2.4777829123401105
2023-06-15,-0.031557463647470786,-0.013074214219436732,-0.000828688800633903,0.018526725673652867,0.0765780714333918,0.0012777594632126471,-0.008677472364774409,0.04369968610284749,-0.10091743119266056,4.700480365792417,0.480279045708076,0,1,0.028745138290379006,-1.6659682723674498,3.5290382321656923
2023-06-16,0.018526725673652867,0.02903927887190858,0.015030029476259137,0.028745138290379006,0.05850469326657864,0.0003064070167053769,0.0017610835201191534,-0.06850038475975376,0.313953488372093,4.465908118654584,0.19166741922382016,0,1,0.006507155969033793,-0.6244546811965119,1.8614435863921241
2023-06-17,0.028745517868974436,0.012069191832643307,0.03916027420208829,0.006507155969033793,-0.6169083595677177,0.0,0.0,0.0,0.15625,3.4965075614664802,-0.8208019646642329,1,0,-0.006698102267960423,-0.9896838278757206,0.6877905775921026
2023-06-18,0.006506776390438181,-0.005229374118966372,0.0028548645022416002,-0.006698102267960423,-0.25672033552498225,0.0,0.0,0.0,0.3829787234042553,3.871201010907891,-0.482463673379196,1,1,0.0189678131440085,-0.31697904995769816,2.7267985961490533
2023-06-19,-0.006697722616878837,0.013691977917609092,2.8945511219889166e-05,0.0189678131440085,0.5101422180407162,0.0,0.0,0.0,0.296875,4.174387269895637,-0.18492233847838688,0,1,0.05308872645011515,-0.719117580604031,5.643024888028166
2023-06-20,0.01896743349292695,0.04813007606279976,0.014946427837545283,0.05308872645011515,0.6637506674088693,-0.011762134766634989,0.00234327249500934,0.024800698656906404,0.45535714285714285,4.727387818712341,0.3364722366301416,0,1,0.057849597296170514,-0.17678474949790632,8.437059302308263
2023-06-21,0.05308907970720725,0.08102907059291603,0.05851205476117638,0.057849597296170514,0.4469463569924153,-0.0011372784228845022,-0.0045941258585048515,-0.050232148180967114,0.5763888888888888,4.976733742420574,0.5288441292756134,0,0,-0.0036396889082070654,-1.5735671925375343,1.6732989360749269
2023-06-22,0.05784924403907845,-0.00978800636616282,0.04388177286577425,-0.0036396889082070654,-0.6122106223764823,-0.01071258172670636,0.00313019620013928,-0.022214622103519467,0.4878048780487805,4.820281565605037,0.3479196224696938,0,1,0.026533986237444202,-0.2845611833050823,5.0470568027259795
2023-06-23,-0.0036396889082070654,0.0300978897583035,0.009250371184117433,0.026533986237444202,0.22468250960693179,0.0033404825344685927,0.0049686120430801495,0.04023311083432769,0.45132743362831856,4.736198448394496,0.21967296888381183,0,0,-0.005262367873937984,-1.4391807105003331,0.3626698397675076
2023-06-24,0.026534312092352942,-0.020309883392140567,0.014987790965491708,-0.005262367873937984,-0.8849816514743081,0.0,0.0,0.0,0.3617021276595745,3.871201010907891,-0.6809146121030344,1,0,-0.002123952410926466,-0.822109157316122,1.684467399897029
2023-06-25,-0.005262366154650072,0.007955607727357228,0.0009083476579041914,-0.002123952410926466,-0.00954465108948666,0.0,0.0,0.0,0.37142857142857144,3.58351893845611,-0.9570800727714914,1,0,-0.00641095284669021,-1.76403494323818,0.6652877717208251
2023-06-26,-0.0021239517144351194,-0.012315748692688476,-0.011543210270147005,-0.00641095284669021,0.40204564675159926,0.0023940761271535643,-0.0020428926840280397,0.05852160284113717,0.3275862068965517,4.762173934797756,0.16280874257899358,0,1,0.013925651745678577,-0.1382613021223729,2.373421480506716
2023-06-27,-0.00641128111737821,0.010670384241168816,0.009846783564467967,0.013925651745678577,-0.056473167989139886,-0.00505509651683476,-0.0019495529845661155,-0.03644563657852305,0.5172413793103449,4.762173934797756,0.15702837966349414,0,0,-0.020241978544881276,-2.7536766434336264,0.05634979232911291
2023-06-28,0.013925651745678577,-0.00924506513609747,-0.012228501667434034,-0.020241978544881276,-0.05378971416268208,-0.0008885614102553915,0.0040896434333889415,-0.022820236877551976,0.47058823529411764,4.787491742782046,0.2192495820470176,0,1,0.012223257058951633,-0.09123962275056771,2.516720189507869
2023-06-29,-0.02024231102037229,0.004361725426906211,0.006382391661949457,0.012223257058951633,-0.10773965146748246,-0.0016224510460784893,0.004169631988002177,0.008157231408190429,0.4,4.51085950651685,-0.00947874394343264,0,1,0.0008105804662547625,-3.1607385364273948,2.7045203542001603
2023-06-30,0.012223589534442756,0.014101258705874644,-0.018471732077816598,0.0008105804662547625,0.9006728790826765,0.0062136453694543944,-0.004169631988002264,0.0036859747242309056,0.2826086956521739,4.532599493153256,0.04607645830870539,0,1,0.0037308892745919983,-0.4981869106544423,0.6202828163426513
2023-07-01,0.0008102522960775077,-0.020031794912320294,0.027436096723984327,0.0037308892745919983,-1.6310331207240023,0.0,0.0,0.0,0.4772727272727273,3.8066624897703196,-0.6866324995160245,1,1,0.001017271646457164,-1.4188371547944836,0.6683321035410518
2023-07-02,0.0037312174447691813,0.004211382146576006,-0.005475613166808475,0.001017271646457164,0.2855690179823519,0.0,0.0,0.0,0.125,3.4965075614664802,-1.0001722158236073,1,1,0.01745687224902878,-0.15284220451924,2.461435720753453
2023-07-03,0.0010169450307914833,0.018948307818581037,0.013677221149209594,0.01745687224902878,0.6308877688613491,0.00031225960354337316,0.0007770199620407641,-0.001472788033232051,0.5333333333333333,4.663439094112067,0.20627974527172876,0,0,-0.012586501609656327,-1.7359872116843065,0.622301405971989
2023-07-04,0.01745719886469442,-0.0009344708987859017,0.001625422177378107,-0.012586501609656327,-0.276023526508071,0.0,0.0,0.0,0.6344086021505376,4.543294782270004,0.1241396014219716,0,0,-0.008542384639438915,-1.8584836355900494,0.36194624666445435
2023-07-05,-0.012586176580968493,-0.015190053202731644,-0.013811465848713726,-0.008542384639438915,0.0002876101343359274,-0.001093367263780315,0.0036829357551965867,0.043971091267771496,0.5087719298245614,4.74493212836325,0.3364722366299849,0,0,-0.02017875019166179,-2.1684460995422294,3.210316973430184
2023-07-06,-0.00854303748533478,0.01994132262821839,-0.011642009278960712,-0.02017875019166179,0.7641497611598687,-0.0056944618118118595,-0.0019367157864437802,0.08512897479383703,0.4645669291338583,4.852030263919617,0.38156844446228033,0,1,0.014916247025860701,-0.652423725234858,1.8347526988518164
2023-07-07,-0.020178756873796236,-0.03393439293744559,-0.00501852644858805,0.014916247025860701,-0.738738499962475,0.009126768323334932,-0.008761753370652348,-0.0403093664141097,0.33884297520661155,4.804021044733257,0.2865021313201967,0,0,-0.0019815498424806542,-0.9943255507540589,0.13867597478965166
2023-07-08,0.014916581525203245,-0.0020445202147607844,0.011497228770668822,-0.0019815498424806542,-0.9562338505663616,0.0,0.0,0.0,0.2916666666666667,3.8918202981106265,-0.64435701636968,1,0,-0.004100239112277894,-0.7407680642566026,0.5298533805964645
2023-07-09,-0.0019815498424806542,0.0019302242155874796,0.0005540250224938902,-0.004100239112277894,0.16142140469791552,0.0,0.0,0.0,0.4418604651162791,3.784189633918261,-0.7713993774364378,1,1,0.008283044133908972,-0.7010759415267572,2.8922805343318534
2023-07-10,-0.004100239112277894,0.019524032425075905,-0.003703317884979586,0.008283044133908972,0.9863426175485339,-0.0006231570554215221,-0.002937677646362029,0.016053841382581882,0.27049180327868855,4.812184355372417,0.2456430202601209,0,1,0.006898842392956891,-0.36754155953115203,1.3133996447812082
2023-07-11,0.008283044133908972,-0.007505764761597485,0.011618387953865057,0.006898842392956891,-0.3708723387495101,0.0032674088391857186,-0.0023563865432139302,-0.015379744366417324,0.384,4.836281906951478,0.22314355132220975,0,0,-0.007937473335964864,-1.3548975105011136,1.172476537406029
2023-07-12,0.006898842392956891,0.005489611319204926,-0.0029747171167428432,-0.007937473335964864,0.2913595044727109,0.012810414334619996,-0.011965598524406462,-0.09167798335466223,0.4358974358974359,4.770684624465665,0.1527271920509516,0,1,0.034748976139702924,-0.42552553859353465,4.581385936900535
2023-07-13,-0.007937473335964864,0.026151620658980027,0.0013562463831107109,0.034748976139702924,0.6190203787361953,0.0015324108197861239,-0.007489176001020683,0.005156526770827636,0.4594594594594595,4.718498871295094,0.12310605815430714,0,0,-0.03698946968873567,-5.067499291068903,0.5572564010227723
2023-07-14,0.034748976139702924,-0.005492319219074599,-0.011670761385050726,-0.03698946968873567,-0.15271217428142633,0.0004592781602337969,0.0014023141203172327,-0.020037739511752393,0.41379310344827586,4.477336814478207,-0.06975886155503978,0,0,-0.0007422255191403193,-0.37020792377701917,0.2599217876527903
2023-07-15,-0.03698979959103012,-0.0399628158224355,0.009983443984183205,-0.0007422255191403193,-1.4592688237074782,0.0,0.0,0.0,0.375,3.2188758248682006,-1.3201672772555149,1,0,-0.0019011428276580337,-0.746368938652263,0.5003716950141031
2023-07-16,-0.0007418956168458526,0.0016622735544727096,-0.004503835667892728,-0.0019011428276580337,0.10999344396869144,0.0,0.0,0.0,0.42857142857142855,3.367295829986474,-1.1418802688809109,1,0,-0.0031138012758330853,-1.9128271279107982,0.34661358697252415
2023-07-17,-0.0019008120522659548,-0.003438723908073698,-0.01356572472024346,-0.0031138012758330853,0.6727151585042048,-0.003936082358076339,-0.0007009494576735545,0.01044001959958077,0.39361702127659576,4.553876891600541,0.11588514175894307,0,0,-0.00929617827722886,-2.09898737015881,0.3371442156630519
2023-07-18,-0.0031138002442592403,-0.0032084949889279054,-0.004975403698313254,-0.00929617827722886,-0.028872327688612313,0.012622280219577665,0.0010011624034427166,-0.013443021956755858,0.45263157894736844,4.564348191467836,0.17901874641579818,0,1,0.0016758040032582482,-0.3259587707477692,1.0989945114452675
2023-07-19,-0.009296175178310866,-0.0016776753194065646,0.008434107716881538,0.0016758040032582482,-0.15649551996025465,0.0001517429045972916,0.003396230772367326,0.03400179957037673,0.39,4.61512051684126,0.2613647641444076,0,0,-0.00365806621063334,-1.1373661048104138,1.6850325924145544
2023-07-20,0.0016754690973743562,0.007536184812950955,-0.0064382693373682635,-0.00365806621063334,0.3805946729922953,-0.004663169815610156,0.005965403313288571,0.01657692317794938,0.4117647058823529,4.634728988229636,0.298005955803221,0,1,0.0034076103143899864,-0.2474872051506515,0.8743542773924908
2023-07-21,-0.00365806621063334,-0.011764849360853806,0.00524072278596442,0.0034076103143899864,-0.45232492093881743,-0.002034278228194697,0.0018816786366874334,-0.0282729515257504,0.14414414414414414,4.718498871295094,0.33827566362937267,0,0,-0.0036089728683473903,-0.929402884872432,0.3248043947505392
2023-07-22,0.0034076103143899864,-0.0020878885120296773,-0.0034115464828280186,-0.0036089728683473903,-0.48794997571708093,0.0,0.0,0.0,0.4166666666666667,3.8918202981106265,-0.54246270868834,1,1,0.009678127907075769,-0.21503939473949021,1.8489486548106
2023-07-23,-0.0036093085064516062,0.011632469732253079,0.0035346620329820572,0.009678127907075769,0.2213564949423697,0.0,0.0,0.0,0.15555555555555556,3.828641396489095,-0.6359887666977745,1,0,-0.030621568131757492,-4.146277261994984,0.052605930463015885
2023-07-24,0.009678463545179945,-0.008285299336400053,-0.029634250765479247,-0.030621568131757492,0.7730543007983449,-0.002038424953129538,0.002766514775348219,0.02253817417444661,0.16964285714285715,4.727387818712341,0.24604408442312503,0,1,0.0017946972401168204,-0.44260057155826377,0.6814423705360617
2023-07-25,-0.030621568131757492,-0.024333203731027174,0.006415198772609741,0.0017946972401168204,-0.6084547894439097,0.0009177681383584213,0.0,-0.003601025974701848,0.15315315315315314,4.718498871295094,0.21130909367621586,0,1,0.004201036310069169,-0.4525273963701488,1.5652000802832189
2023-07-26,0.0017946972401168204,0.0106322743375884,0.0016954289919979971,0.004201036310069169,0.4532414195309005,0.003459707764402656,-0.0045490494718553,-0.049548034075017525,0.2807017543859649,4.74493212836325,0.21596387322096128,0,0,-0.004410782171051959,-0.9176286983295124,0.7316122650989944
2023-07-27,0.004200695617260092,-0.004134841841773049,-0.0004499767095246124,-0.004410782171051959,-0.41187846284980345,-0.012007399562659367,0.008684523847732521,0.08846346450642487,0.375,4.574710978503383,0.05348868496140287,0,1,0.0031214513568593983,-0.34161816656114463,1.0871884503400846
2023-07-28,-0.00441044147824287,-0.0008550203186411089,0.001349323146631753,0.0031214513568593983,0.06531854347773877,0.007680922504028945,-0.001474939024794114,-0.07790527095526222,0.23958333333333334,4.574710978503383,0.07731824779438672,0,1,0.0013213554199944793,-0.19791600564745532,0.31600273294335757
2023-07-29,0.0031214513568593983,-0.00459040581710785,0.0045584729659962206,0.0013213554199944793,-0.7934966106807912,0.0,0.0,0.0,0.30434782608695654,3.8501476017100584,-0.65516793247299,1,0,-0.002449433712539638,-1.0949968399279113,0.3268604774989571
2023-07-30,0.0013213554199944793,0.0014299328655507913,-0.007649452922810015,-0.002449433712539638,0.36981364811378925,0.0,0.0,0.0,0.2777777777777778,3.6109179126442243,-0.8856678716323945,1,0,-0.0016693633056041337,-0.6141887241600996,0.8464780579663492
2023-07-31,-0.002449433712539638,0.002746742092134125,0.0023586474451385564,-0.0016693633056041337,0.3640879375568538,0.005138771146053185,0.00235893425496883,0.022256125637552852,0.15447154471544716,4.820281565605037,0.32515441169668136,0,1,0.016076157104390566,-2.236595908643914,1.7195170282591123
2023-08-01,-0.001669021217729035,0.007061026397323599,-0.017893435150442175,0.016076157104390566,0.6822202573595367,-0.015238610077067491,0.004310375340513024,0.021771555594829607,0.11,4.61512051684126,0.13598337588180928,0,0,-0.017659224099430867,-2.6556009206598707,1.1430753869852721
2023-08-02,0.016075815016515258,0.0103117406916518,0.011886106984230881,-0.017659224099430867,0.07456523387386753,-0.0017018269642495524,0.002830723614032855,0.14415316078816773,0.4473684210526316,5.030437921392435,0.4943579532040786,0,1,0.0002613924558795061,-0.7497712412183255,0.8438220815991903
2023-08-03,-0.01765956672940025,-0.020651757153291653,0.0013990726949846652,0.0002613924558795061,-0.598704864601654,-0.0027911448212779625,-0.00048745111902339825,-0.010621785279120752,0.31666666666666665,4.795790545596741,0.22165656220096486,0,0,-0.002732062666357572,-1.3313718899041154,0.47650120777639365
2023-08-04,0.00026207762615179203,-0.0034118162823482865,-0.005554614030978288,-0.002732062666357572,-0.11706469611926995,0.0039260178715701454,-0.005084135693926122,0.07150230060821507,0.3364485981308411,4.68213122712422,0.09078106590401495,0,0,-0.0014388313646510047,-0.4659807790199175,0.13125960630476044
2023-08-05,-0.0027320617292368125,-0.006184478681073929,0.005921848442484453,-0.0014388313646510047,-0.7042871395649868,0.0,0.0,0.0,0.40384615384615385,3.970291913552122,-0.6395377299353338,1,1,0.0005601735343276643,-0.27641925212391255,0.4563025851228585
2023-08-06,-0.001439174842074775,0.0018115984235300589,0.0004567839043090292,0.0005601735343276643,0.12364216456015137,0.0,0.0,0.0,0.3888888888888889,3.6109179126442243,-1.007262510052104,1,1,0.004207247848642796,-1.3407146211381382,0.6454553533354723
2023-08-07,0.0005605173136833415,0.0024517012164539382,-0.010082780155814479,0.004207247848642796,0.8543544275187678,-0.0031499215966816637,0.0002940795702701876,-0.08096905581433864,0.17073170731707318,4.820281565605037,0.2214029068445558,0,1,0.01896787840738051,-0.2214283179622881,3.475041301265844
2023-08-08,0.0042069040692872236,0.03250310732794654,0.01540011088040156,0.01896787840738051,0.38919181674996806,-0.00487351880894349,0.004692507615797259,0.013854082529355417,0.453125,4.859812404361672,0.22147084393451863,0,0,-0.006349552885029144,-1.331446117855331,1.3001260049009855
2023-08-09,0.018967542503430294,-0.002781274556268114,0.007867700408450242,-0.006349552885029144,-0.1844215304357633,-0.004531822404694047,-0.00039021477602083115,-0.0018779181199778247,0.631578947368421,4.897839799950911,0.2866085350507755,0,0,-0.004276592986209428,-0.8889031928129376,0.5259959069315077
2023-08-10,-0.006349216981078876,-0.014090853864723767,-0.001924123634605248,-0.004276592986209428,-0.4822444003397211,-0.0005222204866973095,0.00029265675152248424,-0.006916070021043794,0.40350877192982454,4.74493212836325,0.14107859826867755,0,0,-0.0010094804377126705,-0.6925806365611016,0.3685856507994844
2023-08-11,-0.004276253493977755,-0.00585069554752968,-0.0023133674236909723,-0.0010094804377126705,-0.1283563223678894,-0.0007838424255554935,0.0031164780362246446,-0.06584327636934291,0.3333333333333333,4.663439094112067,0.06173067545469063,0,1,0.0001406818655240356,-0.1512390100544463,0.18782032493195788
2023-08-12,-0.0010101597651751388,-0.0028171336963878036,0.004403935827353925,0.0001406818655240356,-0.8330369951572959,0.0,0.0,0.0,0.35555555555555557,3.828641396489095,-0.7753852787746952,1,0,-0.004301773191170979,-0.5377979041546164,0.1510233235724605
2023-08-13,0.00014136148806511852,-0.0002272881480711505,-0.003724907075477665,-0.004301773191170979,0.2130483700846145,0.0,0.0,0.0,0.5434782608695652,3.8501476017100584,-0.767920414940657,1,1,0.0043275966976988696,-0.6896202382822547,1.3270892178566824
2023-08-14,-0.004301771726334951,0.0074588857516713234,-0.005819996532447339,0.0043275966976988696,1.041080947671554,-0.0012031118637710577,0.003397625999040487,-0.001348648745654453,0.408,4.836281906951478,0.2288742260311948,0,0,-0.0078774528796102,-1.2697268731356757,0.23190161315375493
2023-08-15,0.004326915666901487,-0.006624279349330251,-0.0014734696508353464,-0.0078774528796102,-0.1338530771569561,-0.0042485053218492995,0.00019376592036012268,0.1049555403517941,0.5,4.762173934797756,0.17154242254774826,0,0,-0.016209084961303622,-1.6467728504428372,0.2047559852107009
2023-08-16,-0.007876770635264159,-0.00814890915904083,-0.011647912652681794,-0.016209084961303622,0.182080538937858,-0.0033696785716192438,0.002032610555728277,0.0192546023319537,0.2288135593220339,4.77912349311153,0.2108107134012243,0,0,-0.07616872037641167,-13.246574714315628,0.18419871400645227
2023-08-17,-0.01620942742699841,-0.01641465767334602,-0.13220710360003154,-0.07616872037641167,1.1114743970216232,-0.00634889183821112,0.00019340880270946712,0.06405412144418428,-0.014084507042253521,4.962844630259907,0.3549517959030924,0,0,-0.021619596661148415,-3.8456640235946242,0.7826662253891392
2023-08-18,-0.07616872037641167,-0.07018404526258483,0.017840386530798245,-0.021619596661148415,-0.3623817607238744,0.0010609517869105895,-0.0005802648656852326,-0.03353540600052895,-0.47107438016528924,4.804021044733257,0.1722192742460229,0,1,0.0017643901949644589,-0.975456817820935,0.8674937367468559
2023-08-19,-0.021619596661148415,-0.020771321547571393,0.0070824753965886235,0.0017643901949644589,-0.9812398215018053,0.0,0.0,0.0,0.015625,4.174387269895637,-0.49098728153070126,1,1,0.003441579224086804,-0.4953241346154975,0.7595218176808406
2023-08-20,0.0017643901949644589,0.0006846710043042887,0.006565717027018677,0.003441579224086804,-0.3168304518827373,0.0,0.0,0.0,0.0,4.204692619390966,-0.4871714328529495,1,0,-0.0024110762869472635,-1.4537776620830345,0.26094228148693643
2023-08-21,0.003441961049283905,-0.001544216137852058,-0.006142956050588458,-0.0024110762869472635,0.46263614133941877,0.0038101719353386674,-0.00048372525334603947,-0.0098751940591841,0.14166666666666666,4.795790545596741,0.11733670671287544,0,0,-0.0027181324335439115,-3.216180467400178,0.04783193251457858
2023-08-22,-0.0024114581121442097,-0.0045421797766709016,-0.020035104340118747,-0.0027181324335439115,0.12353490602897732,0.0016360008536025392,0.002223363361818215,-0.009384224560183918,-0.1,4.709530201312334,0.03838988956073356,0,1,0.01435456870308414,-0.9376800235093158,2.887259101550867
2023-08-23,-0.002718516222380198,0.025676139256818945,0.020066872005364524,0.01435456870308414,0.2511271977711943,0.011586265785144559,-0.0019330853691412416,-0.060109127091726666,0.06382978723404255,4.955827057601261,0.25610225027405326,0,0,-0.009604966342235453,-2.1750596253884606,0.5476277956886096
2023-08-24,0.014354574172856373,-0.009041744355538365,0.0019807726842926998,-0.009604966342235453,-0.3767133247416326,-0.0001564098483359136,0.00598055930058945,0.07357151648426023,0.31654676258992803,4.941642422609304,0.24575072433151354,0,0,-0.004595714908301547,-1.5509229749516336,0.5105346736268793
2023-08-25,-0.009604588023171235,-0.009975897562852781,-0.0033635998378671746,-0.004595714908301547,-0.08465868437266183,-0.0037082411186101292,0.0009612465570264075,-0.09252339379134868,0.1652892561983471,4.804021044733257,0.10706733679863316,0,0,-0.0016375635459644805,-0.28471025514481285,0.25202281083655875
2023-08-26,-0.004596098638082065,-0.0071808335362048255,0.008066412289766657,-0.0016375635459644805,-1.0185511618689045,0.0,0.0,0.0,0.2727272727272727,4.204692619390966,-0.5016931401875666,1,1,0.00323873624067934,-0.19721656424070283,0.6316544500024895
2023-08-27,-0.0016367954576542755,0.0021587528456948946,-0.0007626266369234004,0.00323873624067934,0.18837092932277558,0.0,0.0,0.0,0.30612244897959184,3.912023005428146,-0.7769951530174128,1,1,0.000698176287035663,-0.9131755995035631,0.5814849365608649
2023-08-28,0.003238734997857306,0.002737041106263329,-0.003920854111949077,0.000698176287035663,0.6288641715238258,0.003551870450310385,-0.00019221939637896422,-0.03901667686447267,0.0196078431372549,4.634728988229636,-0.01941808584729767,0,1,0.059320826564098275,-0.7609275407046965,7.459202146730595
2023-08-29,0.0006977931713280764,0.06947534838873305,0.0022206568750244154,0.059320826564098275,1.185424594257107,0.009651369784435556,-0.004913015087694797,-0.04267495616173335,0.4666666666666667,5.111987788356544,0.3887229269711513,0,0,-0.0151357950818478,-2.55469502156957,0.188267460205936
2023-08-30,0.059320826564098275,-0.013388520301148453,0.041383151755449564,-0.0151357950818478,-0.7393905187142813,0.004019820260445598,-0.0037734008004791223,-0.040245438035115294,0.551948051948052,5.043425116919247,0.303263565631053,0,0,-0.05107008806335594,-6.214746170906286,1.047679817531686
2023-08-31,-0.0151357950818478,-0.006541671508590235,-0.05173630657521489,-0.05107008806335594,0.3643945161536839,-0.003142358107314131,0.004449171380475796,-0.02258751196590744,0.2746478873239437,4.962844630259907,0.2183762608973416,0,0,-0.005246038619321044,-2.367874897573881,0.8262361871904704
2023-09-01,-0.05107047355685015,-0.053284524366768185,-0.012601375330031896,-0.005246038619321044,-0.2181127224205165,0.0008252180232353599,0.005965524430269651,-0.03601285977913649,0.00909090909090909,4.709530201312334,-0.023107575001058606,0,1,0.0024948459526167835,-0.20396643682140678,0.7045443976327497
2023-09-02,-0.005246040646948983,-0.006462956514898224,0.016393045988203733,0.0024948459526167835,-0.9262151976249565,0.0,0.0,0.0,0.19672131147540983,4.127134385045092,-0.6063486827457851,1,1,0.003923561650647033,-0.26905632328487955,1.0210357004464579
2023-09-03,0.0024956200291112868,0.0056597589807539,0.0018439470879820902,0.003923561650647033,0.0726006185315485,0.0,0.0,0.0,0.26666666666666666,4.110873864173311,-0.6368287499530552,1,0,-0.005606105973525642,-1.317786724902979,0.5253930010330622
2023-09-04,0.0039231750952747405,-0.001032865343486839,-0.006563742365534003,-0.005606105973525642,0.2201403987352929,0.0,0.0,0.0,0.3486238532110092,4.700480365792417,-0.04860291577472786,0,0,-0.0013142673496244822,-1.025138266901184,0.3458348593732746
2023-09-05,-0.005605718767209679,-0.007401687390123676,-0.002679621393507716,-0.0013142673496244822,-0.021076988724867223,-0.007035775353867591,0.005453251565243127,0.06792278510731134,0.1504424778761062,4.736198448394496,0.054558984259284016,0,0,-0.0012472832474370724,-1.6401939019658707,0.9565573852451041
2023-09-06,-0.0013142668403972437,0.004792957909093883,-0.007464823700271394,-0.0012472832474370724,0.24570825639372257,-0.004214024777917188,0.0004769690765721958,0.030923024672847757,0.2835820895522388,4.90527477843843,0.2520762170050292,0,1,0.019035486849342184,-0.5628007901769672,2.617580714703002
2023-09-07,-0.0012476709629803248,0.015362950047141917,0.009526647870452022,0.019035486849342184,0.015467884694851032,-0.00031284575797763917,0.0019054593225865462,-0.0034662212677953473,0.15833333333333333,4.795790545596741,0.17237122594912,0,0,-0.01320815513349337,-2.341970379107146,0.7229564415198284
2023-09-08,0.019035486849342184,8.924411751058639e-05,0.0012437909600404502,-0.01320815513349337,0.04630682508820356,0.00046926375810114266,0.00028549874253529364,-0.039665218876341175,0.35135135135135137,4.718498871295094,0.09299625668293683,0,0,-0.0003431630206622342,-0.4404041067893042,0.1334089733826628
2023-09-09,-0.01320815513349337,-0.019103629814864968,0.005807507589685066,-0.0003431630206622342,-0.9711555634531023,0.0,0.0,0.0,0.17391304347826086,3.8501476017100584,-0.7664784536237559,1,0,-0.0023191454606873935,-1.286304813288683,0.5085187178502754
2023-09-10,-0.0003435490971235474,0.003407934424014005,-0.008802170085655975,-0.0023191454606873935,0.534435757699525,0.0,0.0,0.0,0.14285714285714285,3.7612001156935624,-0.8311329235100388,1,0,-0.02663039767580389,-3.707802016816448,0.22836258022899836
2023-09-11,-0.0023191463570941596,-0.005120706836900046,-0.02653411749596505,-0.02663039767580389,0.7995091473324224,0.0025509680494884674,-0.004960390338031698,-0.0028943552301342276,-0.18032786885245902,4.812184355372417,0.2161423558634228,0,1,0.02657196307677719,-0.12343422253568004,5.43142583016132
2023-09-12,-0.02662961328653993,0.02540023482351915,0.009213280267003647,0.02657196307677719,0.30300158432767826,-0.006258821711373876,0.0013379148638041805,0.03068377394831886,0.15846994535519127,5.214935757608986,0.524712916259827,0,1,0.014671204201257093,-0.2942781858785034,2.163416900358405
2023-09-13,0.026571565660381238,-0.006108126221252013,0.02486352344334901,0.014671204201257093,-0.5795789371533391,-0.0011517503252713073,0.0005728237679779794,-0.0541453084074137,0.2734375,4.859812404361672,0.17520408903290313,0,1,0.011403348118842957,-0.36382938910713736,2.4057680591618795
2023-09-14,0.014671204201257093,0.017094715789291916,0.013975692168970688,0.011403348118842957,0.19281593877569633,0.0004713280283196849,0.006090103684779919,-0.05020064383757028,0.4298245614035088,4.74493212836325,0.06738299725481989,0,1,0.0029091145916004006,-1.1327079194579182,1.3677989226751548
2023-09-15,0.011403348118842957,0.0010236567539758019,0.0037145628153352037,0.0029091145916004006,-0.37951503161260336,0.00714714748905865,-0.0008542112781683579,0.07293726135107188,0.5408163265306123,4.59511985013459,-0.06626807415056211,0,0,-0.0015173159554027868,-0.5844111269710175,0.663209430179577
2023-09-16,0.002908738651680126,-0.0041367803333553325,0.008392082516469371,-0.0015173159554027868,-0.630537646979217,0.0,0.0,0.0,0.3111111111111111,3.828641396489095,-0.8432078751134563,1,0,-0.0012115920994153866,-0.6067769185278356,0.23909943376480533
2023-09-17,-0.0015169400154824936,-0.005758415919550403,-0.001740973870970981,-0.0012115920994153866,-0.07145955940042854,0.0,0.0,0.0,0.631578947368421,3.6635616461296463,-1.0068047393886712,1,1,0.008819719840065637,-0.5676620379665389,3.2689118880948476
2023-09-18,-0.0012119690666423531,0.029086532443884983,-0.0008204432938024832,0.008819719840065637,1.1964067691359337,0.00404651357660179,-0.0011400604359988998,0.015113640576325997,0.5688073394495413,4.700480365792417,0.06497548859962374,0,1,0.01659208048714994,-0.35455574543618423,2.6586344007083866
2023-09-19,0.00881972315019283,0.0027169449662008977,0.010950782765369144,0.01659208048714994,-0.17241291742432394,0.00025883266612720474,0.0,0.00782641191758886,0.4140625,4.859812404361672,0.30570057796227157,0,0,-0.003138296199427117,-1.5192220543239785,0.6533855709143882
2023-09-20,0.01659208663574971,-0.0034604078107900917,0.0049454173982719455,-0.003138296199427117,-0.0563605637353513,0.007014664451038077,-0.0003802366086579648,0.07045652915299092,0.42201834862385323,4.700480365792417,0.1742285743729614,0,0,-0.020745316649489014,-2.793685563556345,0.12747631809197138
2023-09-21,-0.003137560027400751,-0.008397388727651322,-0.01588293129175093,-0.020745316649489014,0.007850712158971773,-0.01366199313993277,0.0019000285421893555,0.1471437684547391,0.13953488372093023,4.867534450455582,0.3195617644806483,0,1,0.0004538251782273123,-0.3744947751063818,0.6576470867971262
2023-09-22,-0.02074568531301549,-0.015443608962437447,0.0034465912350105637,0.0004538251782273123,-0.6389631135313243,0.003225343940292486,0.002085913510251681,-0.01957461096422612,0.23577235772357724,4.820281565605037,0.23453219828634847,0,0,-0.0001572726369548166,-0.26800224143909196,0.19795939597497172
2023-09-23,0.0004538251782273123,-0.004143051729994159,0.001518750514900382,-0.0001572726369548166,-0.6562938872919343,0.0,0.0,0.0,0.4,4.110873864173311,-0.5050949490403391,1,0,-0.01240277490489352,-1.722611404912958,0.6098922580352517
2023-09-24,-0.0001568963571093911,0.003962055983647873,-0.014703364271693472,-0.01240277490489352,0.5090542750749916,0.0,0.0,0.0,0.47761194029850745,4.219507705176107,-0.43556888639347,1,1,0.002147539347757194,-0.9874725235697986,0.7506317206296436
2023-09-25,-0.012402770208918982,-0.010995380278949555,-0.005051386091461993,0.002147539347757194,0.5141984095913411,-0.004580980852414335,0.003970117373779511,-0.017595828819496954,0.26119402985074625,4.90527477843843,0.22367674248333125,0,0,-0.0031656440496646743,-0.826334098115818,0.3515981207104574
2023-09-26,0.002146778213255093,-0.0018427966514347773,0.003758923602296979,-0.0031656440496646743,-0.350763705196693,-0.008488367011878661,0.002167492280471816,0.1139625165984174,0.25735294117647056,4.919980925828125,0.22788164915634637,0,1,0.005754212215801185,-0.4188891572431809,2.3679652809267697
2023-09-27,-0.003164882527091705,0.016998027552498383,0.0009088053590617574,0.005754212215801185,0.6312809953093382,-0.015270736211994486,0.004133353079251241,-0.03875626180982192,0.13178294573643412,4.867534450455582,0.14899602924634578,0,1,0.024288394222757907,-0.11605720239779274,3.4856896306883254
2023-09-28,0.00575421002765431,0.0169314557134169,0.008782531764255088,0.024288394222757907,0.24708951324105852,-0.00600213547461397,-0.004227512985321681,-0.04950387399329105,0.36,4.836281906951478,0.12265201277588735,0,0,-0.0042437853832940535,-1.3270930174578452,0.823720600468384
2023-09-29,0.024288015047014055,-0.002331296079441406,0.012178036072157282,-0.0042437853832940535,-0.4467312702044427,-0.006633460391607326,-0.0004708607074282241,0.01032713148414973,0.47540983606557374,4.812184355372417,0.09965214520934469,0,1,0.002064247824862265,-0.07677540708842372,0.6963850745353872
2023-09-30,-0.0042437853832940535,-0.005517140642624094,0.008259390720400163,0.002064247824862265,-0.7993523401089956,0.0,0.0,0.0,0.225,3.713572066704308,-0.989275624605644,1,1,0.03748988079317705,-0.0314188662302959,4.00921833037996
2023-10-01,0.0020646187094570468,0.035192580383308046,0.0025178132334434983,0.03748988079317705,0.6530545712187834,0.0,0.0,0.0,0.4897959183673469,3.912023005428146,-0.7621400520264887,1,0,-0.017952769440012815,-2.573250031302343,2.076805468281082
2023-10-02,0.0374898671461711,0.018165752172188437,0.012071569142456488,-0.017952769440012815,0.8414377477665609,-0.009842104245885759,0.006852266525849709,0.005123845531178813,0.5625,4.859812404361672,0.20626668097408482,0,0,-0.0024781075361443865,-1.2222636432227856,0.6598051923477083
2023-10-03,-0.017953126677601766,-0.03212277219934649,-0.004442905559217243,-0.0024781075361443865,-0.6794552406967371,-0.0029551953045940734,0.0009350021570161637,0.11620440374120897,0.24603174603174602,4.844187086458591,0.20433069829368122,0,1,0.012756619276586195,-0.8217740832191802,1.4955537101624332
2023-10-04,-0.002478472147611549,0.005879377642003102,0.0015267880638918133,0.012756619276586195,0.03020656336012458,-0.0033487861038288733,-0.0018708793613009128,-0.06258563162924435,0.33613445378151263,4.787491742782046,0.16117811564311846,0,0,-0.013342721522066095,-1.5475207782339417,1.223007585923925
2023-10-05,0.012756983888053453,0.010031158034200977,0.00549915232643842,-0.013342721522066095,0.028609818201780653,-0.0010453767983574398,-0.004410472217120931,-0.004855696259100858,0.47863247863247865,4.770684624465665,0.15557619682702645,0,1,0.018818266735082634,-0.8590115571866572,3.176297199721371
2023-10-06,-0.013342721522066095,0.006190174615908448,-0.006457629311593328,0.018818266735082634,0.21348533981838758,0.007458615173471331,-0.002731092828867225,-0.057890340650457284,0.3826086956521739,4.7535901911063645,0.14837031692045466,0,1,0.0009154062279922295,-0.31918600133094843,0.35231866747875
2023-10-07,0.01881862475899823,-0.009421518587343556,0.024216522293639742,0.0009154062279922295,-1.0457157241417117,0.0,0.0,0.0,0.37735849056603776,3.9889840465642745,-0.6448286032702697,1,0,-0.0014181982742726472,-0.9674763754993883,0.49407960844746207
2023-10-08,0.0009150482040767271,0.002333015637679314,-0.005567497513692115,-0.0014181982742726472,0.38886278782381806,0.0,0.0,0.0,0.23076923076923078,3.6888794541139363,-0.9373136155499232,1,0,-0.011779875664382407,-2.3817187017689125,0.2535732522558966
2023-10-09,-0.001417840070300116,-0.0038232618361882845,-0.015560621536967833,-0.011779875664382407,0.4707978514964238,0.010490108470351069,0.00037715364400857604,0.014224990313812625,0.20967741935483872,4.8283137373023015,0.22516171547851152,0,0,-0.007275373195296091,-1.0644298187689547,0.5237415885504647
2023-10-10,-0.011780233868354927,-0.009078192301436756,0.0013930131656172818,-0.007275373195296091,-0.3253455995317213,0.006198645369741984,-0.0023594932911438103,-0.03858814768935068,0.272,4.836281906951478,0.23463793074794476,0,0,-0.01896652932854734,-3.157982662366664,0.31811202511010234
2023-10-11,-0.007275373195296091,-0.009331668829699796,-0.028210901631273266,-0.01896652932854734,0.49457370880924584,0.0063206856067081355,-9.45158154103102e-05,-0.056778564506664936,0.0948905109489051,4.927253685157205,0.3006261048553763,0,0,-0.004321426540286491,-1.1997781223487354,0.26576232009493866
2023-10-12,-0.01896652932854734,-0.019490026378698882,0.0006155160716319878,-0.004321426540286491,-0.4663588537868327,-0.0018706079095983437,0.007062508777175011,0.03661179918471129,-0.023255813953488372,4.867534450455582,0.22369741453191114,0,1,0.0038182399293200187,-0.27927987716551966,1.3745718113277023
2023-10-13,-0.004321426540286491,0.006766668372041113,0.004883555911545603,0.0038182399293200187,0.028906522198485083,0.03060790174466398,0.000750415855463118,0.14633104331612187,0.16806722689075632,4.787491742782046,0.1374836273504501,0,0,-0.0003544668067039467,-0.27212929880049863,0.47382171029442105
2023-10-14,0.0038182399293200187,-0.005189261081012661,0.003889745712970333,-0.0003544668067039467,-0.8394021367218498,0.0,0.0,0.0,0.3888888888888889,4.007333185232471,-0.6540322818954132,1,1,0.011171707530674917,-0.1648505714197868,1.6284168314845808
2023-10-15,-0.0003544668067039467,0.011191484405197754,0.0007183204671033472,0.011171707530674917,0.3827336826726752,0.0,0.0,0.0,0.46153846153846156,3.970291913552122,-0.709496318542244,1,1,0.04840156611029453,-0.1529111738252878,9.966749245130089
2023-10-16,0.01117133926277323,0.0945550316671299,0.011291101506619739,0.04840156611029453,1.6356167135401283,-0.003274031158004355,-0.003851793604177387,-0.11565025596248249,0.47333333333333333,5.017279836814924,0.31536327341764436,0,0,-0.0036863346095197267,-1.5254290392198824,0.39524213735288927
2023-10-17,0.0484015835105446,-0.04731350496747759,0.0346763874563486,-0.0036863346095197267,-0.7130160861825926,0.0008324968566679965,9.414218399375051e-05,0.03819216578233453,0.381294964028777,4.941642422609304,0.22109016250956173,0,0,-0.0026768518861103275,-0.8951084176266638,2.0442248337958673
2023-10-18,-0.0036859837418679363,0.01280349235491023,0.002616871606412484,-0.0026768518861103275,-0.1779975203068104,0.016813236521731816,0.0030072355647203807,0.07226864500819685,0.3617021276595745,4.955827057601261,0.23026101909016577,0,1,0.01380644022600064,-0.7775205217163019,2.0857584646454392
2023-10-19,-0.0026768518861103275,-0.0022615155776146228,-0.0015009729270067187,0.01380644022600064,0.10981156071640799,0.006677383090401854,-0.0030072355647205343,0.10743953638554474,0.5033557046979866,5.0106352940962555,0.26025718582851737,0,1,0.03272936881268124,-0.47273703901917613,5.0717184084511615
2023-10-20,0.01380644022600064,0.04366603966405786,0.01685427505297204,0.03272936881268124,0.5040542082677177,0.007137632114181281,-0.0008473832844427251,0.014382037517315394,0.556390977443609,4.897839799950911,0.12939694068183863,0,1,0.008082108028452294,-0.6908765476162916,2.368009013944819
2023-10-21,0.032729705864311835,0.005692274867617856,0.030547973726709858,0.008082108028452294,-0.769843342288111,0.0,0.0,0.0,0.5616438356164384,4.30406509320417,-0.4934544802720722,1,1,0.002759830846653565,-0.906138546476699,1.12438806959785
2023-10-22,0.008081770976821624,-0.004354101415017322,0.005929488039848157,0.002759830846653565,-0.18576033803273131,0.0,0.0,0.0,0.265625,4.174387269895637,-0.639265953880737,1,1,0.09768020786547688,-0.3636181804343815,14.70007224126324
2023-10-23,0.002759830846653565,0.1385166725633072,0.008185034507076722,0.09768020786547688,1.4090448170521828,-0.0031322401557761035,-0.00585738786786636,-0.06370967028123974,0.5689655172413793,5.1647859739235145,0.3330298924359873,0,1,0.02545906657086265,-0.7212219359612431,6.469000653380706
2023-10-24,0.09768020786547688,0.015369491986651537,0.09410417031020837,0.02545906657086265,0.20912670071489733,-0.0006580360180047346,0.006892957143663121,-0.07120452368766059,0.5943396226415094,5.3612921657094255,0.4502538546801645,0,1,0.016759533553249224,-0.7209308850166394,3.5051299053126526
2023-10-25,0.02545906657086265,-0.004179640909817818,0.025461977080308493,0.016759533553249224,-0.7419570479601704,0.004597000160347399,0.00244363036845258,0.06232871102580391,0.5307262569832403,5.19295685089021,0.24167005784940138,0,0,-0.01003363081588025,-2.183477821967563,0.9465712571794458
2023-10-26,0.016759533553249224,-0.008826052928082789,0.0021340641837399883,-0.01003363081588025,-0.3228014304559516,0.001561189672270813,0.0006568732533501358,0.023979605620941095,0.5634517766497462,5.288267030694535,0.2898599317568699,0,0,-0.00763160546721126,-2.2526288729966764,0.2729374736853495
2023-10-27,-0.01003363081588025,-0.01676996865082132,-0.010725141326171434,-0.00763160546721126,-0.20646755975607473,0.0007042731011225338,-0.00037531353669884254,0.028130586336432287,0.5517241379310345,4.983606621708336,-0.028170876959799793,0,1,0.005560455807826632,-0.09452117408145803,1.758638356687888
2023-10-28,-0.00763190052196064,0.007225403362814259,0.013949471521940964,0.005560455807826632,-0.6498707209894573,0.0,0.0,0.0,0.4411764705882353,4.23410650459726,-0.7805961368531014,1,1,0.012969433130901344,-0.44404654574916136,1.9442693219786467
2023-10-29,0.005561044281153462,0.00741676546073415,0.0020652020911494477,0.012969433130901344,0.20329674780331758,0.0,0.0,0.0,0.6,4.110873864173311,-0.901901994405389,1,0,-0.0014828854979810758,-1.3502423359509166,0.9515811430609351
2023-10-30,0.012968850074563805,0.0030425513417239296,0.0039074752288836894,-0.0014828854979810758,0.48681555006420524,0.003814487522985484,-0.0041376287295944916,-0.07414415938657903,0.6308724832214765,5.0106352940962555,0.032150845172178734,0,1,0.004775852062776867,-1.3131043349020977,0.7103410709238378
2023-10-31,-0.0014823057927266033,-0.0038952862193519203,-0.001111505487492728,0.004775852062776867,-0.027716199942952987,-0.0055257086747362814,0.005075684355487108,-0.0850340803068641,0.6381578947368421,5.030437921392435,0.11332868531358194,0,1,0.022314560261213128,-1.578160217860307,2.6837448063256306
2023-11-01,0.004775850680760637,0.024509889416794703,0.002125293233194754,0.022314560261213128,0.49064874695290844,-0.0032290150880346837,0.002060444583647433,-0.07258246473530162,0.5298507462686567,4.90527477843843,0.035815005313761326,0,0,-0.013639193957310053,-3.217165003864636,1.5784902855621532
2023-11-02,0.02231427157573515,0.011262015053578383,0.005924512401169746,-0.013639193957310053,-0.10765663498459888,0.003430498125605901,-0.00713612893913446,-0.07442726548610695,0.6358381502890174,5.159055299214529,0.31814411762269307,0,0,-0.0064546666973641625,-2.3794087629752103,0.014051035042103525
2023-11-03,-0.013639480149250042,-0.02928358646251049,-0.005261631548415862,-0.0064546666973641625,-0.2061396982347527,0.0029670004669155115,-0.010419778906384593,-0.04907756227614069,0.39552238805970147,4.90527477843843,0.07525673736505786,0,1,0.00989677583723088,-0.3797876948407392,1.5384219615137704
2023-11-04,-0.00645438050542432,0.008789042567352181,0.013541543983980494,0.00989677583723088,-0.7542556799873645,0.0,0.0,0.0,0.5932203389830508,4.0943445622221,-0.7346469114497489,1,0,-0.0014324869251003767,-1.766897877108993,0.9026769338542138
2023-11-05,0.009896490628701354,0.0035393255606353934,-0.00397432598545162,-0.0014324869251003767,0.2887151293428492,0.0,0.0,0.0,0.6538461538461539,3.970291913552122,-0.8516056798357079,1,1,0.0009766198683485855,-0.8201626236886979,0.7524768316313675
2023-11-06,-0.0014319160992726004,-0.002934487947328898,0.008034865609102446,0.0009766198683485855,-0.09317683164513807,-0.004983536766928077,0.0019026316590922546,-0.0013422487895297923,0.5072463768115942,4.9344739331306915,0.1373838199774375,0,1,0.010022908737337355,-1.5036545785594144,2.3738925441507104
2023-11-07,0.0009763342510502644,0.01719077699354228,-0.005858299680358567,0.010022908737337355,0.5488801167818994,-0.007496705490809856,0.0030366287481197666,-0.005387213140145018,0.39705882352941174,4.919980925828125,0.1419702612777402,0,1,0.0063528178351219345,-0.8485830601862566,1.9772095440783695
2023-11-08,0.010023191230195424,0.0060560787366139126,0.016573623921068998,0.0063528178351219345,-0.1469524620630498,-0.007809573743291399,0.00047359848385494546,-0.024608255254246005,0.6272727272727273,4.709530201312334,-0.040718093009693944,0,1,0.029766675983155067,-0.25483871930240065,6.381558753741831
2023-11-09,0.006352535342263875,0.05039630993175656,0.012290261243960578,0.029766675983155067,0.9046613867467993,0.006486705243964605,0.003026076297065263,0.05650461608727744,0.6451612903225806,5.049856007249537,0.32492624563060357,0,1,0.01623057053490802,-1.0308228949931446,2.222757117322325
2023-11-10,0.02976694845458962,-0.011821340381040078,0.0220068342262477,0.01623057053490802,-0.6424743487610498,-0.016218778932181384,-0.0004722392376471513,-0.0760719583592971,0.684931506849315,4.990432586778736,0.24991758492611602,0,0,-0.004611757237879132,-1.7161766510168535,0.2854510223580646
2023-11-11,0.016230298063473578,-0.0031424904147343484,0.009377032974670843,-0.004611757237879132,-0.6359424716414083,0.0,0.0,0.0,0.703125,4.174387269895637,-0.5810677146377491,1,0,-0.0017756126342137468,-1.08014605346853,0.24806265983639553
2023-11-12,-0.004612026561912127,-0.004985640863095802,0.0017485487376040693,-0.0017756126342137468,-0.2620000487889181,0.0,0.0,0.0,0.7333333333333333,4.110873864173311,-0.6555442057644112,1,0,-0.016353527492521336,-1.9923236347751827,0.9501949257360497
2023-11-13,-0.001775343310180644,0.005245710024782764,-0.010897388447280252,-0.016353527492521336,0.6175325253691449,0.006652779492155402,-0.0018910457999477405,0.04079377559244869,0.40384615384615385,5.056245805348308,0.2779614612875693,0,0,-0.0253224983929354,-4.667874128182501,0.7678818961238639
2023-11-14,-0.016353527492521336,-0.018176657788643143,-0.04310903242659444,-0.0253224983929354,0.3274201903491737,0.008343430595057662,-0.01477838804631668,-0.04149975718963313,0.19047619047619047,4.844187086458591,0.07655296115472497,0,1,0.06287397140001015,-0.5392391899875478,6.608607571482173
2023-11-15,-0.025322217108438617,0.03308475836064755,0.01596385098901399,0.06287397140001015,0.16317974796924403,-0.0008669641439556413,0.002685841224141987,0.0014114651359527655,0.2777777777777778,4.844187086458591,0.05715841384788505,0,0,-0.04579700167213188,-6.43149045879582,0.18826269544591584
2023-11-16,0.06287369011551334,-0.001329477360352258,0.003951458711927412,-0.04579700167213188,-0.12044554723313941,0.01206913677911117,-0.0001915754255885146,0.009824597595796142,0.6016949152542372,4.77912349311153,0.03699558768506973,0,1,0.012377896572665345,-0.8397456844047363,1.7447245777688711
2023-11-17,-0.04579700167213188,-0.03023238284890228,0.010120446071778838,0.012377896572665345,-0.21550559745071043,-0.001160029800050694,-0.00528367668816628,-0.03698853423681578,0.5222929936305732,5.062595033026967,0.3088322861400419,0,0,-0.001252220312786142,-1.1961264976370916,0.6304727115752374
2023-11-18,0.012377623452459758,0.0012353779107291286,0.008814088440341934,-0.001252220312786142,-0.8058123386744579,0.0,0.0,0.0,0.6212121212121212,4.204692619390966,-0.5602340259616012,1,1,0.021420590373204398,-0.504660839692907,2.5164657319289434
2023-11-19,-0.0012516737302284357,0.01760770989075082,0.0056624362666558535,0.021420590373204398,0.21697539239641375,0.0,0.0,0.0,0.5396825396825397,4.1588830833596715,-0.610455464698959,1,1,0.0023772666332884944,-1.844701042744,1.0388609664753607
2023-11-20,0.021420049243860588,0.006644542718668511,0.008020188342693416,0.0023772666332884944,0.5279644258416665,-0.0019700582161406464,-0.003376900045101037,-0.028667920069603205,0.6814814814814815,4.912654885736052,0.1778869597334962,0,0,-0.046657457238005864,-4.684353199162649,0.5343947633736016
2023-11-21,0.0023778013316407033,-0.00266739539772911,-0.026019254930897982,-0.046657457238005864,0.27966080732722537,0.010862615061766792,0.0011590373035398362,-0.004484272494152975,0.5,4.795790545596741,0.06771817406328429,0,1,0.045576998787717926,-0.30722842639805514,5.760752434453065
2023-11-22,-0.0466577242693662,0.0056061194727887054,-0.0028862095103599585,0.045576998787717926,-0.05600818822840851,-0.00395922248666503,0.0031805900244437847,-0.03817257239318107,0.34057971014492755,4.9344739331306915,0.19230915542954927,0,0,-0.003053710529443689,-1.4495461967227523,0.6530643720718778
2023-11-23,0.04557726610775037,-0.005499881836093841,0.03415382108447082,-0.003053710529443689,-0.6369436226561715,0.0,0.0,0.0,0.4961832061068702,4.882801922586371,0.12407322459761388,0,1,0.011180012954367782,-0.11474827671152076,2.9582012798823163
2023-11-24,-0.0030542459871461844,0.019997658548660563,0.010294268670668745,0.011180012954367782,0.628685651204688,0.005408630384414501,-0.005016377911117239,-0.030820324606726717,0.3900709219858156,4.955827057601261,0.21758657819343796,0,1,0.0017776195288349984,-0.32526563883857323,0.4614462623335632
2023-11-25,0.011180281092037827,-0.013787537221119696,0.009074839333097424,0.0017776195288349984,-1.366268914996958,0.0,0.0,0.0,0.7792207792207793,4.356708826689592,-0.4011267064965791,1,0,-0.008859513391713852,-1.6833825003271745,0.08984686160252
2023-11-26,0.0017776195288349984,-0.0019383744784753658,-0.01180354908605102,-0.008859513391713852,0.6237656576906736,0.0,0.0,0.0,0.4423076923076923,3.970291913552122,-0.7799295935911643,1,0,-0.005482130309367848,-1.9970610207718633,0.3247281524666219
2023-11-27,-0.00885978043277206,-0.0065107004830728355,-0.011996298596160665,-0.005482130309367848,0.34419240660315437,0.004783316372955456,-0.0019361533552125947,0.018290732238712026,0.3383458646616541,4.897839799950911,0.16169788547016,0,1,0.01535223194675372,-1.010086564124905,3.0002369347189264
2023-11-28,-0.005481863268309601,0.021272957513155097,0.0043876142571017025,0.01535223194675372,0.22429283534208833,0.013772846290545529,-0.004369970099821427,0.0,0.5231788079470199,5.0238805208462765,0.2502337851997904,0,1,0.0009453771250752638,-0.6602324826834374,1.6550511538941086
2023-11-29,0.015352496364983793,0.0019003741385055341,0.018850772761168467,0.0009453771250752638,-0.1291944905738421,0.003621431258757891,0.00019459559610863271,0.022595427349522586,0.4935897435897436,5.056245805348308,0.26117449633831247,0,0,-0.0034581251896556686,-0.9412628561422116,0.7663409148453048
2023-11-30,0.0009453768752187488,-0.00794172526541267,-0.001864926609512443,-0.0034581251896556686,-0.28789836956915255,-0.004406156206906349,0.007078163732971052,-0.004633171749536714,0.3803680981595092,5.099866427824199,0.2677247940286084,0,1,0.025092382063089787,-0.28696663778459014,3.3240568427136963
2023-12-01,-0.003458124274547058,0.02211903408902832,0.0030848369939206854,0.025092382063089787,0.5623871319228573,0.016013593082084946,-0.0022247275284891246,-0.02270155883612137,0.6871508379888268,5.19295685089021,0.3187530576416965,0,1,0.019655100831166433,-0.10581432682690109,2.6395014145138553
2023-12-02,0.025091858464875764,0.018246827781091313,0.02690390517266671,0.019655100831166433,-0.48627201689003996,0.0,0.0,0.0,0.7228915662650602,4.430816798843313,-0.4563567153925054,1,1,0.013142794289187723,-0.445829971558587,2.00670846221844
2023-12-03,0.019655359345898273,0.013327171308212465,0.016254944383849522,0.013142794289187723,0.0005142244452354457,0.0,0.0,0.0,0.9104477611940298,4.219507705176107,-0.6867300462243864,1,1,0.049271977534901416,0.0,5.943423560496062
2023-12-04,0.013142794289187723,0.05250994527196401,0.017601094004773717,0.049271977534901416,1.087826659374076,-0.022906437155782847,0.0035764646278238603,0.035009394772744014,0.7370517928286853,5.529429087511423,0.5148176450395122,0,1,0.04839691964470645,-1.3838703148644114,5.776179881878566
2023-12-05,0.049271977534901416,0.04759954074872643,0.03543327438625724,0.04839691964470645,-0.16089864836981557,-0.002770483946805801,0.0039482323646085945,-0.017740499168593812,0.728110599078341,5.384495062789089,0.30830135965912486,0,0,-0.007072982823143485,-1.688752685579914,0.5067084672629831
2023-12-06,0.04840826431227044,-0.004297794501449369,0.04534809593755164,-0.007072982823143485,-0.2717473551882172,0.005927406833356961,0.0009606001883954384,0.009295177888952625,0.507537688442211,5.298317366548036,0.18390213044507892,0,0,-0.011249508685349425,-2.175065612605209,0.6483109717268634
2023-12-07,-0.007084327490707435,-0.005656957778504496,-0.011936112093396492,-0.011249508685349425,-0.08790075105720847,-0.00029552536040616107,-0.005874162041749789,0.006915137061659103,0.5096153846153846,5.342334251964811,0.1900436028926726,0,1,0.020536119557329653,-0.4447733350050893,3.2441382416832325
2023-12-08,-0.011249277595143244,0.014708764014214254,0.006053414090651837,0.020536119557329653,-0.09346181224961145,-0.01568969924387106,0.0045290485877316055,-0.05589806201597742,0.5328947368421053,5.030437921392435,-0.10093343735210815,0,0,-0.010408972260493799,-1.3366426759585568,0.42252879198514315
2023-12-09,0.020536114860031318,-0.007679974939651182,0.011617426147794914,-0.010408972260493799,-0.5429703451575872,0.0,0.0,0.0,0.6395348837209303,4.465908118654584,-0.6730122721392615,1,1,0.0017350244818206502,-0.3451100282816706,0.7643384149383378
2023-12-10,-0.0104094274151863,-0.006990876030961706,-0.0004936457837248387,0.0017350244818206502,-0.2737571518176277,0.0,0.0,0.0,0.3770491803278688,4.127134385045092,-1.011387987143024,1,0,-0.05966075735492428,-8.498018136893627,0.034226084971632285
2023-12-11,0.001735024878383793,-0.0055660988178465485,-0.07979405660429902,-0.05966075735492428,1.3972778238484818,-0.01021061033941788,0.0008648920593603039,0.02241885146121545,0.13736263736263737,5.209486152841421,0.14231622218574996,0,1,0.005776503301278852,-1.3996962446063843,2.0412064506495984
2023-12-12,-0.0596602865854699,-0.03959095369814472,0.011322461567948031,0.005776503301278852,-0.5847005653126686,-0.00010109265866683018,-0.0022118172808890534,-0.0453519355978245,0.3935483870967742,5.049856007249537,0.03947881098023893,0,1,0.032639616880829996,-2.285095940539385,4.668062364708903
2023-12-13,0.0057760198889668535,0.032045062441871996,-0.0030774936580511415,0.032639616880829996,0.07099371058117544,0.0022726708042306704,-0.009674061839733645,0.009892899244538716,0.38636363636363635,5.176149732573829,0.18883623782083006,0,1,0.0035680023564587876,-3.4868772977263136,1.277051064161403
2023-12-14,0.03263985788890904,-0.0012704961246451816,0.0206218033089606,0.0035680023564587876,-0.0869346543490402,0.0238764749712153,-0.008885511313846736,0.02351141719134706,0.6,4.983606621708336,0.0588405000298298,0,0,-0.025470477640977214,-3.2032207658800598,0.13599981748497333
2023-12-15,0.0035680023564587876,-0.007842510110305422,0.006404567674921388,-0.025470477640977214,-0.22958121977983315,-0.004492380744304254,0.0057699437484844745,-0.016155425287520307,0.4672131147540984,4.812184355372417,-0.0820223717690885,0,1,0.008020387258140575,-0.8026826171620214,1.8523709253480625
2023-12-16,-0.02547071607516087,-0.008306766562346198,-0.001465096153796857,0.008020387258140575,-0.3262141760576468,0.0,0.0,0.0,0.463768115942029,4.248495242049359,-0.6334279458438303,1,0,-0.021599191335207872,-2.456796932833144,0.3448324060742191
2023-12-17,0.008020389162826965,-0.007054997934597859,-0.008520755898570648,-0.021599191335207872,0.1392364506344463,0.0,0.0,0.0,0.31666666666666665,4.110873864173311,-0.7720903828833983,1,1,0.030541766708551847,-2.0306961737762688,3.2883494308505985
2023-12-18,-0.02159919649962718,0.00783597891255602,-0.017338183744639114,0.030541766708551847,0.5222434776532295,0.00256958841333575,-0.0003901386425697143,0.0225452934750457,0.2708333333333333,4.976733742420574,0.14608147178575548,0,0,-0.008990828549252048,-2.0048286637776997,1.948182904366854
2023-12-19,0.030542008402468616,0.017140101443714213,0.0308004418085374,-0.008990828549252048,-0.1326628172179253,0.005953704386447858,-0.0033223009528647574,-0.002391446852206076,0.44375,5.081404364984463,0.24571787335899878,0,1,0.03241755264462973,-0.16569215761247572,4.6381543616723455
2023-12-20,-0.008990828549252048,0.017908886023802976,0.009400536512400104,0.03241755264462973,0.17407928465952194,-0.0019151099131709602,0.0023463251649552147,0.0870779087201619,0.6220472440944882,4.852030263919617,0.07229254049808724,0,1,0.004406916568444891,-0.8790974743300227,1.3045609901426336
2023-12-21,0.03241732364883926,-0.0009183810706672776,0.02528349947745437,0.004406916568444891,-0.34133482810563676,0.002258433605997511,-0.0055814815569299354,-0.00146416263251253,0.5877862595419847,4.882801922586371,0.12037636271628781,0,1,0.0024419680670525194,-1.0295442355944717,1.2156497661752943
2023-12-22,0.00440691757538988,0.0035178043287714678,0.002902448955800298,0.0024419680670525194,-0.05463949115789605,0.008788749383462479,-0.0013756452426479191,-0.04648512304109971,0.5573770491803278,4.812184355372417,0.04920008424895611,0,0,-0.006088221088727501,-1.5538678729902973,0.04465782043100896
2023-12-23,0.002442196055897884,-0.009267951390390558,-0.002801268306905839,-0.006088221088727501,-0.683099296148261,0.0,0.0,0.0,0.5340909090909091,4.48863636973214,-0.30058547727632523,1,0,-0.016395107062850675,-2.789345286727424,0.5564078677429761
2023-12-24,-0.006088449910395511,-0.0009707206156079136,-0.01844299522609877,-0.016395107062850675,0.41781583859299165,0.0,0.0,0.0,0.6666666666666666,3.828641396489095,-0.9530664560121477,1,1,0.013507101635684676,-0.6325161590441447,1.8684362281378395
2023-12-25,-0.016394878241182596,-0.003274823458901954,0.005173184213982223,0.013507101635684676,0.07199059937658796,0.0,0.0,0.0,0.5051546391752577,4.584967478670572,-0.12576938727872405,0,0,-0.02479535186467053,-4.55059181723886,0.037972298116404846
2023-12-26,0.01350687215222338,-0.004797537664529698,-0.025673654946262493,-0.02479535186467053,0.4171937630886809,0.0005345192470838028,-0.002264072725883564,-0.003074557580709151,0.4090909090909091,4.709530201312334,0.06713930284671943,0,1,0.02140979529821103,-0.9697547691146619,2.7107476253489677
2023-12-27,-0.024795122381209237,0.0019324014076551371,0.011013018616571427,0.02140979529821103,-0.1250006742936333,0.011449100696166307,-0.004741719435604818,-0.04406688298848868,0.4740740740740741,4.912654885736052,0.2608838793044641,0,0,-0.02012077980823538,-2.7713951409949686,0.8226020348053373
2023-12-28,0.021410025559865438,0.0025283393927747894,0.0033933915794080493,-0.02012077980823538,-0.029176759378974532,-0.0038500458433421737,0.0023737078865357576,0.0032128510314720048,0.41843971631205673,4.955827057601261,0.29072621484010114,0,0,-0.011740790238734814,-3.0140687028797553,1.2774997968360498
2023-12-29,-0.020121010069889783,-0.015571802187928155,-0.022547515427083206,-0.011740790238734814,0.1921487181333611,-0.0055605396969713086,0.0009873467583289466,-0.0016051735149952427,0.4888888888888889,4.912654885736052,0.22977927573701523,0,1,0.0017416561151908701,-1.307993249199379,1.2881016585407261
2023-12-30,-0.011741027955069958,-0.011634771621688255,0.005319964298068823,0.0017416561151908701,-0.6203641419213259,0.0,0.0,0.0,0.5,4.553876891600541,-0.14015832210149315,1,1,0.0033947781497301243,-0.41480988572138616,1.7844462766737874
2023-12-31,0.0017421311341452527,0.006705102296521605,0.010673489749970991,0.0033947781497301243,0.029225629420205537,0.0,0.0,0.0,0.4727272727272727,4.02535169073515,-0.6892434670612901,1,1,0.04386318131378095,-0.24344010407621494,4.3966164837073896
2024-01-01,0.0033945408471109336,0.029516480220066327,0.0051084759661818345,0.04386318131378095,0.1416218825117392,0.0,0.0,0.0,0.4791666666666667,4.574710978503383,-0.13092382920702506,0,1,0.01722000317113513,-0.07066850866441211,3.775921537677084
2024-01-02,0.04386318131378095,0.03765623185347781,0.04559089726789887,0.01722000317113513,0.8743655083985254,0.0009692741355228508,0.008549112378520964,0.05849620755206713,0.6352201257861635,5.075173815233827,0.31162623804097134,0,0,-0.04788769521256018,-9.802617582001515,1.223031045001788
2024-01-03,0.01722000317113513,-0.008308901755617687,-0.08009948756223581,-0.04788769521256018,0.22021100158645404,-0.014736982781769346,0.002540821666635359,0.06169358073792997,0.24731182795698925,5.231108616854587,0.4077719142114557,0,1,0.03002352150755492,-0.5416879812993995,4.304070743498541
2024-01-04,-0.04788769521256018,-0.01707729822759273,0.044721600794460976,0.03002352150755492,-0.524854465084938,0.0039740504436172235,-0.0003904814190925551,0.006389808914936812,0.43956043956043955,5.209486152841421,0.33977438602246635,0,0,-0.0001356796630157846,-3.9290929044525287,0.4663060249233265
2024-01-05,0.03002352150755492,-0.008354125678197204,-0.0038505277239764346,-0.0001356796630157846,0.0007738767772826337,4.895124937695209e-05,-9.758830986226425e-05,-0.056783791374811314,0.42038216560509556,5.062595033026967,0.1680472155961521,0,0,-0.004012787545087865,-1.7090695692961813,0.1568818082563839
2024-01-06,-0.00013545313738545173,-0.0032299218296851814,0.022064553688547633,-0.004012787545087865,-0.9916012959710838,0.0,0.0,0.0,0.4742268041237113,4.584967478670572,-0.3167116871165857,1,0,-0.000894225072540774,-0.9052566829030881,1.1583539649066867
2024-01-07,-0.004013014070718216,0.006001934021415244,0.004025341318843033,-0.000894225072540774,0.25536440621282414,0.0,0.0,0.0,0.4666666666666667,4.330733340286331,-0.5951667721864082,1,1,0.06653020711240704,-1.7313525488494912,7.2856128528676125
2024-01-08,-0.0008944527125184745,0.06037836380706847,-0.009155183732004746,0.06653020711240704,1.1513854835014323,-0.007766098913480351,-0.0019548884629722978,-0.020432073224587316,0.49794238683127573,5.497168225293202,0.43681563799635564,0,0,-0.018075510415030107,-4.804363302483892,2.151215073583031
2024-01-09,0.0665304347523849,0.0151862293195612,0.03580009957606315,-0.018075510415030107,-0.040454786074384436,-9.86682319452515e-05,0.0035159779603586554,-0.024769044342090738,0.368,5.5254529391317835,0.38566248081598464,0,1,0.01172860796383382,-4.0037042789708135,3.3816223087711887
2024-01-10,-0.018075510415030107,-0.005771438063148581,-0.010068920179899283,0.01172860796383382,0.251363507444026,-0.0023221142671955622,-0.0020494720896451044,-0.005501047194517584,0.2824675324675325,5.733341276897746,0.4967019625281003,0,0,-0.006771062230729273,-2.271785175498878,4.843879272922767
2024-01-11,0.011728822307750209,0.026351177605349562,0.02904779899855304,-0.006771062230729273,-0.02752522922676617,-0.0036669527431482853,-0.0006840918351543993,-0.019897195079787117,0.5993690851735016,5.762051382780177,0.42756419630426457,0,0,-0.0798528754667809,-11.029396471506601,0.3798843377812478
2024-01-12,-0.0067712765746456086,-0.051411011582144464,-0.09434717519080663,-0.0798528754667809,-0.013146379476528348,0.015956951403282443,0.001074802087341216,0.02068492486626542,0.3904761904761905,5.351858133476067,-0.020202707312757515,0,1,0.0015242196406752171,-0.8134630104183461,1.102455350768185
2024-01-13,-0.07985264172763361,-0.07262716533691159,0.02230645914410181,0.0015242196406752171,-0.8713487687834569,0.0,0.0,0.0,0.09375,4.859812404361672,-0.5357359826749409,1,0,-0.02638212870563945,-2.667810599304128,0.537690326548823
2024-01-14,0.0015239859015280122,-0.004123430601518411,-0.017019256248182738,-0.02638212870563945,-0.24647561724596023,0.0,0.0,0.0,0.29473684210526313,4.564348191467836,-0.8468681225101584,1,1,0.01848861088034885,-0.034271855233677644,3.9192741471404715
2024-01-15,-0.02638212870563945,0.0074337095002770665,-4.6741264934900636e-05,0.01848861088034885,0.3552752384721954,0.0,0.0,0.0,0.26627218934911245,5.135798437050262,-0.22195941854707596,0,1,0.014637901828299413,-1.0905831881365282,2.4787447025325133
2024-01-16,0.01848861088034885,0.004083316434269227,0.007925497551320331,0.014637901828299413,0.11207443020087343,-0.010165310319773104,0.009331318432827333,0.08596098276860784,0.2905405405405405,5.003946305945459,-0.2830865872744866,0,0,-0.008423584725432613,-2.196654850942649,0.1391077753439865
2024-01-17,0.01463767001382628,-0.008758467443585681,0.0035771852002382024,-0.008423584725432613,-0.30313626500582963,-0.011617081726109126,0.0008703287523220105,0.06638831292880744,0.36257309941520466,5.147494476813453,-0.033678747680720426,0,0,-0.03445139745815894,-5.016233817132919,0.3591346833280161
2024-01-18,-0.008423586686389413,-0.006223315645592518,-0.036619374387335306,-0.03445139745815894,0.27754323831889566,0.007957865627687473,0.0008696456242949234,-0.04565106934788655,0.215,5.303304908059076,0.22225109253619,0,1,0.007990013891329613,-2.5673070094668584,2.0817672745616136
2024-01-19,-0.03445092171312543,-0.017225071545823055,-0.00996212938149842,0.007990013891329613,0.09623064908469843,0.0039059773581561485,-0.0024174454338117316,-0.06053615522690582,0.18719211822660098,5.318119993844216,0.24340370761479735,0,1,0.0008880084302503328,-0.48782914545995115,0.5112567954470152
2024-01-20,0.007989771921725916,-0.007715090899816272,0.028784792531398564,0.0008880084302503328,-1.1104890843879514,0.0,0.0,0.0,0.38636363636363635,4.48863636973214,-0.5558983115239265,1,0,-0.002778941360300473,-0.4689118850942842,0.4435415251805818
2024-01-21,0.000888248261150224,0.00021085572758569235,0.0010771810339069068,-0.002778941360300473,-0.30566352733616153,0.0,0.0,0.0,0.4444444444444444,4.290459441148391,-0.7349211027916935,1,0,-0.049606002668420156,-5.306020080767531,0.2625677652522549
2024-01-22,-0.002779421689561224,-0.00458867895958358,-0.05115002331703297,-0.049606002668420156,1.5528888306756583,-0.003311646301174295,0.0003871930645179271,-0.008305114652697272,0.0,5.187385805840755,0.1616695122469037,0,1,0.008294955472882228,-2.59354229529654,1.5267004964304043
2024-01-23,-0.049605762170059436,-0.03696467535663878,-0.02248122481371021,0.008294955472882228,0.04464264268715459,0.0019289741822805175,0.0028026199462156134,-0.0497382541401881,-0.17857142857142858,5.41610040220442,0.3222876016337207,0,1,0.004683034141144241,-1.0415833090930293,1.6342905811536519
2024-01-24,0.008294704831208055,0.00937085632011478,0.023814545334917073,0.004683034141144241,-0.38862755905748864,-0.004854342213876016,-0.00367403373440928,0.04594035840873762,0.13471502590673576,5.267858159063328,0.15415067983243974,0,0,-0.003092975166303934,-1.3433511638252913,0.535821841797602
2024-01-25,0.004683534253410719,-0.006301653252416114,0.0016653555938216616,-0.003092975166303934,-0.2363670226877579,0.0014885385122534204,0.0031913554956967557,0.023318052682289685,0.3136094674556213,5.135798437050262,0.04849434994452759,0,1,0.04555239092628425,-0.34736492704420896,5.562285401273375
2024-01-26,-0.0030932246368962843,0.04717166042845359,0.006866887201506802,0.04555239092628425,0.4236045809538842,-4.9570163444326434e-05,-0.0009659822397101762,-0.014227089848027405,0.2751322751322751,5.247024072160486,0.17284281284470174,0,1,0.00707902280697713,-1.031446510281696,0.8961599430070084
2024-01-27,0.04555239092628425,-0.0011088636563793624,0.03871157509390928,0.00707902280697713,-1.0717877225844965,0.0,0.0,0.0,0.27058823529411763,4.454347296253507,-0.6235538887489854,1,0,-0.002128775638974226,-1.193736184555028,1.69971575606585
2024-01-28,0.00707902280697713,0.01511458093756542,0.00545612606424392,-0.002128775638974226,0.5201861664807169,0.0,0.0,0.0,0.6973684210526315,4.343805421853684,-0.7390689311324269,1,1,0.029806119942710457,-0.5395789652037054,3.050560067029546
2024-01-29,-0.00212901355829348,0.011379667470662798,0.004412796554539052,0.029806119942710457,0.144640041315667,0.004156315901078261,0.001352128740004161,0.02531781877246082,0.483695652173913,5.220355825078324,0.1397619423805935,0,0,-0.008385579459892248,-1.4391080248142294,1.3297428282831325
2024-01-30,0.029806588794485462,0.012597947555246226,0.02081082934660527,-0.008385579459892248,0.17617224958924996,0.003105999442300761,-0.002028879323138098,-0.021554156857807188,0.5590062111801242,5.087596335232384,0.06412452817574972,0,0,-0.008444749797383772,-1.5589990883547378,1.855042586544324
2024-01-31,-0.008385810392347858,-0.003132581877280233,-0.009584490095297354,-0.008444749797383772,0.05813690887230794,0.008284516486208303,-0.0012580916544433322,0.07523430485544266,0.4233576642335766,4.927253685157205,-0.042863704424483166,0,1,0.011742435619609937,-1.6474081932103117,1.6424498547783888
2024-02-01,-0.008444749797383772,-0.010570677115043127,-0.009328840845939611,0.011742435619609937,-0.123724974976631,0.0022431851049437793,-0.0021325482261265382,-0.03330100546520483,0.5,5.043425116919247,0.08920639687280046,0,1,0.0027134001651212595,-1.2522683569399187,0.9357942883789879
2024-02-02,0.011742667730019222,0.004675879955616033,0.015693833982313946,0.0027134001651212595,-0.17171900138085,-0.008265936631712335,0.008407017791686986,-0.0021637031473935022,0.4931506849315068,4.990432586778736,0.08045048813704139,0,0,-0.004382505832045197,-0.743497848751809,0.41582406696145724
2024-02-03,0.0027129365732035853,-0.002486302049054045,0.00780110524700224,-0.004382505832045197,-0.9025217531224072,0.0,0.0,0.0,0.421875,4.174387269895637,-0.7217519911259836,1,0,-0.010005694851545816,-1.8516577205552547,0.2506673484053239
2024-02-04,-0.0043820418523872785,-0.00603407301760665,-0.015464104550079651,-0.010005694851545816,0.34945361976533057,0.0,0.0,0.0,0.5555555555555556,4.1588830833596715,-0.7233002187147599,1,1,0.002950351987088814,-0.7656243162118727,2.2911037170382267
2024-02-05,-0.010005927349695453,0.010398668834783265,0.0008546391918881106,0.002950351987088814,0.5461561861760673,-0.005120905671782804,0.005087104042675575,-0.01308160385930721,0.5113636363636364,5.176149732573829,0.3128888864908088,0,1,0.009095988310426472,-0.3158908243076285,1.6056333723197591
2024-02-06,0.002950351987088814,-0.0039043514600958294,0.007447686906131262,0.009095988310426472,-0.17747154409781318,0.004334792726306237,-0.002588283538812785,-0.04564950033878034,0.4647887323943662,4.962844630259907,0.11954515065682501,0,1,0.028605054685199374,-0.724094542010465,2.96620026382057
2024-02-07,0.00909622033461361,0.022701657225434817,0.005013951133398098,0.028605054685199374,0.33201619222172757,0.0003439817122514089,-0.0013447258661442025,-0.0177679832971823,0.5137614678899083,4.700480365792417,-0.11267316249493849,0,1,0.02095275967005496,-0.04172272043042269,2.8117574301278156
2024-02-08,0.02860482266101211,0.027060626348271617,0.035428772900999765,0.02095275967005496,0.27854306229372533,-0.0014751441294395143,0.0010567329775487348,-0.003122560072828968,0.6071428571428571,4.948759890378168,0.15415067983440103,0,1,0.03991206359421791,-0.10279378844824802,6.23025718373112
2024-02-09,0.020952980475906012,0.055137757206088205,0.02034204898987688,0.03991206359421791,0.48094830310296993,-0.004389060106493958,-0.0006723305607507946,0.010886603777725256,0.6689655172413793,4.983606621708336,0.190433185015578,0,1,0.013033381077871586,-0.7085309889860271,2.176790782866804
2024-02-10,0.0399120549549539,-0.0006226004144251962,0.03385469158884009,0.013033381077871586,-1.0863939815118193,0.0,0.0,0.0,0.7419354838709677,4.143134726391533,-0.6567795363729415,1,1,0.01142945972783506,-0.4069537897122677,1.7470596802532306
2024-02-11,0.013032959491959588,0.008736070051735812,0.016049153070609248,0.01142945972783506,0.18888459969625393,0.0,0.0,0.0,0.7258064516129032,4.143134726391533,-0.6555840789681677,1,1,0.03293568144658824,-1.2290124491509695,4.126573051529607
2024-02-12,0.011429876186519118,0.03522459344059901,0.003208873133448059,0.03293568144658824,0.6778829788630177,-0.002523865081532603,0.00086431062178317,0.07449459331360889,0.6408839779005525,5.204006687076795,0.4098155203537158,0,0,-0.004370351494182536,-3.2915805863596366,0.9001128519886376
2024-02-13,0.03293567473867776,0.0006710794511787198,0.012310000074501493,-0.004370351494182536,-0.06039463710024856,-0.012615124246704407,0.007555154054353008,0.129124714691257,0.5742574257425742,5.313205979041787,0.45067258885313055,0,1,0.041300218103198914,-0.9594855897598654,4.608725884599936
2024-02-14,-0.004370350616747797,0.032715778831930255,0.0189505984718152,0.041300218103198914,0.02655279059252151,-0.0013054709316034623,-0.0022891832146745552,-0.09733116413954025,0.7,5.303304908059076,0.344504408323477,0,1,0.0016364577734705157,-0.933328224627291,1.9529012234174539
2024-02-15,0.04130001689431582,0.014741971491374115,0.04156179175452452,0.0016364577734705157,-0.058293127783074314,0.005911211825203883,-0.004018741992324183,-0.02606698356529103,0.5804878048780487,5.327876168789581,0.30573014232836193,0,1,0.004694246184426713,-0.6070818869125266,1.3251820892950854
2024-02-16,0.0016366505259577974,-0.004640733567753399,0.004898921150618056,0.004694246184426713,-0.3539965981711547,0.004684094906416618,-0.00019181390686212653,0.016283513224718212,0.6209150326797386,5.0369526024136295,0.005617992310759194,0,0,-0.009279917800631372,-2.9182080205966514,0.07423749414778313
2024-02-17,0.004693861582122442,-0.007815199767046387,-0.018417015152414635,-0.009279917800631372,-0.3860957412958815,0.0,0.0,0.0,0.5454545454545454,4.48863636973214,-0.5716030222881874,1,1,0.009540032294676114,-0.9325600588561158,1.4119875838708535
2024-02-18,-0.009279725950814437,0.004097583096599495,0.010576561816773836,0.009540032294676114,-0.15479558591124468,0.0,0.0,0.0,0.5232558139534884,4.465908118654584,-0.6163522385737702,1,0,-0.00698552773070659,-0.8874911872911286,0.6711521828072179
2024-02-19,0.009540224094559858,0.0021316782840398616,0.009990721010325996,-0.00698552773070659,0.2948923454250731,0.0,0.0,0.0,0.43506493506493504,5.043425116919247,-0.009233675940451904,0,1,0.009306488030900633,-1.9786260372289428,2.3106662230791297
2024-02-20,-0.006985526386192861,0.009409612672012629,-0.017896876230084652,0.009306488030900633,0.5187067807050245,0.007922794599725029,-0.0019197255622753202,0.0796104831722431,0.567741935483871,5.049856007249537,0.041398197366042465,0,0,-0.007865510526459354,-3.1763155000205345,0.20641223122655478
2024-02-21,0.009306294886503204,-0.011736051887625228,-0.002670406597015387,-0.007865510526459354,-0.14123765316105863,-0.002568005317217988,-0.000672782893267281,-0.005201567196740504,0.5280898876404494,5.187385805840755,0.20111666613029144,0,0,-0.01087817419895304,-1.7679388334447894,0.4164749242600135
2024-02-22,-0.007865703392777824,-0.005764883596124747,0.006218256139298111,-0.01087817419895304,-0.19889442314154307,-0.0012865403339371805,-0.00048086793698953636,-0.05356033640438439,0.34782608695652173,5.087596335232384,0.14487704304814036,0,0,-0.010668655359765033,-1.5075904274173026,0.5058892342937952
2024-02-23,-0.010877981332634535,-0.009984031098615117,-0.008274690138678133,-0.010668655359765033,-0.1449234655067455,0.009314324420003009,-0.00019236789784818074,-0.055864645369204845,0.457286432160804,5.298317366548036,0.3106771556201651,0,1,0.016109250933854777,-0.31412506838775,1.8622755704843446
2024-02-24,-0.010668655359765033,0.0028952080021404313,0.001265998230530445,0.016109250933854777,-0.612211469962884,0.0,0.0,0.0,0.6057692307692307,4.653960350157523,-0.35378616002322594,1,1,0.0031100616788884284,-0.560867882678313,0.7540694055829747
2024-02-25,0.01610905701595395,0.005027189284841067,0.013641822790948985,0.0031100616788884284,0.12266404745914453,0.0,0.0,0.0,0.359375,4.174387269895637,-0.8178506590452774,1,1,0.051753212367562834,-1.6124439031965174,5.9679828336306775
2024-02-26,0.0031102555967893386,0.055249195959365505,-0.007405698526293573,0.051753212367562834,1.0071671453612678,-0.004966682111913847,-0.0010588691184226502,-0.0007275539764438033,0.42105263157894735,5.25227342804663,0.2354368503441115,0,1,0.045937275755513214,-0.04836284344395128,5.554795204799372
2024-02-27,0.0517533959330377,0.047621336079249774,0.06739402296508853,0.045937275755513214,0.27075185579680433,0.0027076939620032797,0.0,-0.022820236877551976,0.7738095238095238,5.53338948872752,0.42956265969119317,0,1,0.09037342510456357,-0.6075679652353134,11.517694228212141
2024-02-28,0.04593726751376699,0.1055662659896408,0.040345224537599485,0.09037342510456357,0.5695352407186208,-0.0004917629801586159,0.0014436412895014027,0.03007192795607551,0.69921875,5.54907608489522,0.37957547704262523,0,0,-0.021060790861507746,-3.367506917736187,1.9733655872087574
2024-02-29,0.0903734099548351,-0.00506986130547039,0.0627740355795549,-0.021060790861507746,-0.4149901431760667,0.006227470697706523,0.0017296083787732286,-0.03230828272568495,0.6371308016877637,5.472270673671475,0.24231346742614934,0,1,0.02035257099534111,-0.5807347391681882,3.1927483857331165
2024-03-01,-0.021060787452343178,-0.008866962876264144,0.006806930924172119,0.02035257099534111,-0.49641736435023087,0.019939659139843434,-0.002884369325909828,-0.021879406901220082,0.49321266968325794,5.402677381872279,0.15566011408063749,0,0,-0.006442143609634661,-1.3340843878542117,0.07256786811830943
2024-03-02,0.020352407412176202,-0.010849234180807105,0.012819074508480957,-0.006442143609634661,-0.6256866147861019,0.0,0.0,0.0,0.5700934579439252,4.68213122712422,-0.5719370508056424,1,1,0.018012936948412033,-1.0823148702699086,1.9879401644009889
2024-03-03,-0.006442143609634661,0.012711579353192283,-0.003924448433791737,0.018012936948412033,0.1270805194847851,0.0,0.0,0.0,0.5952380952380952,4.442651256490317,-0.8289082284998321,1,1,0.07817243529189463,-1.2980713861317046,8.187700696674934
2024-03-04,0.018012936948412033,0.08001054227115154,0.015855371789794,0.07817243529189463,1.073589816210537,0.014650906546489963,-0.0002888803423648257,0.028573381665131348,0.7792792792792793,5.407171771460119,0.11947365313879531,0,0,-0.06855316030923639,-14.54923888689071,1.0991929650640304
2024-03-05,0.07817243529189463,0.007287357975785408,-0.05433923971569545,-0.06855316030923639,0.447356605484012,0.007433252615668022,-0.00028896381833204253,0.06943756611583544,0.5289256198347108,5.493061443340548,0.21301204992768302,0,1,0.03621451680304252,-1.4938561947539335,5.965437182729148
2024-03-06,-0.06855316030923639,-0.019890718132585142,0.062000666612131335,0.03621451680304252,-0.5219299428427816,0.00784356635087546,-0.004151188981360928,0.0027624300578069465,0.4166666666666667,5.37989735354046,0.12900649803086256,0,1,0.011273945248864211,-0.794746581695115,2.843761282754463
2024-03-07,0.03621451680304252,0.00499775780329576,0.04320561293363079,0.011273945248864211,-0.39471552557962813,0.0035744768391498196,-0.005334927491491049,-0.004146545021177181,0.580110497237569,5.204006687076795,-0.0047244182307426465,0,1,0.019282486315176334,-1.1143494049458733,4.630249801215883
2024-03-08,0.011274094897545049,0.02913883043347827,0.008077917016356724,0.019282486315176334,0.3361772592887064,0.009500646655496024,-0.0007783794127663689,0.020562766827898746,0.7420814479638009,5.402677381872279,0.19494125202018434,0,1,0.0027716745979517753,-0.3869393935963615,0.6101202335681543
2024-03-09,0.01928248345722065,-0.020918809361300958,0.02655658642867131,0.0027716745979517753,-1.318241611188101,0.0,0.0,0.0,0.6,4.7535901911063645,-0.46455402446947514,1,1,0.009362842188647231,-0.32039199297444887,2.2784342707254397
2024-03-10,0.0027716741916591287,0.019454814969524767,0.0034371486041710033,0.009362842188647231,0.658822158560297,0.0,0.0,0.0,0.7425742574257426,4.624972813284271,-0.6075492313575614,1,1,0.044283373561153284,-2.8401792461461612,5.424907541157534
2024-03-11,0.00936269580421486,0.0408275748929682,-0.01583503034306975,0.044283373561153284,0.6732058305646438,0.001788495240181465,0.0012645775959482298,0.03204549874488908,0.76953125,5.54907608489522,0.2966507424384476,0,0,-0.008724217811494954,-4.915426612447063,1.2709187796172936
2024-03-12,0.044283373561153284,0.002743485945750834,0.023530899898144157,-0.008724217811494954,-0.09042028497770774,-0.010177664197878154,0.0008744725533210704,-0.0950474087634793,0.5912408759124088,5.616771097666572,0.34086141704362577,0,1,0.022424831790492365,-0.1662636289838748,3.0301501795284524
2024-03-13,-0.008724357765580166,0.008868096187616819,0.03876741202313689,0.022424831790492365,-0.2671138911028944,0.006919166252700285,-0.001652473464197943,-0.006524137102079705,0.5779467680608364,5.575949103146316,0.266010229384066,0,0,-0.02330791194500903,-6.381452452259739,0.9596162584755044
2024-03-14,0.02242483489401119,0.0017194925799627774,-0.03972705644226625,-0.02330791194500903,0.3094434946707225,-0.0057163638155206895,0.005529965007790918,0.04618935597842095,0.47738693467336685,5.298317366548036,-0.025515204145036652,0,0,-0.02681836109117046,-8.456725943616322,1.4335544524601955
2024-03-15,-0.02330777509444276,-0.01856853000516208,-0.04406064685857492,-0.02681836109117046,0.3646726305883926,-0.0026386845425951824,0.0006770124008702463,0.0006942193314017042,0.24347826086956523,5.442417710521793,0.11298091970186443,0,0,-0.062322910279710986,-7.032768055185287,0.778474487236976
2024-03-16,-0.02681850497638359,-0.0333691607434026,-0.012578782206860073,-0.062322910279710986,-0.613920368588553,0.0,0.0,0.0,0.45454545454545453,4.709530201312334,-0.6211349129713515,1,1,0.046275814432356635,-1.182496314355452,5.3718352632916275
2024-03-17,-0.06232261325663018,-0.01638930251916454,-0.003820192871412625,0.046275814432356635,-0.11719244813350001,0.0,0.0,0.0,0.10989010989010989,4.5217885770490405,-0.8037529425066999,1,0,-0.01152174525222046,-2.70955799863276,0.8191121585050478
2024-03-18,0.046275515081710655,0.0007485833844907681,0.031005197589583665,-0.01152174525222046,0.11296601944362254,0.0015747582428707817,0.0014492203331648618,-0.005567162906393808,0.34104046242774566,5.159055299214529,-0.10122314938608443,0,0,-0.08763155563733493,-9.382466909588299,0.7575435482425743
2024-03-19,-0.011521451132317017,-0.012137431354845183,-0.07825083436177595,-0.08763155563733493,0.5953532306529185,-0.0020384080923120792,0.0022180030136974135,-0.036238440258669194,0.09012875536480687,5.455321115357702,0.2275985859547061,0,1,0.09103531158594273,-1.894567735593939,9.485301559734024
2024-03-20,-0.08763154209113477,-0.0003539755224203724,-0.012752563897391236,0.09103531158594273,-0.11070127510891047,0.0007416687251718953,-0.0038605770767515184,-0.05809524268421433,0.09743589743589744,5.278114659230517,0.10332758143973464,0,0,-0.03508997737785613,-5.004461901554004,0.5878281471673592
2024-03-21,0.09103515013261723,0.0020605774602760877,0.05993636992634209,-0.03508997737785613,-0.5274577873475778,0.01128966261576579,0.0056891945309959875,-0.009245049313565831,0.39880952380952384,5.1298987149230735,-0.020202707311567085,0,0,-0.026369007379098856,-5.075036675275093,1.7379813416895078
2024-03-22,-0.0350898247090722,-0.023588445432634695,-0.035795725115067,-0.026369007379098856,-0.03577459604385653,-0.011196893703511956,0.004126094272384448,0.01077765171864044,0.30113636363636365,5.176149732573829,0.072361246824462,0,1,0.003026453038660462,-1.2565797995581507,3.39390660093745
2024-03-23,-0.026369160047882798,-0.009809754786619438,0.011815561378070522,0.003026453038660462,-0.6674925321820621,0.0,0.0,0.0,0.3020833333333333,4.574710978503383,-0.521482918229562,1,1,0.04909491976870599,-0.34082074407036417,5.530532387144549
2024-03-24,0.003026609313041695,0.02439271090073137,0.012184043593538259,0.04909491976870599,0.17292644750138433,0.0,0.0,0.0,0.4266666666666667,4.330733340286331,-0.754107880336299,1,1,0.038957731173826136,-1.2349866028390075,5.696842734138062
2024-03-25,0.049094912281718694,0.05075802323864142,0.040153261181019584,0.038957731173826136,0.5317203192725025,0.00770847852509448,-0.00191696545554607,0.009904778937777805,0.6333333333333333,5.198497031265826,0.11510804521263605,0,1,0.0015441704140665396,-0.8623364114127143,2.3772001870110415
2024-03-26,0.038957439283981224,0.005761305702555994,0.042684233088089135,0.0015441704140665396,-0.3165160409985757,0.0003678047123048936,0.0005754609535789789,0.003783598305736472,0.5893719806763285,5.337538079701318,0.278294482050283,0,0,-0.007428938024621631,-2.3547935925827685,2.5136353275823353
2024-03-27,0.0015441706348706414,0.0029085218197792907,-0.013380401397634077,-0.007428938024621631,0.23237541827895808,0.006870990033479146,0.0005751299887180655,-0.03536110516659866,0.5652173913043478,5.220355825078324,0.1705894061758529,0,1,0.01869009109453202,-0.8186144205394597,2.9530435885459716
2024-03-28,-0.007428795142974657,-0.0030348554149851074,0.007932853695811575,0.01869009109453202,-0.3264393677096257,0.012159770828042574,0.001914836163591765,0.017836882062060327,0.6011904761904762,5.1298987149230735,0.07961762797064383,0,0,-0.01322713532737063,-2.534802097829237,0.19133823717274512
2024-03-29,0.01869009109453202,-0.008926962419200213,0.0015282143216342955,-0.01322713532737063,-0.3312912797967563,0.0,0.0,0.0,0.5792682926829268,5.10594547390058,0.06663130181679937,0,0,-0.0038493164497219014,-0.4455689945197826,0.6714079505543261
2024-03-30,-0.013227278490196776,-0.008426438193554936,0.007665195705723954,-0.0038493164497219014,-0.6231778668780662,0.0,0.0,0.0,0.6637168141592921,4.736198448394496,-0.3215520180565673,1,1,0.024107423379159526,-0.02758270390794375,2.5313065379465898
2024-03-31,-0.003849317001862878,0.01474966942420087,0.00033054645639656825,0.024107423379159526,0.35173993579084445,0.0,0.0,0.0,0.5795454545454546,4.48863636973214,-0.5834482632921573,1,0,-0.02313609473301786,-4.618423351896141,0.011531320031883487
2024-04-01,0.02410742680232966,-0.0010903287999876345,-0.021800983100722388,-0.02313609473301786,0.7592903657848582,0.008576849575533693,0.004485321180905204,0.04802118356729221,0.39864864864864863,5.003946305945459,-0.03415891880456218,0,0,-0.06197960825197718,-7.603971142868159,0.03506932759607195
2024-04-02,-0.023135810865801017,-0.02290071465737595,-0.052991572642737975,-0.06197960825197718,0.5495071020334049,0.010895049405066982,-0.001906185782411976,0.067966708578978,0.1076923076923077,5.278114659230517,0.2528855205180755,0,1,0.007598003093028574,-1.4942444300384254,2.175300528248766
2024-04-03,-0.061979751827397025,-0.04057729624545019,-0.0008823411236799681,0.007598003093028574,-0.5878261633534312,0.014664135564459967,-0.005452729783682321,-0.019350965747437027,0.29064039408866993,5.318119993844216,0.275326162843892,0,1,0.03755725764251874,-1.3718830599022105,4.948967385274315
2024-04-04,0.007597851493521016,0.03533467166328373,0.008821616794390539,0.03755725764251874,0.039890118426063034,-0.002443644773025144,-0.0012477541735411055,0.13187268415873488,0.4010416666666667,5.262690188904886,0.19761650183480065,0,0,-0.009789202703133824,-3.771978550912823,0.39182688176363745
2024-04-05,0.037557555253443196,-0.008014147392587934,0.013556302732412753,-0.009789202703133824,-0.09059313701714458,0.015993363911782323,0.0017272847607793687,-0.019765911218254613,0.4221105527638191,5.298317366548036,0.20218735909855445,0,1,0.015731842680183246,-0.551186834477737,2.7219255058889633
2024-04-06,-0.009789201266779655,0.01351178353811938,0.022418714461216883,0.015731842680183246,-0.6329286061184906,0.0,0.0,0.0,0.5288461538461539,4.653960350157523,-0.43878651594336054,1,1,0.006717834111896003,-0.1045599862905573,2.0547576431346473
2024-04-07,0.015731695232412014,0.00906016405264022,0.02019811116205516,0.006717834111896003,0.06724335466449426,0.0,0.0,0.0,0.6413043478260869,4.532599493153256,-0.5649255349127831,1,1,0.03205840927643814,-0.45829803034835515,4.837238963752179
2024-04-08,0.006717689937379153,0.03454264731807149,0.0031804536713180434,0.03205840927643814,0.752952971350345,0.002576546332762105,-0.0015352493922715657,-0.053824720473343995,0.6142131979695431,5.288267030694535,0.1541506798323343,0,0,-0.03515415339654028,-4.878318290365872,0.19276298967093394
2024-04-09,0.03205855345095488,-0.01438635046437447,-0.012141793323737092,-0.03515415339654028,-0.15155126535493774,0.005047944048811655,9.604048388484259e-05,-0.013921341452394936,0.4186046511627907,5.375278407684165,0.22480606209247433,0,1,0.02125006308303191,-2.382598217783147,2.888039550775454
2024-04-10,-0.03515415339654028,-0.008201387785494974,-0.010196952670713032,0.02125006308303191,0.0667436789643979,-0.005948917440644637,0.010506290204728382,0.053294004573997446,0.34285714285714286,5.170483995038151,0.0425241225964998,0,0,-0.00888603616768445,-1.5176938618279727,0.9508658447213704
2024-04-11,0.02125006308303191,0.001878326022490923,0.029899106642583755,-0.00888603616768445,-0.2746662286869158,0.010759197967561912,0.00028498341969159397,-0.0579778335620304,0.5272727272727272,5.111987788356544,0.006950505832583736,0,0,-0.04215402471169341,-7.286155256564672,1.7294180132978634
2024-04-12,-0.008886179012124278,-0.0011005144819194906,-0.06657065011505148,-0.04215402471169341,0.5635051549358586,0.0005943121990892287,0.007192934072434546,0.14925221979285147,0.44654088050314467,5.075173815233827,0.00540541857319728,0,0,-0.04872735746222276,-10.11363145241204,1.2032828681093546
2024-04-13,-0.042153881867253634,-0.04741537616357847,-0.07042878667016723,-0.04872735746222276,0.24157896564359377,0.0,0.0,0.0,0.11538461538461539,4.653960350157523,-0.4191078845023354,1,1,0.026815078915186055,-2.8409512775624646,2.9524700453636563
2024-04-14,-0.04872720102771564,-0.0312354856896797,0.023999444286273184,0.026815078915186055,-0.14758239377032117,0.0,0.0,0.0,0.04597701149425287,4.477336814478207,-0.5930637219914683,1,0,-0.03473882339914055,-5.296750841339907,1.8188683915457156
2024-04-15,0.026815074776125648,0.015479062377006572,0.002257083277411582,-0.03473882339914055,-0.16194175384396095,0.00406612066202905,0.0016018676588580145,0.10518719746045613,0.32524271844660196,5.332718793265369,0.26077052821011865,0,1,0.005870468536476564,-2.9117240891749114,1.4790895680374436
2024-04-16,-0.03473897569458725,-0.03813661163422318,-0.01088855587749069,0.005870468536476564,0.01976467568794825,0.010511806622644015,0.0004706834131283424,-0.04412089191313539,0.24390243902439024,5.327876168789581,0.2649459914759196,0,0,-0.040238973210926274,-6.668345564667816,1.1000139837871714
2024-04-17,0.0058706252925169455,0.0020797126939736984,-0.03169574621845248,-0.040238973210926274,-0.05431149549160743,-0.00802108139040866,-0.0029216852160503983,-0.0103798004194502,0.18660287081339713,5.3471075307174685,0.2538564711094059,0,1,0.035158006998813135,-0.7765720618318505,4.530033629906379
2024-04-18,-0.04023896677459764,-0.005938776749734282,0.018678761817433477,0.035158006998813135,-0.14906589809701498,0.004459451082454631,0.001885946613454383,-0.01159908556727462,0.20179372197309417,5.4116460518550396,0.26885549842200035,0,1,0.005466825160537417,-6.2912871899061695,3.0717878600322326
2024-04-19,0.03515800136098322,0.020575549300071702,-0.01998914428193014,0.005466825160537417,0.4701717284929929,0.006735379565596977,0.0,0.03868633345731804,0.3894230769230769,5.342334251964811,0.15896996626801488,0,1,0.01743741302682119,-1.1472051007947626,2.4777297231976765
2024-04-20,0.005466667605998153,-0.00047375620780800375,0.0569076460516515,0.01743741302682119,-1.1038141442667144,0.0,0.0,0.0,0.43703703703703706,4.912654885736052,-0.2979466710562565,1,1,8.623229100669178e-06,-1.0885699624597165,1.1558491355318925
2024-04-21,0.017437259039911515,0.004218607150163303,0.018023764410171544,8.623229100669178e-06,-0.18049605160170176,0.0,0.0,0.0,0.5480769230769231,4.653960350157523,-0.5720964491494164,1,1,0.028510785110948657,-0.6816251370319001,3.4673055331348768
2024-04-22,8.777216010427946e-06,0.023123187205130617,0.00407807148337888,0.028510785110948657,0.4857884061902199,-0.02798980048135961,-0.0006596588253817294,-0.09938037060315114,0.5803108808290155,5.267858159063328,0.05633148193284099,0,0,-0.006084382651452649,-1.5892161856332656,0.5428127898926614
2024-04-23,0.028510785110948657,-0.0007341423214735692,0.01943487462493511,-0.006084382651452649,-0.3287985130272652,-0.001931372558694458,-0.0036832395776800484,-0.07665418074960349,0.5728643216080402,5.298317366548036,0.09165570259537666,0,0,-0.03251015685090299,-4.319912880573608,0.983538367171852
2024-04-24,-0.006084382651452649,-0.0016771268786606125,-0.03339134960085607,-0.03251015685090299,0.3964524912798739,-0.0013756724603899396,0.0016071680745443683,0.01768843894684457,0.5268817204301075,5.231108616854587,0.04235927384451786,0,1,0.0032417662557915235,-2.3538193272130257,1.5562768296634892
2024-04-25,-0.03251031239709284,-0.026782772225986642,-0.01284922131729717,0.0032417662557915235,-0.06945604501952897,0.0022774857931127522,-0.0024591153729399125,-0.03829442884280131,0.2629310344827586,5.4510384535657,0.256164312135686,0,0,-0.011356469895713836,-1.8793969105296306,0.49748649503314446
2024-04-26,0.0032417667592195376,-0.007346137090511912,0.007985990422625553,-0.011356469895713836,-0.14595471773668997,0.0021438073190774686,0.0032145623390089535,-0.022369364106276213,0.2215909090909091,5.176149732573829,0.005698021120319425,0,0,-0.004842030716018614,-2.1858136235561796,0.24026308292707982
2024-04-27,-0.011356471666488349,-0.013928704016774441,-0.014420637025979293,-0.004842030716018614,-0.2576574595462208,0.0,0.0,0.0,0.08181818181818182,4.709530201312334,-0.4436863209192712,1,0,-0.005425173243951366,-1.0788506498055876,1.4206699639826332
2024-04-28,-0.004841873902482252,0.006962038094537116,0.0062275990214874415,-0.005425173243951366,-0.21110911421455397,0.0,0.0,0.0,0.1686746987951807,4.430816798843313,-0.7076711436734114,1,1,0.01177132522006203,-2.1670371317266026,1.7428888828581819
2024-04-29,-0.005425173243951366,-0.0022029840551960177,-0.0163070380631615,0.01177132522006203,0.5073348682173742,0.004529666146779777,-0.00340394242327154,-0.024243588642927014,0.2562814070351759,5.298317366548036,0.16171692021559927,0,0,-0.051304831768252054,-7.600749847034752,1.3499427396449337
2024-04-30,0.01177132522006203,0.00784186378792945,-0.042565801933019454,-0.051304831768252054,0.6688255049096192,-0.02329297954868033,0.006043449748181029,0.0646662952555313,0.053497942386831275,5.497168225293202,0.3250154828339421,0,0,-0.03876642553474422,-7.030723793975802,0.27919519841313595
2024-05-01,-0.05130466694759057,-0.062012307180570124,-0.04560457123766266,-0.03876642553474422,0.3901211978971353,0.0037026594091494527,-0.004340030184241551,-0.016752922452140707,-0.1111111111111111,5.293304824724492,0.11050439455029185,0,1,0.011848323644138173,-2.52124772535508,2.1359068110692845
2024-05-02,-0.03876659035540574,-0.020199309408182542,0.006328335151462905,0.011848323644138173,-0.5340094297562208,-0.0003043861623244103,-0.004358948180742074,-0.047231926184048624,0.09310344827586207,5.673323267171493,0.44644105536868167,0,1,0.06269590851696512,-0.4229851359587536,6.98423155786807
2024-05-03,0.011848154326536346,0.06033157111212598,0.03283094953810139,0.06269590851696512,-0.08678443206516812,-8.696932457233537e-05,-0.0025674361092244144,-0.08453739072202385,0.34121621621621623,5.6937321388027,0.37856192622270934,0,1,0.01593467072506892,-0.5437291905294604,2.6025073364900226
2024-05-04,0.06269607783456686,0.018878666303184622,0.06148846797125799,0.01593467072506892,-0.5824091199270188,0.0,0.0,0.0,0.5071428571428571,4.948759890378168,-0.3910763706489219,1,1,0.0018757817997593531,-1.6886747330956884,1.1731447703358548
2024-05-05,0.015934514211037094,0.0016410450635272447,0.0044852152994066,0.0018757817997593531,-0.27408357798816557,0.0,0.0,0.0,0.4392857142857143,5.638354669333745,0.1745963709911191,1,0,-0.013317207511333138,-2.0709118144868843,2.2979576857462356
2024-05-06,0.0018759383137911566,0.013123910953863211,-0.0019465890141526368,-0.013317207511333138,0.6268009950424448,0.00978239943094232,0.0001904443292748239,0.0,0.46883468834688347,5.91350300563827,0.3523152339373118,0,0,-0.013598050793730939,-1.4418131711096902,1.9708195672883302
2024-05-07,-0.01331736582639227,-0.01658858869591215,-0.007026221077561238,-0.013598050793730939,-0.3034713752253296,-0.002760589407145369,0.003421086667136307,-0.019461709726451316,0.36904761904761907,5.1298987149230735,-0.39234081130366455,0,0,-0.018122013335120257,-2.311919651358934,1.1300319799607692
2024-05-08,-0.01359805296121068,-0.02200592666700657,-0.022299115596223343,-0.018122013335120257,0.020201594733268703,-0.0006912606128823438,0.0013272601985687353,-0.01753758606489831,0.46616541353383456,4.897839799950911,-0.5879060037574426,0,1,0.030275504659909153,-0.9243474059920204,3.5888348936947296
2024-05-09,-0.01812185285258133,0.006466015802219284,-0.004246290881451097,0.030275504659909153,0.1602383008227489,0.007964395898361993,-0.0030363405536023547,-0.02413510880196279,0.2654320987654321,5.093750200806762,-0.31121256985580226,0,0,-0.03671917430504504,-4.685042286837814,0.6244847157690783
2024-05-10,0.030275346115989074,0.000632002880652597,-0.007331444148548748,-0.03671917430504504,0.17513061546270003,0.01498089474872309,0.0007598955558245079,-0.011093567883784123,0.3448275862068966,5.1647859739235145,-0.1576631526986519,0,1,0.0004275402409262431,-0.515967066193027,1.169142301370863
2024-05-11,-0.03671901576112514,-0.031272598449027064,0.004971577901402868,0.0004275402409262431,-1.0047606852653321,0.0,0.0,0.0,0.47435897435897434,4.3694478524670215,-0.9155578626456818,1,1,0.01075965097938284,-0.35572687761561633,1.7309135091479313
2024-05-12,0.0004275402409262431,0.006045252318696974,0.0020299421267003107,0.01075965097938284,-0.04757817815522628,0.0,0.0,0.0,0.14666666666666667,4.330733340286331,-0.7919145807347947,1,1,0.023406346968515828,-1.2022737697855321,3.1475378441664073
2024-05-13,0.010759813623335902,0.024925894329567558,0.0022941820576834796,0.023406346968515828,0.94261960843612,-0.013267171767020015,-0.0008549503053653293,0.08034914001546085,0.42780748663101603,5.236441962829949,0.2925321138724646,0,0,-0.021886781008613777,-2.897154139542552,0.2828531256805547
2024-05-14,0.023406343205822428,-0.005240500216342795,0.006457543270945599,-0.021886781008613777,-0.11804604090265061,0.007378135479851928,-0.0019978038430807895,-0.01332368356262233,0.3089005235602094,5.2574953720277815,0.2904282981250417,0,1,0.07248226375544757,-0.41989708956745386,7.606551399015974
2024-05-15,-0.021886939889873502,0.05135020172474055,0.0028857894911372287,0.07248226375544757,0.4037830100701208,0.014888214910604233,-0.006304985160508463,-0.07502552963798116,0.6127450980392157,5.3230099791384085,0.28768207245668276,0,0,-0.014779291590717515,-2.45213563078492,0.8205763752459242
2024-05-16,0.07248241479800735,0.004622513517747114,0.05215987834327282,-0.014779291590717515,-0.33672096619449127,-0.0036487767790969396,0.001053595343262585,-0.0024125249424848958,0.5477386934673367,5.298317366548036,0.22890310647760173,0,1,0.027051410361314365,-0.1976806358631903,3.340501960840695
2024-05-17,-0.014779442633277386,0.010419964265230123,0.007765258358499755,0.027051410361314365,-0.1681389143039887,0.013438686241467436,-9.575545859982148e-05,-0.03523513269813369,0.5857988165680473,5.135798437050262,0.07001984473080135,0,0,-0.0016246180943355483,-0.6346186658335602,0.5594402081523696
2024-05-18,0.027051410361314365,-0.0007592071655688098,0.022682030061610632,-0.0016246180943355483,-0.5991843830507979,0.0,0.0,0.0,0.5764705882352941,4.454347296253507,-0.6235538887489854,1,0,-0.00962833180615985,-1.5936625272283895,1.166003380788588
2024-05-19,-0.0016246180943355483,0.004441013632026527,-0.011215056708283962,-0.00962833180615985,0.22168732270677377,0.0,0.0,0.0,0.5111111111111111,4.51085950651685,-0.579818495241831,1,1,0.07515278314448008,-0.32297016489480196,7.611723409708598
2024-05-20,-0.009628482694883008,0.054828868483040416,0.0030785918171760723,0.07515278314448008,1.0364485088787314,0.008955695038778591,0.0011482419069391472,0.013256188439843044,0.435,5.303304908059076,0.20719990092207372,0,0,-0.018338454758227797,-3.2485427415646124,0.7423812357730283
2024-05-21,0.07515293403320333,0.00645936140512439,0.04589705737778197,-0.018338454758227797,-0.024084368896045188,-0.005025116242057949,0.0008603352424861966,-0.02415777376824821,0.6623376623376623,5.043425116919247,-0.021111385247244024,0,0,-0.014093766386815483,-1.8795358953639776,0.7352409306702579
2024-05-22,-0.018338454758227797,-0.018409857809255494,-0.0046483862962215135,-0.014093766386815483,-0.5836769709658152,-0.01351119128257647,0.002671745588751682,0.03561455585241666,0.6,5.278114659230517,0.2231435513193379,0,0,-0.017457094288918538,-4.214508718101715,1.3349066704370414
2024-05-23,-0.014093766386815483,-0.008097108989147561,-0.037443494614192815,-0.017457094288918538,0.38116347624881386,-0.02294667031813439,0.0016186451187040834,0.038312785417210074,0.4602272727272727,5.176149732573829,0.14191523307410156,0,1,0.008501978114690344,-2.035490266817993,1.8661863052745988
2024-05-24,-0.017456947164440597,-0.012144297940543027,0.004333090223918573,0.008501978114690344,-0.36600579566708524,-0.0010712373814988035,-0.0037172933835784216,-0.06804244420089088,0.3660130718954248,5.0369526024136295,0.016949558320309272,0,1,0.01074556177134258,-0.07295148612126973,1.5344975051182688
2024-05-25,0.008501830990212534,0.005185090113127251,0.02812736592165777,0.01074556177134258,-0.8399071843668502,0.0,0.0,0.0,0.3939393939393939,4.605170185988092,-0.431576252101749,1,0,-0.011363112097898122,-1.6920386407149755,0.39129257258786593
2024-05-26,0.01074541745154951,-0.0006864875539614433,-0.005445309774594527,-0.011363112097898122,-0.021521595516355106,0.0,0.0,0.0,0.5714285714285714,4.442651256490317,-0.5902401907034516,1,1,0.013465947937329524,-0.3768275737767721,3.132389287950806
2024-05-27,-0.011362967778104952,0.01604785505573138,0.0017889985714839094,0.013465947937329524,0.6672373053910139,0.0,0.0,0.0,0.688,4.836281906951478,-0.11943246823702103,0,0,-0.0150623714003808,-3.15797067672509,0.22352302624727488
2024-05-28,0.013465947937329524,-0.015622714679705838,-0.014345483092153704,-0.0150623714003808,0.34358672576630267,0.0096849750810076,-0.0010509780682607466,0.07972024256920057,0.390625,5.262690188904886,0.27193371548885004,0,0,-0.010966160005080427,-1.879794767705072,0.7824609600135597
2024-05-29,-0.015062225198119922,-0.009472992062717926,-0.0022806123101807084,-0.010966160005080427,-0.3425972775875275,-0.0063464816760843545,0.004673108174339602,0.10008343395238209,0.6735751295336787,5.267858159063328,0.27908356720173033,0,1,0.010290184685345129,-0.7781881766936811,2.6943626236041274
2024-05-30,-0.010966454021724553,0.008152856630825179,4.990590503351689e-05,0.010290184685345129,0.20672015163569124,0.001110289464388048,-0.0036221301060789537,0.013217620885411141,0.42483660130718953,5.0369526024136295,0.06959329180573097,0,0,-0.011953148002230988,-2.4918234390081557,1.0072119855119406
2024-05-31,0.010290332499728404,-0.0065813216955767995,-0.006846167937799594,-0.011953148002230988,-0.06483850661469279,-0.00857307357068379,-0.0004776068852768196,-0.11330105483779303,0.3277777777777778,5.198497031265826,0.2054439742203642,0,1,0.003352974306247208,-0.16532756420190947,0.531587154683109
2024-06-01,-0.011953148002230988,-0.0167093963105193,0.011311810745831477,0.003352974306247208,-1.1052787355738607,0.0,0.0,0.0,0.010101010101010102,4.605170185988092,-0.39239302653071073,1,0,-1.800306465331948e-05,-0.7545046943915178,1.017649577797283
2024-06-02,0.003352826741460803,0.0082135985373888,-0.0025387969956487833,-1.800306465331948e-05,0.5570531981963823,0.0,0.0,0.0,0.546875,4.174387269895637,-0.8089441182290744,1,1,0.015292495676779325,-0.22625528652024607,3.6545952974010474
2024-06-03,-1.8003067310019985e-05,0.026351454131384563,0.0052644910140593575,0.015292495676779325,0.6528257417641572,0.010151150585457774,-0.005076384499318825,0.014598767328195265,0.535031847133758,5.062595033026967,0.0571048906841568,0,1,0.02480167347858517,-0.3531593551310842,3.222550999883699
2024-06-04,0.015292497916286547,0.010972052701605638,0.014023454990670866,0.02480167347858517,-0.0004586796887395056,-0.009032443941432378,-0.0002881035246518874,0.0038066427145914943,0.6451612903225806,5.231108616854587,0.23240287673238294,0,1,0.008050544645661345,-0.21881694634091195,1.7150043267324004
2024-06-05,0.024801677038631214,0.009726206747072199,0.026145097566486877,0.008050544645661345,-0.03143459990098152,0.012223460620860391,0.0015356182576500479,-0.04110696887890819,0.5833333333333334,5.262690188904886,0.2651210370713433,0,0,-0.004354124285061161,-1.4025445162506023,0.8290899545135632
2024-06-06,0.008050686413550842,-0.0008085990765267861,-0.003786731053435413,-0.004354124285061161,-0.2731730192467742,0.00685801971176186,-0.0016316956437711864,-0.003966700215845242,0.5229885057471264,5.1647859739235145,0.14651705497793427,0,0,-0.020598830454873523,-3.4180544225919265,1.677900549524481
2024-06-07,-0.004354124285061161,0.004133981665048149,-0.024509223348474364,-0.020598830454873523,0.48846718288250657,-0.027849130615993235,0.007560215191439793,-0.029034269612359307,0.45357142857142857,5.638354669333745,0.5314449109722977,0,0,-0.00065106056369522,-0.2708276244217605,0.3261894184559473
2024-06-08,-0.020598830454873523,-0.03411594176555893,0.01087343752682822,-0.00065106056369522,-1.2925937383759003,0.0,0.0,0.0,0.12574850299401197,5.123963979403259,-0.0427021762492458,1,1,0.004860162159083764,-0.26035710857138955,0.7856466762953216
2024-06-09,-0.00065106056369522,0.00394351201469845,-0.0005463554051914524,0.004860162159083764,0.011873111878491499,0.0,0.0,0.0,0.49514563106796117,4.6443908991413725,-0.5574338967496894,1,0,-0.0015538683361776106,-0.6855646013194338,0.7834479685543633
2024-06-10,0.004860305737925705,0.00483817508167426,0.0006080872316034497,-0.0015538683361776106,0.5488217983122328,0.0010839169709689002,0.0024757405056136084,0.041672656583176315,0.508130081300813,5.5093883366279774,0.2448643935194887,0,0,-0.032530322415029955,-5.147495568057018,0.07188959758402466
2024-06-11,-0.001554011915019421,-0.00866945204588105,-0.04617317800355355,-0.032530322415029955,0.8837471693973059,-8.664897474244984e-05,0.0007605459934801095,0.008597208849178589,0.127208480565371,5.648974238161206,0.31549244615555194,0,1,0.014010590579490376,-0.6098101407733242,3.910915206834601
2024-06-12,-0.032530470972018104,0.005859933677475822,0.012846531857806907,0.014010590579490376,-0.1085052554303438,0.012275377571110555,-0.0055269991808469445,-0.06510940431526682,0.2808022922636103,5.857933154483459,0.42197394363230123,0,0,-0.02208343776467173,-2.992006231425219,0.27109304953329577
2024-06-13,0.014010592646348902,-0.022387630993522867,-0.009811370327028484,-0.02208343776467173,-0.24560982165653247,-0.015444010517410593,0.005241807821713123,-0.008340363891643488,0.3159722222222222,5.666426688112432,0.16111934914682377,0,0,-0.010977921824138023,-2.571240650838487,0.8904420403224925
2024-06-14,-0.022083291274542147,-0.015889947856779645,-0.017875781958804456,-0.010977921824138023,-0.023357961933550647,0.013472849167638714,0.0033215319127361123,0.058553331842595924,0.26765799256505574,5.598421958998375,0.09930113894325263,0,1,0.0027860739213107213,-0.28337919734614814,0.6557251111187075
2024-06-15,-0.010977921824138023,-0.01332509111617597,0.011900692710785315,0.0027860739213107213,-0.9085302782115376,0.0,0.0,0.0,0.34285714285714286,5.170483995038151,-0.3353053753395783,1,1,0.006751007092293841,-0.2929776351832783,1.1566107140974322
2024-06-16,0.0027860739213107213,0.007794929951097984,0.002690089542939579,0.006751007092293841,-0.19823326896025012,0.0,0.0,0.0,0.453781512605042,4.787491742782046,-0.7302648435080444,1,0,-0.002591057844952401,-2.347284361066044,0.9284438304580428
2024-06-17,0.006750857115236621,0.004469338255899915,-0.013792060166533806,-0.002591057844952401,1.0701242217898606,-0.008182999621581656,-0.002181471476737121,0.007083866941161012,0.3014354066985646,5.3471075307174685,-0.1454221391412597,0,0,-0.020186188658431685,-3.744691414300606,0.1260776877590493
2024-06-18,-0.0025909078678951858,-0.010614719271942366,-0.016565128377298115,-0.020186188658431685,0.4359327529502851,0.007753980763100305,-0.0005698315100723235,-0.035931993719163995,-0.030534351145038167,5.572154032177765,0.09307712422483314,0,0,-0.0030879852219766885,-0.7845308601859542,0.8437146076581331
2024-06-19,-0.020186188658431685,-0.013009819459440833,0.009415416882714899,-0.0030879852219766885,-0.7472033892453219,0.0,0.0,0.0,0.22666666666666666,5.420534999272286,0.017937700691111638,0,0,-0.001607771373120505,-0.6411026615677587,2.295248895245318
2024-06-20,-0.0030879852219766885,0.011427357653895099,-0.0016537032357947167,-0.001607771373120505,0.19027949619148216,0.009991179448078678,0.0031301349156408857,0.07665984605542543,0.3508771929824561,5.655991810819852,0.25626759874275107,0,0,-0.011261416759841722,-2.3247014461439783,0.3027169781371391
2024-06-21,-0.001607771373120505,-0.021533090544202195,-0.01844375921888257,-0.011261416759841722,0.06880203814358843,-0.016016849994939065,0.0019869131327182963,-0.006042308797982368,0.15734265734265734,5.659482215759621,0.24882003936323036,0,1,0.001844936066219504,-0.31188109539844056,0.6267000705846034
2024-06-22,-0.011261416759841722,-0.008021585835367176,0.008866786747613669,0.001844936066219504,-1.2687486189250272,0.0,0.0,0.0,0.12727272727272726,5.111987788356544,-0.29479954021458443,1,0,-0.016505957689856198,-1.7007428049724165,0.40221198300874383
2024-06-23,0.001844936066219504,-0.00039994480953909657,-0.012043681029520182,-0.016505957689856198,0.1180116024658539,0.0,0.0,0.0,0.10869565217391304,4.9344739331306915,-0.4856670641225895,1,0,-0.04724168823827901,-7.911253886388766,0.25247325758944783
2024-06-24,-0.016505957689856198,-0.018003344944049163,-0.07861106850401973,-0.04724168823827901,1.8472299099385017,0.005854053366742159,-0.0031239844063306143,0.009800313324426333,-0.12979351032448377,5.8289456176102075,0.33352672639440584,0,1,0.024779622477455705,-0.0601242519586248,3.466475039390144
2024-06-25,-0.04724168823827901,-0.015101670420272013,0.03126960810602241,0.024779622477455705,-0.5142685992707656,-0.0057676319065113404,0.001326505675220534,-0.03745181832153353,0.12432432432432433,5.916202062607435,0.3594366137441644,0,0,-0.015342476362678105,-1.7859236824575953,1.0970888793393847
2024-06-26,0.024779622477455705,0.0010857608769481006,0.007521628172465969,-0.015342476362678105,-0.3271953006808434,-0.0075394205654809275,0.004157640249604933,-0.022844629369817324,0.3665594855305466,5.7430031878094825,0.13925678749173928,0,1,0.013730655086801458,-0.42538395320401307,2.4734371477508668
2024-06-27,-0.01534264066075512,-0.0015789936785634098,-0.001737079070142296,0.013730655086801458,-0.20355982534083145,0.010943747042885628,-0.0013209983541478904,-0.025011422391106403,0.33881578947368424,5.720311776607412,0.10650988102457164,0,0,-0.020938861751513153,-2.6994776292638973,0.837304251138484
2024-06-28,0.01373065732730471,-0.0026306738793222323,-0.009010281673797246,-0.020938861751513153,0.30237967330542603,0.0013756724603899051,-0.0003777591348809547,0.016207795195103535,0.2542955326460481,5.676753802268282,0.060195160786858694,0,1,0.009205553774616642,-0.07295656759270824,1.3089343608822186
2024-06-29,-0.020938699693939435,-0.016222560654075947,0.0053263488651986,0.009205553774616642,-0.7685199156013798,0.0,0.0,0.0,0.18435754189944134,5.19295685089021,-0.43301505987080857,1,1,0.028853793809744524,-0.45106486240360094,3.3411510437922862
2024-06-30,0.009205553774616642,0.029527720603717222,0.005424470826507608,0.028853793809744524,0.40904774586330195,0.0,0.0,0.0,0.112,4.836281906951478,-0.7853356096420856,1,1,0.0020367312407112426,-0.4387517744353116,1.7211473711829586
2024-07-01,0.028853793809744524,0.01265375708365134,0.02897692468942744,0.0020367312407112426,0.34836828333130493,-4.2898852745440194e-05,0.0002833147177815295,-0.017843077984553226,0.4879032258064516,5.517452896464707,-0.05163885678976777,0,0,-0.012229003319739846,-1.7541027300019485,0.6162847559715341
2024-07-02,0.0020368902232360047,-0.009011894911402842,-0.011116778314955137,-0.012229003319739846,-0.2788786332860982,-0.0019782819678747557,-0.0017011657333817745,-0.015670467805554818,0.45993031358885017,5.662960480135946,0.14088253018189123,0,0,-0.0315021343281225,-4.502277503553122,0.24187167362355
2024-07-03,-0.012229323240948976,-0.0159731341432198,-0.03971075105525147,-0.0315021343281225,0.54901159731831,0.01571743658704651,-0.003031450698364612,0.0049751694580224505,0.13190184049079753,5.7899601708972535,0.259738442392891,0,0,-0.05388661548310068,-5.878923511104726,0.4798580157883022
2024-07-04,-0.031502139478736715,-0.02912227090647505,-0.04526859440363856,-0.05388661548310068,0.5287348874725889,0.0,0.0,0.0,-0.14285714285714285,5.733341276897746,0.20067069546539792,0,0,-0.007410738462197537,-6.450962293325841,0.865637638096191
2024-07-05,-0.05388627410901024,-0.05002881926002179,-0.05960700330531183,-0.007410738462197537,0.3992774997884836,0.012088663472560882,-0.004945837316700424,0.03174864901379818,-0.38902743142144636,5.996452088619021,0.40404111356600875,0,1,0.027885405242016163,-1.0844445471228097,3.2081799339533124
2024-07-06,-0.007410913746989213,0.01601468449637369,0.04625443899983262,0.027885405242016163,-1.3236730730317199,0.0,0.0,0.0,0.10285714285714286,5.170483995038151,-0.4229975868640909,1,0,-0.04159356377998373,-4.398534468287056,0.37595308371487907
2024-07-07,0.027885405242016163,-0.00043686326036809244,-0.005255493969626293,-0.04159356377998373,-0.12438679455570568,0.0,0.0,0.0,0.23703703703703705,4.912654885736052,-0.6878421283228446,1,1,0.015222671228313616,-2.901909860109922,4.170690074136616
2024-07-08,-0.04159356377998373,-0.0036461938757665884,-0.026627317698212468,0.015222671228313616,0.9223990921750803,-0.01403992502750996,0.001238790793425641,-0.00885314910859194,0.15772870662460567,5.762051382780177,0.12974022342818764,0,1,0.023272682322844962,-0.7524897222487491,2.7501454546925608
2024-07-09,0.015222494906919048,0.0010172250338731303,0.03671687260692538,0.023272682322844962,-0.5504840389559551,0.002078403578812869,0.0010469768033470517,0.011254165621822165,0.3824451410658307,5.768320995793772,0.1197442051447418,0,0,-0.0055996280225802065,-1.5489019230662147,2.4167275574601907
2024-07-10,0.023272858644239367,0.019938503350521157,0.015308560314670368,-0.0055996280225802065,-0.1056509983963184,0.00511374163037859,-0.0006661245228282404,0.026815498252858803,0.43597560975609756,5.796057750765372,0.14655762892270988,0,0,-0.006708538049520128,-1.1777003813235567,3.2789068422604886
2024-07-11,-0.0055996280225802065,0.00302216482542292,-0.0018876126051538178,-0.006708538049520128,0.1762572598783201,0.017881513074975274,-0.005823689134446796,0.005432663231971264,0.35446685878962536,5.8522024797744745,0.18339252942463777,0,1,0.009532569171711086,-1.4004504874457968,2.048617657450702
2024-07-12,-0.006708538049520128,-0.019011429897618084,-0.00893603911074252,0.009532569171711086,-0.22973374319033624,-0.0004141644291962591,-0.0033568928618563387,-0.03625298783869786,0.16722408026755853,5.703782474656201,0.08627325742751689,0,1,0.022460333746386348,-0.2290963236415237,3.331232076047085
2024-07-13,0.009532396427604384,0.022358713357675194,0.021246110809753926,0.022460333746386348,-0.4318470759596044,0.0,0.0,0.0,0.4378698224852071,5.135798437050262,-0.4811417080285958,1,1,0.02656596839138983,-0.016909065165771803,3.6757304085368383
2024-07-14,0.02246033758302966,0.02590531707128386,0.02458220633114388,0.02656596839138983,0.32135899794499967,0.0,0.0,0.0,0.4726027397260274,4.990432586778736,-0.6331644759513857,1,1,0.06257882518464983,-0.2727659001493793,6.529221032875669
2024-07-15,0.026566137298853203,0.055100874634778405,0.02400740004155373,0.06257882518464983,0.6026275340490067,0.0036800068503831792,0.0009603045111108622,0.05161425837245012,0.6807817589576547,5.730099782973574,0.11528499503102141,0,1,0.004929571655444641,-3.699790132521135,1.0219351239206518
2024-07-16,0.06257758916900792,0.007505966095099669,0.028308582860932293,0.004929571655444641,0.09461569958224847,0.016171314917783012,0.0007674777505326775,0.005321160122665793,0.5618279569892473,5.921578419643816,0.2800309257189492,0,0,-0.014806827344029673,-1.8464582876559832,1.653797448059556
2024-07-17,0.00493096141318043,0.01124819489683335,0.02346289010409596,-0.014806827344029673,-0.36354536678136723,-0.00309113301982428,-0.0049994974960680914,0.09330942042807858,0.6219839142091153,5.924255797414532,0.26010714306201843,0,0,-0.0015626673332034774,-1.3344006245556146,1.6178956292362774
2024-07-18,-0.014806981086123737,-0.015165845532262339,-0.009686250713025864,-0.0015626673332034774,-0.2701117966687029,-0.0012228428297097356,0.004040003307987271,0.09543578773519976,0.43630573248407645,5.752572638825633,0.10445101127817044,0,1,0.040910757335444886,-1.079840193186639,5.174296566480539
2024-07-19,-0.0015626673332034774,0.03400134203923899,0.000982936980486169,0.040910757335444886,0.45675566331757433,-0.02323049125293214,0.00220552764544159,0.03636765272324057,0.5175097276264592,5.552959584921617,-0.07442555849628738,0,1,0.00717432290208512,-0.6585392552882485,1.3973323932839739
2024-07-20,0.040910907350434955,0.003141115603479473,0.045123766714428755,0.00717432290208512,-0.9070008887346617,0.0,0.0,0.0,0.7317073170731707,4.820281565605037,-0.7872952451759626,1,1,0.015156828740989328,-2.050916262812461,1.8105883115133818
2024-07-21,0.007174321829680792,0.011306882084378933,-0.006749447173156964,0.015156828740989328,0.416466516716585,0.0,0.0,0.0,0.6595744680851063,4.955827057601261,-0.6480735059279764,1,0,-0.009334516829783621,-2.3832878730970264,0.4525918863368468
2024-07-22,0.015156826500514484,0.0015768644892238635,0.011833112638143663,-0.009334516829783621,-0.017013008544313934,-0.0014621412526544951,-0.0008624787816512754,-0.10253967725977965,0.6559766763848397,5.840641657373398,0.22199885063538882,0,0,-0.023916981434216472,-3.145151186709505,0.3237216906958894
2024-07-23,-0.00933481160983186,-0.01062321878619304,-0.016953149965908444,-0.023916981434216472,0.38123056392696786,0.005253774082549602,0.0013412475025854679,-0.012824987101443355,0.4043321299638989,5.627621113690637,0.058949903232166416,0,0,-0.008529507623456261,-1.2591220503972371,1.7529272560928404
2024-07-24,-0.02391698501848567,-0.009624925780247063,-0.005056690071093716,-0.008529507623456261,-0.3079263601889099,0.0036115155414233003,-0.0005745792118031772,0.20338443394305505,0.40771349862258954,5.8971538676367405,0.3348207085854947,0,1,0.006463859817351855,-2.9797435092911195,1.2154934059530809
2024-07-25,-0.008529202999930258,-0.013903846124853951,-0.025735722212395132,0.006463859817351855,0.41987634574261157,-0.025771655108934748,-0.0002874134563198047,0.023014614095178493,0.39933993399339934,5.717027701406222,0.16021966397575418,0,1,0.03153462223775808,-0.1175767824923245,3.5825486396853194
2024-07-26,0.00646370685603215,0.030134412154674106,0.03508552708533952,0.03153462223775808,-0.37076979727936293,0.011877017079959726,-0.0003833708640863391,-0.11893482396303547,0.56656346749226,5.780743515792329,0.1882657698369774,0,0,-0.00016921384598440523,-1.8698654065603681,2.173302273020809
2024-07-27,0.03153476949582385,0.0174421585711131,0.01401173599707765,-0.00016921384598440523,0.2684549789872246,0.0,0.0,0.0,0.5943775100401606,5.521460917862246,-0.13703928897636308,1,1,0.005191188977428364,-1.2297436690445906,0.6195082278254098
2024-07-28,-0.0001695083870578615,-0.015707154297938328,0.006232003529173304,0.005191188977428364,-1.0707524602872616,0.0,0.0,0.0,0.6227544910179641,5.123963979403259,-0.5494210180625831,1,0,-0.02170181316434392,-2.7057021477258623,2.6461628112296824
2024-07-29,0.005191336260435947,0.025457734811470942,-0.009568395809384378,-0.02170181316434392,1.210529326789403,-0.0011350772219737724,0.0022979507136719713,0.0127313628261293,0.5349462365591398,5.921578419643816,0.23725961284264432,0,0,-0.008974685027823451,-2.2440939002666394,0.3218756733544879
2024-07-30,-0.02170196289927215,-0.04494468454309595,-0.017085730689751787,-0.008974685027823451,-0.4551879295698883,0.011584493096314897,-9.559090253360601e-05,0.06359682001889519,0.22658610271903323,5.805134968916488,0.09453361477414439,0,0,-0.02385142421501373,-2.5368945681849464,0.9940757117753724
2024-07-31,-0.008974535292895358,-0.0022526846436144035,-0.011902691707006469,-0.02385142421501373,-0.022153043497258728,0.008899986305409351,-0.004313494100995252,-0.07816016987934357,0.3602693602693603,5.697093486505405,0.01795728913676906,0,1,0.011171199683345215,-3.665422540772619,1.5838808059280416
2024-08-01,-0.02385126948333045,-0.017953373273487203,-0.03513670394089055,0.011171199683345215,0.4516477563802447,0.0034968666714193194,0.0030692494838229197,0.1277844414592625,0.15654952076677317,5.749392985908253,0.06554313330800116,0,0,-0.06080893312569105,-6.5181524289444726,0.36978996574728157
2024-08-02,0.011171044951661806,-0.0009697087184625462,-0.017356099198373387,-0.06080893312569105,0.08822398691269158,-0.0038266341350136172,-0.011655471739615158,0.22968474456012028,0.2908496732026144,5.726847747587197,0.05124415313426665,0,0,-0.013099436128860992,-2.716858796825603,1.1316362000067066
2024-08-03,-0.060808770519662866,-0.053190470783096695,-0.022795996804502342,-0.013099436128860992,-0.3255030506566977,0.0,0.0,0.0,0.016853932584269662,5.187385805840755,-0.4550447895613947,1,0,-0.04269555681819708,-6.070777259010447,0.6889784085061922
2024-08-04,-0.013099598734889235,-0.01752601404386608,-0.04663862075070941,-0.04269555681819708,0.12023618218868744,0.0,0.0,0.0,-0.06722689075630252,4.787491742782046,-0.8329613163555598,1,0,-0.07388270778154322,-17.13947289145534,0.24829450966718591
2024-08-05,-0.04269555681819708,-0.047102395806587115,-0.1533825131426461,-0.07388270778154322,1.6343213715645444,-0.00994332279261066,-0.005050973722581502,0.5001662098063427,-0.43086816720257237,5.7430031878094825,0.1600630861962274,0,1,0.03641232998749407,-0.12746275394932038,5.443781295301988
2024-08-06,-0.07388252266085878,-0.021927839925195175,0.09623739359351705,0.03641232998749407,-1.0647091281142742,-0.005260032745343863,0.002722930538867963,-0.33068143847259307,0.14868804664723032,5.840641657373398,0.251552452682446,0,0,-0.015975161468007117,-2.6468929270936066,3.013711254927408
2024-08-07,0.03641196636552262,0.012111629583748205,0.011218028256051314,-0.015975161468007117,-0.23299884290245867,0.0005857822224360302,0.0022311279525666044,0.0050396542353046,0.3233333333333333,5.707110264748875,0.11599891386621536,0,1,0.11228735091416127,-0.7357482607297133,12.931163705014464
2024-08-08,-0.015982238023313115,0.08319936303286353,0.003136285195631718,0.11228735091416127,0.08816332022262648,0.013173648862206806,9.691523114703233e-05,-0.15756761727201954,0.34024896265560167,5.488937726156687,-0.06372313248144788,0,0,-0.013842409307287744,-3.5492463774146823,0.0945958585122719
2024-08-09,0.11229476808210574,-0.016078327550860645,0.08415236974731168,-0.013842409307287744,-0.4453574167557579,0.0040789238864625725,-0.0006784560021994059,-0.1552020913603775,0.5185185185185185,5.497168225293202,-0.01979109998098262,0,1,0.001404713543484379,-0.9844645898276242,1.0344257001396924
2024-08-10,-0.013842571418638986,-0.004444110891013359,0.011805408568582703,0.001404713543484379,-1.1309934747069743,0.0,0.0,0.0,0.22377622377622378,4.969813299576001,-0.5296287507220939,1,0,-0.036964958668207114,-4.424469124588437,1.5222292750622888
2024-08-11,0.001404713543484379,0.006282749292710305,-0.032995331804123666,-0.036964958668207114,0.6522756400615956,0.0,0.0,0.0,0.1590909090909091,4.890349128221754,-0.6172894266748601,1,1,0.010741321896940523,-1.8399072419404452,3.3472198944425364
2024-08-12,-0.036964958668207114,-0.018715052474404737,-0.01111933984172722,0.010741321896940523,0.6568046762601383,0.012381322610815695,0.0,0.016553359762280576,0.07727272727272727,5.3981627015177525,-0.051877539263138005,0,1,0.020687318243458014,-1.6201541548833303,3.691078170470629
2024-08-13,0.010741321896940523,0.014179904657221418,0.012938852767511855,0.020687318243458014,-0.28403133071039427,0.0017447607257966857,-0.005639313337416406,-0.1336002842703326,0.32142857142857145,5.638354669333745,0.22889988317035767,0,0,-0.031926101818424826,-3.619894520305475,1.982054007797181
2024-08-14,0.020687483294944586,0.003597076616723551,0.0006899145892365151,-0.031926101818424826,0.02003576269184747,-0.011129137775200023,9.751997633008525e-05,-0.11262254625371607,0.3485342019543974,5.730099782973574,0.3164780200950193,0,0,-0.019657942646201854,-4.540351441661495,1.9674350151664546
2024-08-15,-0.03192626686991141,-0.032072291744732,-0.04113067103198506,-0.019657942646201854,0.28210300133798594,0.005600503269123787,0.003989337871885919,-0.06112666382606371,0.12087912087912088,5.6131281063880705,0.1788738179177161,0,1,0.022910978337253942,-0.7718831677230362,3.8803826909304453
2024-08-16,-0.019658116435159946,-0.0005284658885620003,0.0180267400931827,0.022910978337253942,-0.31108477486885355,0.01837804343675201,-0.0050623576403176105,-0.028639943192801342,0.19601328903654486,5.71042701737487,0.2408600788623063,0,1,0.010431923382209742,-0.15221873818427128,1.3922262140255985
2024-08-17,0.02291098227366343,-0.001970586431794573,0.02910762263264158,0.010431923382209742,-1.2741702309899474,0.0,0.0,0.0,0.2802197802197802,5.209486152841421,-0.2855211836769475,1,0,-0.018057579517003593,-1.837306374382567,1.3241469050007506
2024-08-18,0.01043209323475819,0.009751130291961388,-0.006418952979773265,-0.018057579517003593,0.5685911981575905,0.0,0.0,0.0,0.2764227642276423,4.820281565605037,-0.6720196341259398,1,1,0.017158062435947308,-1.1015073771240858,2.0167233575142647
2024-08-19,-0.018057579517003593,-0.011131814991868555,-0.010699589544418795,0.017158062435947308,0.5145393549959785,0.0012798782157230325,-0.005578675579700073,-0.010186884233373378,0.16532258064516128,5.517452896464707,0.012753796066602506,0,0,-0.007170849698593443,-1.509130554484085,3.2467670593642897
2024-08-20,0.017158062435947308,0.029458499454447524,0.013081830662347341,-0.007170849698593443,0.3221023768702633,0.0037900744796478744,-0.004426279239489019,0.08062015360140999,0.4425531914893617,5.4638318050256105,-0.01448426045810751,0,1,0.03565715238614722,-0.3910621927581598,4.647066540514096
2024-08-21,-0.007170849698593443,0.006832145112904518,0.004009833918665894,0.03565715238614722,-0.11765114054454114,-0.0011555060403106994,-0.003951027653131777,0.0242624863407933,0.3201581027667984,5.537334267018537,0.09220940213002911,0,0,-0.012839442327577983,-2.3679950680449973,0.3981367906089414
2024-08-22,0.03565715238614722,-0.0068321451129045125,0.015887823633278897,-0.012839442327577983,-0.27567716354340743,-0.011830186756921601,0.00464084973759752,0.07573095707315049,0.3886255924170616,5.356586274672012,-0.050175540612568015,0,1,0.05887576421662603,-0.055832612300887464,7.310569752826675
2024-08-23,-0.012839607956757239,0.05628488729459945,0.010282182229863004,0.05887576421662603,0.584745502488566,0.011830186756921704,-0.007812934985011283,-0.10125371187992283,0.39330543933054396,5.480638923341991,0.11517138622626971,0,1,0.0018685710918962383,-0.7936813386500969,0.7115159712036401
2024-08-24,0.058875929845805156,-0.007114773599604281,0.05149727695313386,0.0018685710918962383,-0.8770675800864327,0.0,0.0,0.0,0.584070796460177,4.736198448394496,-0.5865216425866827,1,1,0.0009813284334161388,-0.5999223185022965,1.3053909667685333
2024-08-25,0.0018687269594968299,0.00780732104754538,0.003806161293374373,0.0009813284334161388,-0.2535762182511249,0.0,0.0,0.0,0.38823529411764707,4.454347296253507,-0.8441717306202204,1,0,-0.021818360418123024,-2.235961518721484,0.40559181016100826
2024-08-26,0.000981016851072758,-0.008016663132659129,-0.015379063568775763,-0.021818360418123024,0.45883285626593795,0.003700706198852698,0.0012898474141776791,0.018119831488631097,0.4117647058823529,5.236441962829949,-0.010638398199708176,0,0,-0.05594960850125526,-7.9467110239651,0.599782830361245
2024-08-27,-0.021818204703380268,-0.019876450216120636,-0.07892585547055915,-0.05594960850125526,0.5903470597053101,-0.0006754281156969496,-0.0029791027007281044,-0.04560633989509915,0.24691358024691357,5.497168225293202,0.2452857740048653,0,0,-0.006417925294743356,-2.652042019400058,1.3706526943900075
2024-08-28,-0.05594960850125526,-0.0482409098609676,-0.0030029184556048913,-0.006417925294743356,0.048134098565993676,-0.005979686942712076,0.005356026370427675,0.10334943742316474,0.02727272727272727,5.3981627015177525,0.17095779814818504,0,1,0.005475126375226921,-0.5466094177197327,3.547887046883977
2024-08-29,-0.006417925294743356,0.015354418230196249,0.014636400722059895,0.005475126375226921,-0.3107477718518227,0.009827580801596993,0.0024699909711655365,-0.0891922309652149,0.1932367149758454,5.337538079701318,0.11313546726466736,0,0,-0.003967156608714223,-2.8327683365354126,0.9808039995427305
2024-08-30,0.005474957908791276,-0.020195704098185465,-0.017386462812929833,-0.003967156608714223,0.05397090510941499,-0.012710561536922458,0.003546109136159269,-0.04242069150888939,-0.015228426395939087,5.288267030694535,0.09661632613833405,0,0,-0.00254026496747557,-0.644774406444964,0.5707079463983532
2024-08-31,-0.003966988142278554,-0.008068117140158065,0.017912782692190307,-0.00254026496747557,-1.1760109110351498,0.0,0.0,0.0,-0.036036036036036036,4.718498871295094,-0.47545847991969037,1,0,-0.028763415319443375,-3.052511849586606,0.17382384031249704
2024-09-01,-0.0025400954012116126,-0.00650910602833413,-0.026617639398892032,-0.028763415319443375,0.8558119097959554,0.0,0.0,0.0,-0.11475409836065574,4.127134385045092,-1.0547281032511389,1,1,0.03144134758080365,-0.30387196800310784,3.639354052672333
2024-09-02,-0.02876515551658525,0.0058918868041550575,-0.001277016503608476,0.03144134758080365,0.10053636475934905,0.0,0.0,0.0,-0.08866995073891626,5.318119993844216,0.13463786560860272,0,0,-0.028202897779850595,-2.946883827949104,1.1392587667462943
2024-09-03,0.03144274909886886,0.0064403947215433,0.005011228981343751,-0.028202897779850595,-0.0029232507320359927,-0.0015651613535240963,0.0012775011179969073,0.32304918314980957,0.08264462809917356,5.493061443340548,0.3111750900115248,0,1,0.008369626775024829,-3.3280424624452762,1.7779954103143005
2024-09-04,-0.02820255471688991,-0.021815531344170618,-0.032014484124812344,0.008369626775024829,0.44324857754638763,0.0014046919562063706,-0.004626232130554243,0.02854620073156293,-0.13666666666666666,5.707110264748875,0.4635483191925223,0,0,-0.03138033882672037,-4.097319531161772,0.61251475592904
2024-09-05,0.008369452824877156,-0.0032851797688277042,0.0006768560878600557,-0.03138033882672037,-0.24595981156811464,0.0071931259247034075,-0.0024695028946871414,-0.06892587242246898,-0.017316017316017316,5.44673737166631,0.18417856754549644,0,0,-0.040262751080288636,-6.6795724353137516,1.463078718738255
2024-09-06,-0.03138033882672037,-0.02287469919862821,-0.05720286786824019,-0.040262751080288636,0.6719571620927784,-0.007152981683501989,0.0006920727401390275,0.11744795282340663,-0.2838983050847458,5.4680601411351315,0.17700881790754563,0,1,0.0036604367595428834,-0.4037383774983247,1.630411612543022
2024-09-07,-0.040262751080288636,-0.03858942214224098,0.022495589497865513,0.0036604367595428834,-1.1821896284439353,0.0,0.0,0.0,-0.19444444444444445,4.6913478822291435,-0.6025217772204997,1,1,0.01300733247035669,-0.9868354348168912,2.113984549771029
2024-09-08,0.0036604367595428834,0.008496166131822856,-0.002170533813642777,0.01300733247035669,-0.025474409544535837,0.0,0.0,0.0,0.3013698630136986,4.30406509320417,-1.0028453835624027,1,1,0.03882199877924005,-0.5079220664852013,5.699326225223725
2024-09-09,0.01300733247035669,0.04886074922488351,0.017796466153673387,0.03882199877924005,0.6881026260466965,0.0033231463116611603,0.0036502061982117153,-0.14032055609438693,0.3073394495412844,5.389071729816501,0.0804796751310017,0,1,0.010359360363052208,-1.1559843930366944,1.7419707196105607
2024-09-10,0.038822174088645696,-0.0007515562768916634,0.03234137551372508,0.010359360363052208,-0.3152995818504381,0.004188195346663044,0.0007874220461980366,-0.019206447268627507,0.4024390243902439,5.5093883366279774,0.1984792669385537,0,0,-0.005183618786241656,-3.695027529024174,0.5980417019196956
2024-09-11,0.010359185053646388,-0.0010799298138562993,-0.015031070996822606,-0.005183618786241656,0.3349314476576509,-7.959205722123827e-05,0.0004918897581672112,-0.07564112366000925,0.13877551020408163,5.5053315359323625,0.23413669976925272,0,1,0.013758211280425158,-0.02441959859338284,2.1566317274301783
2024-09-12,-0.005183618786241656,0.01040228146886304,0.03152246051806619,0.013758211280425158,-0.06092778329801723,0.015444721969289848,-0.0030534133936020295,-0.035677019433049094,0.3843283582089552,5.594711379601839,0.2969645382494321,0,1,0.039888515176949337,-0.8633064614233354,4.1985557795463295
2024-09-13,0.01375803925906301,0.034177451801586455,0.005369342652125494,0.039888515176949337,-0.04102974088991122,0.011729349341314652,-0.002568177349113929,-0.030332402221190383,0.3167420814479638,5.402677381872279,0.11495897278428914,0,0,-0.008381917831569096,-1.8316080270534048,0.18570138139050754
2024-09-14,0.03988852190357719,-0.00024002880460884758,0.030205499520648642,-0.008381917831569096,-0.8990212601630452,0.0,0.0,0.0,0.43434343434343436,4.605170185988092,-0.6815360196221663,1,0,-0.014456155768720775,-2.1941143785667574,0.6691177291594927
2024-09-15,-0.008381919222878894,-0.0035477543538793765,-0.01200698134670258,-0.014456155768720775,0.12528138958960347,0.0,0.0,0.0,0.3333333333333333,4.6913478822291435,-0.6197512055790538,1,0,-0.01564652918074257,-2.810381376385435,0.133003576226771
2024-09-16,-0.014455989082676772,-0.01981729729804791,-0.02061882574690746,-0.01564652918074257,0.6546828197504301,-0.0003487790851909712,-0.0034675664542329937,0.034424760852599955,0.09375,5.41610040220442,0.10550224906200328,0,1,0.035438379599161005,-1.0429366532848623,5.198035014551255
2024-09-17,-0.01564652918074257,0.03500378520250228,0.002027918050263178,0.035438379599161005,0.22372662316262182,-0.00625883189495714,0.0012893356850292408,0.02705207960763049,0.42105263157894735,5.3471075307174685,0.06276292824261424,0,1,0.023691660342147144,-1.9068307868586931,2.4116602493680475
2024-09-18,0.035438379599161005,0.007574631947329027,0.026799438263422768,0.023691660342147144,0.08590901026412305,0.00249266043134922,-0.0028785658727580672,0.034601606412624705,0.41767068273092367,5.521460917862246,0.23497459395043305,0,1,0.01905308607791393,-0.3324659699830828,3.3280838679139224
2024-09-19,0.02369149842500943,0.03285589652760598,0.039435308510903454,0.01905308607791393,-0.04984018680761008,0.006707160271705417,9.941987261286984e-05,-0.11006466126974973,0.5181818181818182,5.3981627015177525,0.14660347419642086,0,1,0.004012085061529829,-0.9545157751277517,1.8655211785943833
2024-09-20,0.019053406856346516,0.004427459184718525,0.012832588026467107,0.004012085061529829,-0.2987341170465588,0.01225073519220459,0.001092739485391407,-0.011083876262113658,0.5418502202643172,5.429345628954441,0.1734248124445301,0,1,0.0023375749611005414,-0.7034855013283233,0.566185341187356
2024-09-21,0.004011926200234772,-0.008981273312540639,0.00652238779952408,0.0023375749611005414,-1.1120666701631072,0.0,0.0,0.0,0.5742574257425742,4.624972813284271,-0.6379005747816999,1,1,0.0036209624041565595,-1.5767640616678191,1.022459345971876
2024-09-22,0.002337732816876097,0.006900315008945543,-0.006395210642294458,0.0036209624041565595,0.5309169127594064,0.0,0.0,0.0,0.46875,4.174387269895637,-1.0607002426302357,1,0,-0.0037625690717466927,-1.6493087682348233,1.8190616907475428
2024-09-23,0.0036208045483811335,0.011586985851913364,0.0028955153384866263,-0.0037625690717466927,0.5250914436889642,0.002516049581020544,0.0019837037733707805,-0.01623002389340957,0.5942028985507246,5.337538079701318,0.12636008629297413,0,1,0.01446248637939056,-1.0155435593488105,2.105882966605196
2024-09-24,-0.0037625690717466927,-0.0008943563131701222,0.0025750830171133664,0.01446248637939056,-0.037793185829258266,0.009360187860914403,-0.00546472043895139,-0.03197203199588042,0.4756756756756757,5.225746673713202,0.032970019242975136,0,0,-0.017434692343162504,-2.0684996217913603,0.8603818673004653
2024-09-25,0.01446248637939056,0.0020074753863432025,0.003932925754965261,-0.017434692343162504,-0.2635727730924541,0.003012958044237874,0.005464720438951408,0.0012986692711907113,0.5263157894736842,5.3471075307174685,0.18739249208085892,0,1,0.03151578569135097,-0.7661813032007191,4.166769064952073
2024-09-26,-0.017434692343162504,0.015629179633353748,-0.004411509157256039,0.03151578569135097,0.46551397374269615,0.004015674633472966,-0.003573565625344722,-0.0025990893253781478,0.4887640449438202,5.187385805840755,0.062080335755299164,0,1,0.009102584128001627,-0.5447807981455111,2.0111409061628733
2024-09-27,0.03151578569135097,0.009959504103459024,0.03372979074190304,0.009102584128001627,-0.25219037159488494,-0.00963458348443632,-0.0013931676312915248,0.09844002627741914,0.5622119815668203,5.384495062789089,0.26877052090248954,0,1,0.0013378619530761801,-0.530093812363442,0.7423349783805859
2024-09-28,0.009102584128001627,-0.003585475149821201,0.009249453985822456,0.0013378619530761801,-0.8819958001268025,0.0,0.0,0.0,0.7448979591836735,4.59511985013459,-0.5235720303968511,1,0,-0.003894573316477157,-0.6489473608347254,0.33065017407871494
2024-09-29,0.0013378619530761801,-0.002778986089942365,0.00014932646836336494,-0.003894573316477157,-0.09047026982586774,0.0,0.0,0.0,0.4675324675324675,4.356708826689592,-0.7758977926757331,1,0,-0.03528524055475455,-4.27551670483612,0.02559045336122257
2024-09-30,-0.003894573316477157,-0.006945170523652217,-0.04016026675649116,-0.03528524055475455,1.2807745678185785,-0.0031058092325682647,0.0035785387673035155,-0.013654088745303506,0.3394495412844037,5.389071729816501,0.25544201388294585,0,0,-0.04063624492665931,-5.124692837682156,1.260100173814555
2024-10-01,-0.03528508264571028,-0.022940143350221345,-0.04377700188321492,-0.04063624492665931,0.3751283848131912,0.01176615388576509,0.00406005072872122,0.14082693061688473,0.3392857142857143,5.41610040220442,0.2501307268041127,0,0,-0.002577086316775542,-1.3340288021028541,2.5725124612212737
2024-10-02,-0.04065054632801157,-0.027512122052591993,-0.0027296045708661574,-0.002577086316775542,-0.3256067179458011,-0.007602005078805537,0.004830668013914111,-0.018868516371758504,-0.04477611940298507,5.308267697401205,0.148363148175314,0,1,0.001703926352847916,-1.3632146526965612,1.355844777886957
2024-10-03,-0.002563107706900173,-0.01474376315011884,-0.00286894482271263,0.001703926352847916,-0.18451136887618325,0.003770601213994833,0.003044118434402922,0.08077504919837848,0.21311475409836064,5.214935757608986,0.050430853632356436,0,1,0.02170883041003728,-0.4831354915363881,2.8112437079525776
2024-10-04,0.001704255836977851,0.016257915653504172,0.010504717964449689,0.02170883041003728,-0.2081208611331567,-0.004261843753354774,0.005183120434750279,-0.06450602195882109,0.1712962962962963,5.37989735354046,0.2170444637565807,0,0,-0.00045108906551724495,-0.641067300081449,0.45728484841295314
2024-10-05,0.02170866580834014,-0.001830758185358764,0.020129512324586773,-0.00045108906551724495,-1.0033764667612977,0.0,0.0,0.0,0.25925925925925924,4.406719247264253,-0.7497175320359939,1,1,0.012202629820996201,-0.4182733965633594,1.4668390614952314
2024-10-06,-0.0004509279259511728,0.009644453065305423,0.0017768499696636589,0.012202629820996201,0.13174209759522454,0.0,0.0,0.0,0.1044776119402985,4.219507705176107,-0.9311058176443703,1,0,-0.009531284031326389,-1.1075288455406291,2.6054965640062138
2024-10-07,0.012202468681430049,0.023589204846106063,0.00531007533122359,-0.009531284031326389,1.0699731572417504,-0.00037802895454220627,0.00019510653235701533,0.16428729725442004,0.5129310344827587,5.4510384535657,0.29924289485716726,0,0,-0.0010211885021863328,-0.5861998853149961,1.5563523739420326
2024-10-08,-0.00953112332164527,-0.020022725931968098,-0.004317994429070047,-0.0010211885021863328,-0.2760636142627121,-0.011331369029670978,9.753899307532961e-05,-0.05539315779457915,0.2629310344827586,5.4510384535657,0.29262035409667386,0,0,-0.024830482976427176,-3.037090156764716,0.6146722945424044
2024-10-09,-0.0010211883379877297,-0.010437989296182568,-0.025530091216683544,-0.024830482976427176,0.015558451964155767,-0.0034476188142327953,0.0036986342262352134,-0.02649158974936285,0.20522388059701493,5.594711379601839,0.38306332799105863,0,0,-0.005119452832531935,-2.826733536724812,1.1244344953811352
2024-10-10,-0.024830808768796404,-0.019732860968039907,-0.022726916776028155,-0.005119452832531935,0.18042651021243944,0.0055868577505378105,0.0005827268922399175,0.0033500722066421977,0.027777777777777776,5.37989735354046,0.14188058724007363,0,1,0.03603669892744918,-0.39654899493704965,4.9971141600212015
2024-10-11,-0.005119122149123227,0.033607343813868776,0.019182392585345646,0.03603669892744918,-0.013719084319636728,0.014020160169731887,-0.0009714249399542658,-0.022711835262393478,0.2789473684210526,5.25227342804663,0.033642316423497715,0,1,0.010596362001929363,-0.08441361635141915,1.4918543628513015
2024-10-12,0.03603637326485167,0.0009841009557503668,0.03915805271330547,0.010596362001929363,-0.7731983301156681,0.0,0.0,0.0,0.3142857142857143,4.2626798770413155,-0.9562960664735684,1,0,-0.0053332935199566596,-1.846220238100833,0.125699725164743
2024-10-13,0.010596680111872247,-0.003065184374936321,-0.00702170421556483,-0.0053332935199566596,0.08751383004514313,0.0,0.0,0.0,0.16176470588235295,4.23410650459726,-0.9860676096586092,1,1,0.04985708823410627,-0.6578131711398755,5.61325271501405
2024-10-14,-0.005333451732221364,0.049542236378536435,0.006550777149653005,0.04985708823410627,1.1515498674795557,-0.0036943716604866234,0.0039769552126221125,-0.037853041304464326,0.5512820512820513,5.459585514144159,0.24817962947980807,0,1,0.014872066015212413,-1.9620751066569384,2.7845631851378605
2024-10-15,0.04985723955667691,0.021570192935344266,0.03681446887893551,0.014872066015212413,0.14811810126307934,0.0051231384715043505,-0.0003873055288795636,0.0466122365702319,0.5868725868725869,5.560681631015528,0.3287798910019183,0,1,0.008105370403983361,-0.48369366836013394,1.9925065517493858
2024-10-16,0.01487191469264201,0.006951499681327948,0.029655880398180498,0.008105370403983361,-0.3778437458261647,0.004723215245810717,0.0031906645786688075,-0.052722277836225274,0.458955223880597,5.594711379601839,0.3629388098131076,0,0,-0.0029358340463448997,-1.4208867335043358,0.4712186206717035
2024-10-17,0.008105222518753192,-0.007107508906793634,-0.0012665602474586611,-0.0029358340463448997,-0.16721757967965512,0.006337393065017404,0.002314199232432408,-0.024296843014801575,0.4251968503937008,5.541263545158426,0.28058321955454923,0,1,0.014813986471420449,-0.340856052896374,2.3138393478634307
2024-10-18,-0.0029356861611148323,0.015490373225572502,0.007864472759734708,0.014813986471420449,0.12587040059269175,0.00840012761358353,-0.0032799949123049964,-0.058174714892312955,0.6082949308755761,5.384495062789089,0.10324148377821045,0,0,-0.0007309621248523259,-0.612734440249813,0.3868989110679894
2024-10-19,0.014813840332402338,-0.004455417896534082,0.012095202597885962,-0.0007309621248523259,-1.2544283457063807,0.0,0.0,0.0,0.504950495049505,4.624972813284271,-0.6839108804305333,1,1,0.00951888488044817,-0.40739223097264693,1.4835732047565586
2024-10-20,-0.0007309622317134356,0.010235780812033524,0.0013224599679194165,0.00951888488044817,0.4177543404914147,0.0,0.0,0.0,0.36363636363636365,4.48863636973214,-0.8358691645522172,1,0,-0.02425888605349007,-3.2258292730925966,0.7037556099742073
2024-10-21,0.009519175986692531,0.001720708932624698,-0.018665485540751217,-0.02425888605349007,0.924877045417001,0.0034579737223619676,0.005012099865565311,0.018681869613305074,0.4682926829268293,5.327876168789581,0.03042328730423455,0,1,0.0007195659176902162,-1.2035777977191837,0.678204060334397
2024-10-22,-0.024259030913855107,-0.024514401549888,-0.004036371299755976,0.0007195659176902162,-0.2432886953022334,0.007718602631013913,0.0006727828932673006,-0.009297308909531486,0.36,5.420534999272286,0.14824224314553644,0,0,-0.01129587277243706,-3.2651409044666964,0.06942981177997602
2024-10-23,0.0007197142284197502,-0.005368176567853964,-0.019896065149784873,-0.01129587277243706,0.03715938476315459,-0.01091867720094922,0.003357141616745338,0.05556979733891606,0.12363636363636364,5.62040086571715,0.34377153910646085,0,1,0.02268451715263484,-0.23825151410746867,3.219539773725942
2024-10-24,-0.011296021083166656,0.020205226847022528,0.018973021131155225,0.02268451715263484,-0.12236346610714449,0.007523937915991553,-0.0035493610131244195,-0.008350771319909273,0.48412698412698413,5.53338948872752,0.2578958048741722,0,0,-0.022239429463163648,-3.8900205117332316,0.8369924931304766
2024-10-25,0.022684370521360162,-0.0011409556533196381,-0.013833172823622692,-0.022239429463163648,0.42287087811489377,0.002191461563702766,0.0019201674287809163,0.06345696186597276,0.35714285714285715,5.53338948872752,0.23254131377694923,0,1,0.005896224370562871,-0.38821355003134994,1.1274122627576801
2024-10-26,-0.022239432760691378,-0.019335231766891788,0.012778640153855155,0.005896224370562871,-1.0686418892648555,0.0,0.0,0.0,0.2571428571428571,4.2626798770413155,-1.0259684456049913,1,1,0.013750632418520554,-0.2671961731309887,1.8302770308699483
2024-10-27,0.005896374299365429,0.01292487205168556,0.007106398139566596,0.013750632418520554,-0.3138004588490237,0.0,0.0,0.0,0.5,4.23410650459726,-1.040217322164238,1,1,0.02812846721520796,-0.5952552121839235,3.251819328814729
2024-10-28,0.013750485406600238,0.02796605539796819,0.010470042027990975,0.02812846721520796,1.2109780357581086,0.00072942126259476,0.0005752954235477243,-0.026415724719285466,0.6752577319587629,5.272999558563747,0.016332954027204933,0,1,0.03888698282937757,-0.28944595304427534,5.096311881022963
2024-10-29,0.02812861422712796,0.046573392737290324,0.031186559806604452,0.03888698282937757,0.545685063007167,0.009253781457162933,-0.0003835178936744607,-0.023506401253288445,0.7096774193548387,5.517452896464707,0.2448344810731841,0,0,-0.005399473668343945,-1.8040278001291261,0.30828298519540037
2024-10-30,0.03888684534666013,-0.008993306128898124,0.023741164358529278,-0.005399473668343945,-0.6229864680719731,0.007234316137240295,-0.002784857229798792,0.05090543271914016,0.6167883211678832,5.616771097666572,0.3452699473283917,0,0,-0.02878461169591104,-3.7446755559349167,0.4898636247273115
2024-10-31,-0.005399197958586067,-0.0035836672730249043,-0.02480595122640195,-0.02878461169591104,0.0877588412354076,-0.01816650912342701,-9.611488950285604e-05,0.12934571548232596,0.4782608695652174,5.537334267018537,0.26479522363564245,0,0,-0.011388795745506882,-2.1161701936667505,1.8897027043548957
2024-11-01,-0.028784749922951526,-0.014786220899635218,-0.012499558073229392,-0.011388795745506882,0.2661344609391186,0.0001095688511384859,0.0028809721193016552,-0.056853706918779355,0.2706422018348624,5.389071729816501,0.14123747342866683,0,0,-0.0017465165389545408,-0.7160807270074413,0.6001866659574506
2024-11-02,-0.011388939638670095,-0.024283956129481248,0.002612098921086107,-0.0017465165389545408,-1.2920614851844998,0.0,0.0,0.0,0.36363636363636365,4.605170185988092,-0.669788454272216,1,0,-0.008668122839253566,-2.7710387202393387,0.02343517942457323
2024-11-03,-0.0017463726457913,-0.007514031404283456,-0.022296096471273584,-0.008668122839253566,0.8652667363812984,0.0,0.0,0.0,0.06172839506172839,4.406719247264253,-0.8800145329838517,1,0,-0.013555167807772158,-2.8627806049138154,1.0472051098171964
2024-11-04,-0.008668122839253566,0.0015695764646727003,-0.009585541685998308,-0.013555167807772158,0.1758176361336773,-0.0009132920834320161,-0.0037469361518257123,0.004559988951510874,0.3333333333333333,5.407171771460119,0.10793783667663134,0,1,0.02218393837390412,-0.5518217957291391,3.9417672355842073
2024-11-05,-0.013555167807772158,0.015390453449897961,0.009554420284074645,0.02218393837390412,0.1126882077921608,0.0015338367843668287,-0.004534291944420599,-0.07019597706871061,0.2845528455284553,5.5093883366279774,0.21202671121193545,0,1,0.08560223984821512,-0.10674262881676659,9.64992241337683
2024-11-06,0.02218393837390412,0.07926549015183032,0.02663473004302791,0.08560223984821512,1.1384015067046902,-0.02688819289182318,0.016018741767100834,-0.2306140017140018,0.6786885245901639,5.723585101952381,0.4049968336940825,0,1,0.0037760095920657505,-1.5414739405180407,1.6769627974057437
2024-11-07,0.08560223984821512,0.0058726436885042435,0.07125492673120239,0.0037760095920657505,-0.8418547119859721,0.011479740190580862,-0.005534309983288496,-0.06802753406250556,0.7558139534883721,5.556828061699537,0.2341395560509393,0,1,0.00855685431952021,-0.40008536132638506,1.7537606018056051
2024-11-08,0.0037760095920657505,0.004543987636064463,0.01518989538398222,0.00855685431952021,-0.20586638159875129,-0.004047575121093911,0.004677569110670288,-0.017253263686007284,0.6515151515151515,5.579729825986222,0.22544598343149716,0,1,0.0021892171563324633,-1.0446774923645428,0.5087300713090657
2024-11-09,0.00855685431952021,-0.003893450985445115,0.0021109330091386063,0.0021892171563324633,-0.7680897465170708,0.0,0.0,0.0,0.6180555555555556,4.976733742420574,-0.4107421652020637,1,1,0.04703330369431591,-0.24216327541121024,6.099522729197707
2024-11-10,0.0021892171563324633,0.05809714373521882,0.010214359325865632,0.04703330369431591,1.2945898901224846,0.0,0.0,0.0,0.8345864661654135,4.897839799950911,-0.5238446957045662,1,1,0.09803226217915882,-0.19179757641305803,10.793869947654128
2024-11-11,0.04703330369431591,0.09397677587888015,0.04753696068429731,0.09803226217915882,0.28626831339849584,-0.0288015263656269,0.005129686494693812,0.0020060646512555826,0.7547169811320755,5.765191102784844,0.2885809489199427,0,0,-0.007882034011635572,-4.117540206633188,1.4469422514246675
2024-11-12,0.09803237498486853,0.004562985216864309,0.05877483587695749,-0.007882034011635572,0.16713921585652688,-0.00429842206071789,0.004537687244231887,-0.017520679062518398,0.696165191740413,5.8289456176102075,0.29827314794250714,0,1,0.027178568661184198,-2.095687910434462,5.866044082324608
2024-11-13,-0.007882260515719752,0.03630898429736365,0.012336488950351696,0.027178568661184198,-0.11460772936929958,-0.00741199771886598,0.004329481716830417,-0.04804262294940944,0.6084142394822006,5.736572297479192,0.20334545658889788,0,0,-0.03432634643790914,-4.188274359669241,1.5533465753136526
2024-11-14,0.027178793009376832,-0.015948406408925406,0.006252704168836357,-0.03432634643790914,-0.424895558772584,-0.004894201906120731,0.0017827338585109027,0.020473708634473634,0.6441281138790036,5.641907070938114,0.0954118626591584,0,1,0.041568314974823425,-0.28923356121206517,5.051326462118054
2024-11-15,-0.034326457087727365,0.0006534524301349508,0.004664061546662771,0.041568314974823425,-0.16859569331804972,-0.0009739185590534587,0.0001875166147571136,0.12034200213404177,0.4639175257731959,5.676753802268282,0.11539266953129111,0,0,-0.004902030249246929,-1.0778275249745262,0.8178842434261665
2024-11-16,0.04156842482621372,-0.000766107212095593,0.03368237533719871,-0.004902030249246929,-0.7465467129939551,0.0,0.0,0.0,0.5564516129032258,4.8283137373023015,-0.7265685862539646,1,0,-0.008101554091419313,-2.080194614612519,0.9482433721966969
2024-11-17,-0.004890438700498282,-0.0035984389615415988,-0.014925701145626781,-0.008101554091419313,0.04936790820132549,0.0,0.0,0.0,0.5897435897435898,4.770684624465665,-0.7757226038042186,1,1,0.006744588166355547,-0.5346018144644785,3.0016067062332867
2024-11-18,-0.00811336678075061,0.012432079248946648,0.007354373910061206,0.006744588166355547,0.6679002764117636,0.017348790536743833,-0.00385034668066231,-0.035312589480033366,0.5981012658227848,5.75890177387728,0.21897053449073858,0,1,0.02020817024435305,-0.11843753230227536,3.7336198098398214
2024-11-19,0.006744588914430146,0.01406471920242105,0.010906230987977602,0.02020817024435305,-0.06398690385797806,0.006300496006653572,-0.0006588516924100278,0.04823988512905712,0.6040268456375839,5.700443573390687,0.1836647403437779,0,1,0.021177619537080205,-0.882206380334434,2.6945552611700547
2024-11-20,0.02020838911516319,0.009817524757655323,0.012570481764031336,0.021177619537080205,-0.033937406466748386,0.007999532098494133,0.004415444461003719,0.04835316449300409,0.6384364820846905,5.730099782973574,0.2145717393052806,0,1,0.04185951709945262,-0.26184319500313347,4.865997504469481
2024-11-21,0.021177511207388026,0.04289204197007443,0.027381251390393213,0.04185951709945262,0.494914595115543,0.008984571185138249,0.0027147305552004653,-0.0170441388627829,0.5904761904761905,5.755742213586912,0.22087854468653206,0,1,0.005830172847894076,-1.2229119945999514,1.2843603096657872
2024-11-22,0.04185951709945262,0.006043145151415706,0.032248829103484415,0.005830172847894076,-0.40466224250394967,0.014046981134497769,0.004849367381532416,-0.10161341106495818,0.6790540540540541,5.6937321388027,0.1558412973085441,0,0,-0.012409323871574746,-1.791628718116863,0.017037338353972288
2024-11-23,0.005830172847894076,-0.006843056865224106,0.0001430056127248702,-0.012409323871574746,-0.62360601487649,0.0,0.0,0.0,0.5503875968992248,4.867534450455582,-0.6775218626491126,1,1,0.002327936418892903,-2.00374663405276,0.908706167959684
2024-11-24,-0.012409323871574746,-0.003492635575517603,-0.014530503030933872,0.002327936418892903,0.23130709789006787,0.0,0.0,0.0,0.43243243243243246,4.718498871295094,-0.8244237807883698,1,0,-0.051239836346874276,-5.565576463068314,0.9877103351443336
2024-11-25,0.002328038563892087,0.0031179780907395036,-0.03329036187126256,-0.051239836346874276,0.48838053996741104,-0.03495948190340738,-0.0062526280565036495,-0.042901980397652965,0.46078431372549017,5.726847747587197,0.19529044451483724,0,0,-0.011297312096130885,-2.414585858762937,2.088941474556186
2024-11-26,-0.0512399384918734,-0.04022752495275583,-0.019729930303820465,-0.011297312096130885,0.12917438100041667,0.001336617767776714,0.0017771359471066138,-0.03484673040364113,0.23853211009174313,5.793013608384144,0.24534091789491302,0,1,0.04151142667791282,-0.1883136627827525,5.544536324644073
2024-11-27,-0.011297312096130885,0.023258636404748127,0.010965409863670969,0.04151142667791282,-0.34069716102729614,0.007452166991228204,-0.008728764303189137,0.0,0.49825783972125437,5.662960480135946,0.12609272703558513,0,0,-0.002288480239917697,-1.2841016681341326,0.728476460052345
2024-11-28,0.04151142667791282,-0.006649171968004534,0.030553546624399058,-0.002288480239917697,-0.35642696784834554,0.0,0.0,0.0,0.6408163265306123,5.5053315359323625,0.00819676720826005,0,1,0.01880928130380514,-0.292122614344422,3.0641223285109533
2024-11-29,-0.00228837568551206,0.02106797844466832,0.007631310297979449,0.01880928130380514,-0.03938349030464401,0.006456666117155565,-0.0032103130939932843,-0.04274465552494485,0.6408163265306123,5.5053315359323625,0.038637792709495515,0,0,-0.010852955416106586,-1.413586745548115,0.004052862668272433
2024-11-30,0.018809176749399494,-0.011791413354621562,0.007594639991768306,-0.010852955416106586,-0.647083790986635,0.0,0.0,0.0,0.6388888888888888,4.6913478822291435,-0.7676802324132529,1,1,0.008029148706736931,-0.7434735428483485,1.4703525469520595
2024-12-01,-0.010852955416106586,0.0038100414267312555,-0.004151823389109024,0.008029148706736931,0.155182344568642,0.0,0.0,0.0,0.5714285714285714,4.59511985013459,-0.8568316113449513,1,0,-0.013931627244584067,-2.9130125058983913,0.9674899512411723
2024-12-02,0.008029045810384742,0.0030005227496280773,-0.01366624092376345,-0.013931627244584067,0.8069026232148933,-0.008352473231234763,0.0066921320663934115,-0.012663116987917826,0.5323741007194245,5.631211781821365,0.20330062094246648,0,1,9.463180488125695e-05,-2.388947367511532,0.4839034572169101
2024-12-03,-0.013931628688129827,-0.0187674921848266,-0.00869097586071539,9.463180488125695e-05,-0.05778712138777076,0.003712425318383127,-0.000751754586431302,-0.0030030023571751023,0.3656716417910448,5.594711379601839,0.20452792364083905,0,1,0.028161417666881416,-1.3252414418642673,3.2338614868302216
2024-12-04,9.473614477918053e-05,0.027594212101014304,0.01073169106135398,0.028161417666881416,0.20207616156893898,0.003434974654697664,-0.00028213444614367595,0.011215042298142144,0.4166666666666667,5.6240175061873385,0.24116205682051114,0,0,-0.01679234704122157,-8.55928022272887,5.429404226800561
2024-12-05,0.028161417666881416,0.050116845066584814,-0.044178970141764626,-0.01679234704122157,0.9189815925716219,-0.010302322170881693,-0.0059419865186241755,0.006669172799957789,0.6280193236714976,6.028278520230698,0.5410690403370748,0,1,0.028424916087496886,-0.9992549222333156,4.983172260949494
2024-12-06,-0.01679234704122157,-0.021254666699732454,0.05880790596373389,0.028424916087496886,-0.8920059440336559,0.004558239129528256,0.0024565595862451857,-0.058549558775524854,0.37540453074433655,5.736572297479192,0.21130909367044318,0,1,0.0009134510578209996,-0.9032372232332472,0.6977148198556776
2024-12-07,0.028424916087496886,-0.014429658323441029,0.029385093077497683,0.0009134510578209996,-1.1042596820062578,0.0,0.0,0.0,0.5666666666666667,4.795790545596741,-0.7413702905521776,1,1,0.012716305068205409,-1.1832389889383335,1.5101066610290954
2024-12-08,0.0009134510578209996,0.009037369469555051,-0.001886566599229752,0.012716305068205409,-0.021591607970453855,0.0,0.0,0.0,0.59,4.61512051684126,-0.9248256343139925,1,0,-0.03864784755258232,-7.131519193500494,0.10511774272658661
2024-12-09,0.012716403970787328,-0.0013335841148197241,-0.0467664969774163,-0.03864784755258232,1.3061299751169586,0.00991798633808684,0.0016971558179353912,0.1054387557094042,0.44983818770226536,5.736572297479192,0.18593417709415022,0,0,-0.007050855728157901,-3.1536916711713268,1.0161661821446903
2024-12-10,-0.03864784365538675,-0.029537363158401195,0.001130427670709335,-0.007050855728157901,-0.04241546556208677,0.012196028210303023,0.002352388724503724,-0.0007049189751089158,0.28370786516853935,5.877735781779639,0.2796884247738443,0,1,0.04585110055392514,-0.9724435236502763,5.336789595713235
2024-12-11,-0.007050958527935454,0.03615537840752761,0.014761625747052566,0.04585110055392514,-0.31454015932802704,0.013330075570755336,0.0029092748003790225,-0.04323442611310599,0.5418181818181819,5.62040086571715,0.02205971806836862,0,0,-0.011144290310743151,-1.8094590653513352,1.3895590976898842
2024-12-12,0.04585110055392514,0.006378795573691309,0.037480945136914495,-0.011144290310743151,-0.2558186889950765,-0.017081207143532985,0.0023400581852674692,0.024728543874720992,0.5559322033898305,5.69035945432406,0.15754626883178632,0,1,0.014099129370686553,-0.8024668821478916,1.8732337886509416
2024-12-13,-0.011144290310743151,-0.006307543401132484,-0.0010743684787088256,0.014099129370686553,-0.2885959316741736,-0.011790161839593786,0.00037391022774861226,-0.007933662580970936,0.5171102661596958,5.575949103146316,0.06914807869267939,0,0,-4.190407172619906e-05,-0.8066422380042456,1.2012929026343382
2024-12-14,0.014099030774931689,0.007379720510520619,0.01405737581212312,-4.190407172619906e-05,-0.4340135431557349,0.0,0.0,0.0,0.4305555555555556,4.976733742420574,-0.5470657087741898,1,1,0.02957210835064263,-0.18046247926545633,3.7068162195617775
2024-12-15,-4.180547597138759e-05,0.025013329097548307,0.006219893515661734,0.02957210835064263,0.44873670726505915,0.0,0.0,0.0,0.514018691588785,4.68213122712422,-0.8480604914920369,1,1,0.015149918553743596,-1.0885635718087845,3.1370951976680357
2024-12-16,0.02957210835064263,0.0238748981317053,0.020491097425209246,0.015149918553743596,0.6195264523478082,-0.0017334660635325901,-0.0013092622205874702,0.06177396381481069,0.6137184115523465,5.627621113690637,0.1215937943487864,0,1,0.0007076596818099129,-0.6974855382798014,2.1402078375794487
2024-12-17,0.015149824266294796,0.005181044952857652,0.019060698889033403,0.0007076596818099129,-0.3513881607758674,-0.00264360600282425,0.0009353519928387434,0.07726356570616974,0.6823529411764706,5.545177444479562,0.09946445513662033,0,0,-0.057491789143001994,-5.952981096497767,0.3679514683534413
2024-12-18,0.0007077539692586551,-0.01701490401045034,-0.05184729590036973,-0.057491789143001994,0.5486315462620676,-0.0029918795594432402,0.009954030795068042,0.554109651038965,0.3786764705882353,5.60947179518496,0.1658611372297783,0,0,-0.02774708582409932,-4.5989909351158405,2.557821524933588
2024-12-19,-0.057491789143001994,-0.035593088577200664,-0.04395188752918283,-0.02774708582409932,0.0918455026845362,-0.01694536281780769,0.0035114144241547456,-0.13674335540527865,0.1342281879194631,5.700443573390687,0.2552943964830327,0,1,0.003519077229743537,-5.514812527151767,0.7881085802511548
2024-12-20,-0.02774708582409932,-0.045444215270923675,-0.03690530174445869,0.003519077229743537,0.13128435309910974,0.01398249166131256,-0.007313839870995422,-0.2716224045249631,0.09558823529411764,5.60947179518496,0.15844912059114913,0,0,-0.005263536125710258,-1.4490698983491876,1.7585502385592213
2024-12-21,0.003519077229743537,0.013223493812824252,0.044176503517769444,-0.005263536125710258,-0.984994106169199,0.0,0.0,0.0,0.3953488372093023,4.867534450455582,-0.5782669045537715,1,0,-0.02188095438284901,-3.1762123240924374,0.16030602579808093
2024-12-22,-0.005263433342331251,-0.0212459782533216,-0.02253496038314276,-0.02188095438284901,-0.19340945979216484,0.0,0.0,0.0,0.2976190476190476,4.442651256490317,-0.9928737726158774,1,0,-0.0032072803231183965,-2.8410871343913553,1.4110534389903162
2024-12-23,-0.021880952109065068,-0.009373480250926635,-0.01852970248583809,-0.0032072803231183965,0.5278663733261255,-0.006258330803749558,0.0038950078159964195,-0.08998667647636226,0.25,5.594711379601839,0.1729836281640818,0,1,0.039087452998785556,-1.3929082593401436,4.7408504977669805
2024-12-24,-0.0032073853802813083,0.03009069026464831,0.011274508427393715,0.039087452998785556,-0.32636982611825105,0.00294323974486273,0.002034223702858206,-0.1620282783920423,0.25193798449612403,5.556828061699537,0.1330568967713347,0,1,0.007733974670366026,-1.0510367997712342,0.9136496272892014
2024-12-25,0.039087452998785556,0.0008154442940079002,0.04250616759447467,0.007733974670366026,-0.4920215554759576,0.0,0.0,0.0,0.5195530726256983,5.19295685089021,-0.1718922604913824,0,0,-0.03727485759295436,-4.3478947910114325,0.5357264034457647
2024-12-26,0.007734075244033199,0.0039547424319316335,-0.02523460524203583,-0.03727485759295436,0.38127573937694814,0.007149969097485895,-0.001201579544534389,0.031726735830086665,0.3034188034188034,5.459585514144159,0.14000617244536717,0,0,-0.01570409519397809,-2.4213455213723667,1.8134505814665283
2024-12-27,-0.03727495816662148,-0.0244976158127469,-0.018009364896563667,-0.01570409519397809,0.2235513584946925,-0.008219261513672152,-0.001202954432485464,0.07957261787497986,0.3183856502242152,5.4116460518550396,0.12687291041924476,0,1,0.010558907393903796,-0.17339699068473444,1.510250454765794
2024-12-28,-0.01570409519397809,-0.018736096460985383,0.006775390112898345,0.010558907393903796,-1.1506415635291978,0.0,0.0,0.0,0.4,4.795790545596741,-0.4862401482850427,1,0,-0.016524020398176582,-2.4327957154502236,0.04196391165231911
2024-12-29,0.010558907393903796,-0.004123958037231066,-0.012035079853751284,-0.016524020398176582,0.4817530763016188,0.0,0.0,0.0,0.39622641509433965,4.672828834461906,-0.6262698978899354,1,0,-0.010144822242994745,-2.383408645653183,1.362896282627188
2024-12-30,-0.016524127078276326,-0.003314696688427949,-0.01603014970020615,-0.010144822242994745,0.7102152853176277,-0.004250136932791706,0.0012029544324855157,0.08701136702438074,0.34901960784313724,5.545177444479562,0.26096468411698936,0,1,0.008412972329420844,-0.820582772767734,3.658800514890858
2024-12-31,-0.010144715562894972,0.012814220079641966,0.005483436485859743,0.008412972329420844,-0.3423758871896353,0.008824710411780469,0.0033238015870788733,-0.002877655917339942,0.3087557603686636,5.384495062789089,0.12987027612481206,0,1,0.010796745473918477,-0.7379474023700896,1.6692739500431586
2025-01-01,0.008412972329420844,-0.011482293319056189,0.009239326033397232,0.010796745473918477,-0.636905635578053,0.0,0.0,0.0,0.5102040816326531,4.997212273764115,-0.23531408692766223,0,1,0.02498347626229524,-0.2114362024706289,3.3757695159233534
2025-01-02,0.010796639756492971,0.027861701132720462,0.016061857472912985,0.02498347626229524,0.7504624493872426,0.011232867866452192,0.008261489408323308,0.032882776257846205,0.5161290322580645,5.231108616854587,0.03756310158102493,0,1,0.012189085912690157,-0.916474205010558,2.033242852385
2025-01-03,0.02498358197972066,0.011558209626911646,0.017933096236895874,0.012189085912690157,-0.3648695885148791,-0.005241401391997348,-0.004030439172105861,-0.10579446452967473,0.46875,5.54907608489522,0.33101838594265537,0,1,0.00047170321374159335,-0.6739189189930666,0.6136013083210748
2025-01-04,0.01218898405290884,-0.002007329527949184,0.014614638772865129,0.00047170321374159335,-0.5287114427684978,0.0,0.0,0.0,0.5572519083969466,4.882801922586371,-0.3474724249999369,1,1,0.001455967374787927,-0.9654531070519728,0.62555597131237
2025-01-05,0.0004719068852575504,0.0005912498436544036,-0.002443638666847454,0.001455967374787927,-0.10479383134321942,0.0,0.0,0.0,0.6145833333333334,4.574710978503383,-0.6505875661307328,1,1,0.03860903512357024,-0.4520099821823228,4.099673900263964
2025-01-06,0.0014558655630533244,0.03619714666430398,0.006590398623484542,0.03860903512357024,1.1380327409529687,-0.0024984295005021796,-0.006353272278761988,-0.005595180591635829,0.6387959866220736,5.703782474656201,0.4519168713490098,0,0,-0.05303702286757633,-6.103969915570158,0.4769525510090593
2025-01-07,0.03860903512357024,0.002381821631021145,-0.017910564210308066,-0.05303702286757633,0.2382472158285088,0.006912096917743294,0.0025830159689495505,0.10523574540106705,0.45806451612903226,5.739792912179234,0.42055535383498005,0,0,-0.019728242676769096,-4.702455664105766,0.3233807049402192
2025-01-08,-0.053037126008628636,-0.05457274132826458,-0.03902188035293221,-0.019728242676769096,0.05003140889513479,0.0029316900271960217,0.005054418969859988,-0.006756722233491995,0.14035087719298245,5.655991810819852,0.24403699890599598,0,0,-0.026738745131460816,-4.141955066636481,0.3378548166797615
2025-01-09,-0.019728139535716727,-0.019583501559373717,-0.01412323670207631,-0.026738745131460816,0.024621430433947093,0.0,0.0,0.0,0.14953271028037382,5.7745515455444085,0.2801449053171517,0,1,0.02321373193383758,-0.3750521760891289,3.486245423551018
2025-01-10,-0.026738745131460816,0.0047451609372518595,0.010930283774012544,0.02321373193383758,-0.09281469367120834,0.016378553361116682,0.005120292739752158,0.09889901078493853,0.3087248322147651,5.700443573390687,0.18136324335549875,0,0,-0.0013323046178590012,-0.9486603235538247,0.34232834499216225
2025-01-11,0.023213626366317394,-0.008225438851751123,0.017477650459190502,-0.0013323046178590012,-1.4967130952114955,0.0,0.0,0.0,0.36879432624113473,4.955827057601261,-0.572701027476986,1,0,-0.0005808240981644022,-0.9439764543010697,0.8946227490562626
2025-01-12,-0.0013321990503388588,0.00419063942278202,-0.0012854659253314549,-0.0005808240981644022,0.19982997216239778,0.0,0.0,0.0,0.3333333333333333,4.718498871295094,-0.8204656189907407,1,0,-9.477411717486941e-05,-5.756017041768486,1.4646449822500403
2025-01-13,-0.0005807183284977775,0.005119398233773419,-0.048701229972838544,-9.477411717486941e-05,1.5997531196917327,-0.013006500709167285,0.002823166191240025,-0.018074355619041128,0.08970099667774087,5.71042701737487,0.1759819414878149,0,1,0.021191710994825055,-0.2010564715255244,2.9546652907413264
2025-01-14,-9.477410715027082e-05,0.014805428967737974,0.05545483158525485,0.021191710994825055,-0.4256018962203001,0.001495047933117684,-0.0062948021098447925,-0.02533124649612117,0.44086021505376344,5.634789603169249,0.11778303565996755,0,1,0.03995787586321273,-0.06304747841274956,4.179295592340038
2025-01-15,0.02119150165349913,0.03343801401081236,0.022571800925953043,0.03995787586321273,0.09134272378100942,0.012987195526811112,-0.0016486568211475621,-0.14899730221337662,0.5732899022801303,5.730099782973574,0.20082581840064553,0,0,-0.005088181069371945,-3.197138665836231,0.36680876000098667
2025-01-16,0.039957979424847585,0.0018330075398223533,0.008616963988977953,-0.005088181069371945,-0.09183713797379331,0.012420208736854522,-0.0011923620412638027,0.029341929202495187,0.6433333333333333,5.707110264748875,0.18977785747374265,0,1,0.04009244384371839,-0.03654131542479792,5.7123597701190105
2025-01-17,-0.005088181069371945,0.0483673290318083,0.02651779243474243,0.04009244384371839,0.34174135946609,-0.000764876477197021,0.003572899169909148,-0.03869073939502857,0.6013745704467354,5.676753802268282,0.16335672873841767,0,1,0.004589391046213007,-1.7445425482709571,0.8718818020686541
2025-01-18,0.04009234776144885,-0.008312335836785286,0.02301243151525676,0.004589391046213007,-0.47715993128522416,0.0,0.0,0.0,0.6160714285714286,4.727387818712341,-0.7745625720365253,1,0,-0.0313270015419219,-4.804491008624699,1.769135014843955
2025-01-19,0.004589487128482441,0.013561923173966081,-0.026010093557324476,-0.0313270015419219,0.5795983151556587,0.0,0.0,0.0,0.611764705882353,4.454347296253507,-1.0350070387017722,1,1,0.009120676170877553,-1.773798076071267,7.832986819753858
2025-01-20,-0.0313270015419219,0.02931151650717715,-0.0010200722163875684,0.009120676170877553,0.7241683484864286,0.0,0.0,0.0,0.47474747474747475,5.697093486505405,0.2184647592659861,0,1,0.03727627951194209,-2.1158809417999453,4.755817904924705
2025-01-21,0.009120578380935279,-0.02165101297741395,0.005699847513590852,0.03727627951194209,-0.667206783162475,0.003891391478642485,-0.011867127345836495,-0.05866972871283094,0.391304347826087,5.6240175061873385,0.14693043185739435,0,0,-0.023228630058235156,-2.677895971059694,0.23585409290653794
2025-01-22,0.03727637730188463,-0.007923358608239667,0.03165612921934472,-0.023228630058235156,-0.7250751556846362,0.004563111323176753,0.0010174408917753878,0.00265251884903248,0.6286764705882353,5.60947179518496,0.153538122384522,0,1,0.001962075026061362,-2.385235431254039,2.9859644869654156
2025-01-23,-0.023228630058235156,0.004272473882353589,-0.020302024660178594,0.001962075026061362,0.8858322824645174,-0.0016272807543716752,-0.001109935517798021,-0.0053120922708438,0.3806228373702422,5.66988092298052,0.22092160249584736,0,1,0.009197843721146091,-1.1229558545219822,3.0421289461353163
2025-01-24,0.0019621712628701783,0.0025237196177604637,0.014584870793381914,0.009197843721146091,-0.826477359073222,0.005125977145751084,-0.00566153625841495,-0.0113827858760249,0.41013824884792627,5.384495062789089,-0.018911551549291257,0,0,-0.0011797688916675218,-0.731578029200697,0.39591401078939037
2025-01-25,0.009197842840033147,-0.01726430563231349,0.01311162197435886,-0.0011797688916675218,-0.9568507313461163,0.0,0.0,0.0,0.5416666666666666,4.574710978503383,-0.8240710097669703,1,0,-0.02051364123722352,-2.1484293418888267,0.7164466165078949
2025-01-26,-0.0011797687791035142,0.0020255571655175865,-0.015348282018548822,-0.02051364123722352,0.07887090808011306,0.0,0.0,0.0,0.4461538461538462,4.875197323201151,-0.5498349874444504,1,0,-0.005248302947392055,-4.833559492324359,0.621723393768429
2025-01-27,-0.020513639258596877,-0.021460873464618155,-0.0473649427415789,-0.005248302947392055,1.6434135381475077,-0.014434155176814617,-0.0009312423066506077,0.18680080059864573,0.07719298245614035,5.655991810819852,0.24275822635321886,0,0,-0.00734755111376838,-1.7891267552929035,1.6681428165361563
2025-01-28,-0.005248400394278762,0.00521589128028526,0.025196024422922444,-0.00734755111376838,-0.8350273113866081,0.010646340249542608,0.004925491217531532,-0.08690979573202155,0.423728813559322,5.4680601411351315,0.07999226504364863,0,1,0.023385612440133215,-0.007411298918402134,3.3451499600586345
2025-01-29,-0.00734755111376838,0.00942252032145637,0.010469603449976586,0.023385612440133215,0.05018163017578126,0.000830957531606674,0.0012044032749184798,0.00909922090372748,0.5017543859649123,5.655991810819852,0.2601611792618833,0,1,0.009495592181071395,-0.43929937827509763,2.5922676972427237
2025-01-30,0.023385708841243465,0.015856789811974154,0.019066731646566415,0.009495592181071395,-0.1782903839885215,0.019277756347583747,-0.0018535403398817262,-0.044451720687903346,0.5427728613569321,5.8289456176102075,0.40167961463163226,0,0,-0.022142853251164527,-3.0668439237385314,1.2234099177883266
2025-01-31,0.009495495779961031,-0.004192985613472675,-0.01677985327356291,-0.022142853251164527,0.12634188557229262,-0.0037263817408137866,0.005273636495052543,0.0365705546041249,0.4226415094339623,5.583496308781699,0.12563045788261665,0,0,-0.017668774175154188,-2.1213955862852636,0.345153460675376
2025-02-01,-0.022142853251164527,-0.030925417822294028,-0.01268836987663196,-0.017668774175154188,-0.5814138763128486,0.0,0.0,0.0,0.45454545454545453,4.804021044733257,-0.673474414952976,1,0,-0.029598970722466058,-4.559709661275554,0.8124552186352271
2025-02-02,-0.017668674806794026,-0.01299575659555559,-0.04205191492505698,-0.029598970722466058,1.0355532625334807,0.0,0.0,0.0,0.13008130081300814,4.820281565605037,-0.6528573711477756,1,1,0.03646031368487303,-6.851284632118217,4.795529821435554
2025-02-03,-0.029599070090826192,0.010231775305537122,-0.05251472043089273,0.03646031368487303,0.7752651285560415,0.007580052840268373,0.0057047920215867,0.12512736629705268,-0.07958477508650519,5.66988092298052,0.19896950147596537,0,0,-0.03582039951426249,-5.24584395751626,0.3977040103929621
2025-02-04,0.036460214995969936,-0.007517944425552866,0.05251472043089262,-0.03582039951426249,-0.6241254327757836,0.006822415916365941,-0.009495335631419067,-0.0787457598944896,0.2821576763485477,5.488937726156687,0.014328603357189877,0,0,-0.011840104206887518,-1.6586039332878135,1.4076257090561017
2025-02-05,-0.03582019853731382,-0.02572118252763101,5.200072802186441e-05,-0.011840104206887518,-0.42852701992819536,0.006393163440626415,-0.0035260058040612044,-0.08738112702359498,0.3368421052631579,5.655991810819852,0.1820208501345449,0,0,-0.0006013456532248081,-0.9733235359954242,2.562382943208564
2025-02-06,-0.011840102988588078,-0.000292531865362766,-0.0049873002339634945,-0.0006013456532248081,-0.10938257255763392,-0.005447355250461389,0.0010219781459791803,-0.017269406077245503,0.33955223880597013,5.594711379601839,0.1641507631655731,0,0,-0.0004925900520273397,-0.972050330246429,3.6443072565438057
2025-02-07,-0.0006014491595695927,0.010217897480127528,-0.0005886135957347805,-0.0004925900520273397,0.30163733990398106,0.00394879297438717,0.003244785386905564,0.06494172102266113,0.37786259541984735,5.572154032177765,0.14339448628351092,0,0,-0.0006432703479849328,-0.8520573436385608,0.3859627061287707
2025-02-08,-0.0004925900520273397,-0.03307603555617779,0.0007073398140513785,-0.0006432703479849328,-1.142082495641098,0.0,0.0,0.0,0.22857142857142856,4.948759890378168,-0.49519387806715137,1,1,0.00018672162550374357,-1.8118935457785028,0.9066066500491746
2025-02-09,-0.0006431666616722215,0.004563169091219291,-0.010241632369384433,0.00018672162550374357,0.3304550746262355,0.0,0.0,0.0,0.42528735632183906,4.477336814478207,-0.9482857052677606,1,1,0.009985664239646478,-1.2588919312194071,1.932478124078792
2025-02-10,0.00018661793919104425,0.010445436365799839,0.005716737771094692,0.009985664239646478,0.37631636684531283,0.016258833046568513,0.002588268948229605,-0.045139067185260916,0.3561643835616438,5.680172609017068,0.2606534000672862,0,0,-0.017107486030289196,-2.6562536634473624,1.0694850180004445
2025-02-11,0.009985664239646478,0.001355733178862842,-0.003987953082633198,-0.017107486030289196,-0.09824724365441077,-0.0006178516064746903,-0.003329026677052903,0.013195292452123142,0.5054151624548736,5.627621113690637,0.18531727206928758,0,1,0.021604863590941464,-1.780214260465372,2.4156015803837017
2025-02-12,-0.017107381622402145,-0.003646320406456668,-0.008347092000469339,0.021604863590941464,0.44676868569319383,-0.0012024393787544148,-0.0001852398608825437,-0.008147968059884936,0.3483483483483483,5.811140992976701,0.3400823488483157,0,0,-0.012976962582638805,-2.747768714714705,0.2183371547917185
2025-02-13,0.021604861359415865,-0.000367780664978515,0.01192931904844807,-0.012976962582638805,-0.380681507732354,0.005792712774394366,-0.005853720620606285,-0.05099523307106497,0.31596091205211724,5.730099782973574,0.23555152977447505,0,1,0.009194298389878524,-0.3684731238733917,2.2697725349866085
2025-02-14,-0.012977168269952103,0.007537391219310012,0.010815993325774298,0.009194298389878524,-0.09187498073592758,-0.014562544873085503,-0.006919775818822465,-0.022096641547685265,0.5328185328185329,5.560681631015528,0.06730019094416136,0,1,0.0007092833675137415,-0.284402643044512,0.4827076308085842
2025-02-15,0.00919429933722735,-0.008676350651901686,0.010035003198167324,0.0007092833675137415,-0.9053229075079499,0.0,0.0,0.0,0.4805194805194805,5.043425116919247,-0.46080093164015495,1,0,-0.014988732643856638,-1.5737466965068416,0.1380725868980859
2025-02-16,0.0007094884219879397,-0.0027370670715914014,-0.012184157167109688,-0.014988732643856638,0.10847233859983521,0.0,0.0,0.0,0.42452830188679247,4.672828834461906,-0.8453707061871866,1,0,-0.0035239568777999416,-0.9545390365720113,0.9613320677890681
2025-02-17,-0.014988835134728174,-0.006756137834946821,-0.008796656044508357,-0.0035239568777999416,0.6997902863040304,0.0,0.0,0.0,0.26778242677824265,5.480638923341991,-0.0011947432681587073,0,0,-0.001130937870179614,-2.529007387048753,1.0116849615519565
2025-02-18,-0.003523852471875104,-0.0030204279401710205,-0.019268640382567336,-0.001130937870179614,0.34849774788539994,0.01650883496677148,0.00449400017422422,0.038517371348564894,0.29615384615384616,5.564520407322694,0.09322444437944682,0,1,0.010114995490717066,-0.6730431050992638,1.2756458653257206
2025-02-19,-0.001131042276104348,0.0015086711675580957,0.017428704949315248,0.010114995490717066,-0.3517491724513699,-0.004170300117599673,0.0011202980959194296,-0.0052253496761387255,0.38127090301003347,5.703782474656201,0.2537062017277209,0,1,0.017036938024453396,-0.23752278991582654,2.116208353263622
2025-02-20,0.010114995490717066,0.01852062037009617,0.01447019864255161,0.017036938024453396,0.036956919743612204,0.0070314990870447855,-0.007774868000939421,0.02521953161034285,0.44,5.62040086571715,0.18993488032119263,0,0,-0.021832868521335577,-3.5546802922986482,1.1831465753538266
2025-02-21,0.017037039748673787,0.00770632024535532,-0.016134636999374785,-0.021832868521335577,0.6369121161452024,-0.0008166266630073181,0.002535848049020328,0.15086116264458116,0.38571428571428573,5.638354669333745,0.19484867410292553,0,1,0.0038294476827775473,-0.4287422092911813,0.8262749639087549
2025-02-22,-0.02183286627598199,-0.025401584635786137,0.009426512308739213,0.0038294476827775473,-1.051513195632381,0.0,0.0,0.0,0.1651376146788991,4.700480365792417,-0.7202981696167218,1,0,-0.0030393831239023624,-1.3798083587619292,0.10247359334437861
2025-02-23,0.0038293437132033985,-0.003408566022866351,-0.0056812138119300346,-0.0030393831239023624,-0.03461073095844269,0.0,0.0,0.0,0.367816091954023,4.477336814478207,-0.9335465726954773,1,0,-0.05011535775172125,-5.234190451733805,0.2510921747946494
2025-02-24,-0.0030393831239023624,-0.0015531973093996598,-0.04158320405362107,-0.05011535775172125,1.0642050190920442,0.003500064634192458,-9.382426978808298e-05,0.0414149256001298,0.10600706713780919,5.648974238161206,0.21798273679203592,0,0,-0.03187783350742482,-6.197670131491635,1.0731710840925055
2025-02-25,-0.05011535775172125,-0.04189456865874267,-0.0597501545492996,-0.03187783350742482,0.9093935352542003,-0.01483176087132524,-0.002724166082142097,0.02343251003220151,-0.224,5.929589143389895,0.42975780067987557,0,0,-0.05124925785668909,-7.520243845302768,0.82400517219954
2025-02-26,-0.031877946271920206,-0.034369492626354366,-0.045103570645536106,-0.05124925785668909,-0.3197885145159564,0.0042258832321174136,0.0010341806267557525,-0.017129924070949657,-0.0821917808219178,5.902633333401366,0.3648153397710197,0,1,0.005427257747781736,-1.8370659923055996,3.301991384134894
2025-02-27,-0.05124914509219363,-0.026469395737335717,0.005582520673282538,0.005427257747781736,-0.2915494677785376,-0.011586370186078948,0.007675781485371319,0.10100543688551947,-0.006514657980456026,5.730099782973574,0.173888162668837,0,0,-0.004242797559089215,-7.919918994673217,0.4845130364393821
2025-02-28,0.005427139695978949,-0.022747525729173258,-0.05540127227589443,-0.004242797559089215,0.676985586206062,-0.016224097946286358,0.003444292436517912,-0.07363482637456453,-0.03305785123966942,5.8971538676367405,0.29651011582140935,0,1,0.020123266049919198,-0.6245429836362351,2.584061180094372
2025-03-01,-0.004242560953563656,0.01675268387746053,0.06871096255128052,0.020123266049919198,-1.1768229459278294,0.0,0.0,0.0,0.1781609195402299,5.1647859739235145,-0.4726683843271387,1,1,0.09106564168828868,-1.1850990229062295,9.877952788077048
2025-03-02,0.020123263688074995,0.093062182129746,0.014517705657219205,0.09106564168828868,0.7555195654488058,0.0,0.0,0.0,0.2585034013605442,4.997212273764115,-0.6715353374376555,1,0,-0.08925376118948612,-10.213493245877835,0.15524169504695115
2025-03-03,0.09106541941811876,-0.006161469242012414,0.0007816994585724306,-0.08925376118948612,0.0751186718491015,0.01864901343751476,-0.008023933775452064,0.14882402262573163,0.3193717277486911,5.948034989180646,0.23546674004844967,0,1,0.01223478265846054,-5.630622397175583,3.1362115085140347
2025-03-04,-0.08924727614628383,-0.059444063054815206,-0.043425052702463614,0.01223478265846054,-0.0620862999734592,0.00668996126638687,-0.009506421504101472,0.031542884125980525,-0.09411764705882353,5.831882477283517,0.13569459500928888,0,1,0.03737651951263447,-1.091439293780714,4.171547963981675
2025-03-05,0.012228403693549533,0.022588147213136817,0.05762661369240918,0.03737651951263447,-0.37383717356760415,0.001957098953760298,0.0,-0.06957029594178706,0.3117283950617284,5.783825182329737,0.10742024862392327,0,0,-0.007467940338037054,-3.1049107005922743,2.4040742002498985
2025-03-06,0.03737640914467384,0.01970178187531671,0.017241805444518803,-0.007467940338037054,-0.10812764056090253,0.0004458405723709752,-0.016015598203999802,0.12580671521442058,0.4375,5.820082930352362,0.12965165934190967,0,0,-0.035425823298239754,-6.032633637182887,1.4912183968038848
2025-03-07,-0.007467941165343689,-0.01659649837249718,-0.03674516970394318,-0.035425823298239754,0.5237221132542229,-0.004088489842890409,-0.0021164147117003207,-0.062209107098641185,0.2702020202020202,5.983936280687191,0.27810804049168625,0,0,-0.006696198157303769,-1.8408588374826358,0.1099603447603415
2025-03-08,-0.03542582730802956,-0.049238403818675135,0.00649192469876296,-0.006696198157303769,-1.4959836888802496,0.0,0.0,0.0,0.17532467532467533,5.043425116919247,-0.656779536382577,1,0,-0.06576620160006473,-7.49039499222056,0.32138293417463865
2025-03-09,-0.0066959669731782,-0.004581972263160882,-0.06319155970468311,-0.06576620160006473,0.6984043336967007,0.0,0.0,0.0,0.0,4.8283137373023015,-0.8623259119066411,1,0,-0.026845356703792466,-4.140387080009904,4.112109870918619
2025-03-10,-0.06576495508723464,-0.027858932232625012,-0.03226612247795821,-0.026845356703792466,0.601008933168964,-0.004727634903135915,0.0006739574187112884,0.17573880579798784,0.00516795865633075,5.961005339623274,0.27338826119721993,0,1,0.053713906024732805,-2.5643623631515733,6.193260611284761
2025-03-11,-0.026846719195691076,-0.006033849300130882,-0.011085109535209107,0.053713906024732805,0.02358291389035874,0.007546651957820141,-0.004533417041893521,-0.03432248264884234,0.11813186813186813,5.8998973535824915,0.20053988246189947,0,1,0.008968502033038601,-2.8439374156983694,1.919008851208709
2025-03-12,0.053713906024732805,0.010971388423972247,0.05091815549926469,0.008968502033038601,-0.42344594037488004,0.008954330271122598,0.00164209808876602,-0.10527799167462569,0.2955223880597015,5.817111159963204,0.1122546354424319,0,0,-0.03112391755655611,-4.572633200580999,0.7811298674943793
2025-03-13,0.008968502033038601,-0.0024102878041047607,-0.008318455815787777,-0.03112391755655611,-0.14780354871348073,0.015261784579635519,0.0021211077959679683,0.017590975612529973,0.2114695340501792,5.634789603169249,-0.043092839694192024,0,1,0.034739262047201416,-0.3667410129070976,5.041076475436591
2025-03-14,-0.03112391755655611,0.011475548522865902,0.010935004320182868,0.034739262047201416,-0.02528391564137548,0.003412042879592822,-0.001059991510803993,-0.12464959527480426,0.13043478260869565,5.6240175061873385,0.006751518768386489,0,1,0.004220972745167093,-0.4357970921293623,0.8218736371313496
2025-03-15,0.03473914297576092,-0.007452766335851125,0.034048701254978664,0.004220972745167093,-0.8635942575656529,0.0,0.0,0.0,0.12738853503184713,5.062595033026967,-0.5589656351202471,1,0,-0.021136472120496245,-2.834877473419619,0.9189498966785624
2025-03-16,0.0042210918166076,0.005191735340639172,-0.019769831067735458,-0.021136472120496245,0.4406896123733072,0.0,0.0,0.0,0.05309734513274336,4.736198448394496,-0.8820839764637695,1,1,0.017234917011719673,-0.1436461730825812,2.608505351854652
2025-03-17,-0.02113659322322127,-0.004240917568735302,0.005775840882874118,0.017234917011719673,-0.02191252343602868,0.0018350159457296321,-0.0033801612888889193,-0.05962031302991277,-0.006172839506172839,5.783825182329737,0.20479441264909964,0,0,-0.015534869726955195,-3.482595304093741,0.013937840467870262
2025-03-18,0.01723491908103186,-0.00871075810214806,-0.016154574298391733,-0.015534869726955195,0.022751760561459004,0.011632116405335577,-0.0012584569922658136,0.056399712461100135,0.289198606271777,5.662960480135946,0.12609272703558513,0,1,0.04873441757894435,-0.20315603676389263,5.050679190450183
2025-03-19,-0.015534750693542276,0.034832543772867874,0.01725952294634325,0.04873441757894435,0.4690668248309676,0.00026348367390129166,0.0018387041817408138,-0.08659258314379967,0.31399317406143346,5.683579767338681,0.17078427239250302,0,0,-0.030663070683642123,-3.7431796435814473,0.6973423093194858
2025-03-20,0.04873430243250707,0.005201048767637583,0.013334181510768756,-0.030663070683642123,-0.24244597918256458,0.001349626670783865,0.004052477288750489,-0.005037813392920534,0.426056338028169,5.652489180268651,0.13669822987955316,0,0,-0.0015994092488549737,-1.2522846034510258,0.7416207243552169
2025-03-21,-0.03066307426907483,-0.03022028653328488,-0.005754120282337985,-0.0015994092488549737,-0.6138240653009583,-0.007196904393713174,0.0023083387162157326,-0.02661357437140071,0.12133891213389121,5.480638923341991,-0.014243564243218284,0,0,-0.00295600663481781,-0.5529550134202956,0.5341712856209334
2025-03-22,-0.0015992905169850524,-0.0036739036361977534,0.005393886651452459,-0.00295600663481781,-0.7911781270816434,0.0,0.0,0.0,0.39552238805970147,4.90527477843843,-0.5792213020357334,1,1,0.026388880980959678,-0.03679085929424441,2.693634530231824
2025-03-23,-0.00295600663481781,0.01863862581129088,0.002205634906442508,0.026388880980959678,0.44544635244191005,0.0,0.0,0.0,0.3090909090909091,4.709530201312334,-0.7747870137385733,1,1,0.01631162582836565,-0.6566512868276064,3.0691133656032243
2025-03-24,0.026388880980959678,0.030143669334673866,0.020190276705626217,0.01631162582836565,1.2694610430895337,-0.0016911295043418105,0.0016319254841815093,-0.09801098075725649,0.484472049689441,5.777652323222656,0.30048177094099215,0,0,-0.0012040641846587025,-1.3672298339470494,1.1832483822035675
2025-03-25,0.01631162582836565,-0.0025470240056310904,0.009205840357171079,-0.0012040641846587025,-0.28518210709453234,0.0035117493782604987,-0.0007676245830556807,-0.019059192670720065,0.5150501672240803,5.703782474656201,0.21920958904072857,0,0,-0.005550150091920325,-1.7695637589963404,1.0043241428072158
2025-03-26,-0.0012039497588543933,-0.0029933065786221513,-0.0052274034351516875,-0.005550150091920325,-0.20703391561622558,-0.0009264629905246514,0.0035452798177417547,0.06654090632055273,0.45555555555555555,5.602118820879701,0.1309647723621514,0,1,0.0037078004164337397,-1.2844543800540995,0.9701129913053278
2025-03-27,-0.005550264517724637,-0.005892261606939274,-0.0006990563024979934,0.0037078004164337397,-0.07386421136253271,0.012925489441903849,-0.004601708346740537,0.019449592352613707,0.40977443609022557,5.58724865840025,0.12695493702252764,0,0,-0.0327151282624945,-4.2707272556297236,0.3246512333030863
2025-03-28,0.0037078004164337397,-0.002746817163588668,-0.026154928339322484,-0.0327151282624945,0.46361813053662937,0.008557505502098309,-0.00028829733714552295,0.14701678678666774,0.10843373493975904,5.521460917862246,0.05483247862941068,0,0,-0.02125906318917359,-3.3477969044850378,0.23703182324236813
2025-03-29,-0.0327151282624945,-0.0335913223631018,-0.02348582475104779,-0.02125906318917359,-0.8433009214780895,0.0,0.0,0.0,0.20300751879699247,4.897839799950911,-0.5716650452750132,1,0,-0.003133210305684936,-1.3196910870957206,1.066423687039372
2025-03-30,-0.02125918418345377,-0.012965144551203543,-0.0009780050152803533,-0.003133210305684936,-0.170339030679338,0.0,0.0,0.0,0.08,4.61512051684126,-0.850761243690425,1,1,0.0019403425512951966,-1.358217395056342,1.8675001154603306
2025-03-31,-0.0031329679374443504,0.004877553978524656,-0.003518473385291153,0.0019403425512951966,0.7348498832283583,0.01169228804819296,0.001632635838714539,0.028684009049351394,0.17567567567567569,5.6937321388027,0.25041852525754327,0,1,0.031108055610873073,-0.1421603407020241,3.6041009578442766
2025-04-01,0.0019401000386383039,0.019306350975134844,0.014100913094838382,0.031108055610873073,-0.01858474457777094,-0.0012497066576345498,0.000479714610485497,-0.02315654960427546,0.36177474402730375,5.683579767338681,0.24395839233828082,0,0,-0.031516618721199686,-3.3898255589912307,3.8490204898177436
2025-04-02,0.031108294177873384,0.03355725093060772,-0.001368596572019069,-0.031516618721199686,0.6819573154197481,0.006710576935193882,-0.004325518142285579,-0.012014942353369648,0.375,5.771441123130016,0.30146712742564763,0,1,0.008408938788086611,-1.5942067161223012,1.7797498742424909
2025-04-03,-0.03151685733770288,-0.05220932487695204,-0.013560430292510375,0.008408938788086611,-0.37889253682879204,-0.013757020186500003,-0.016903432261588695,0.33334588753358263,0.007352941176470588,5.60947179518496,0.1353337361620594,0,1,0.008100200026060092,-1.8852627263769568,1.7947034110557776
2025-04-04,0.00840905997628593,0.008558474156219315,0.0054983786855401055,0.008100200026060092,0.18567300695171235,-0.02782959105341858,0.009264262126638117,0.41166394753389157,0.1471698113207547,5.583496308781699,0.09968631796776818,0,0,-0.004203368759459135,-1.8162785144335822,0.44735949722388824
2025-04-05,0.008100200026060092,-0.005373239112258603,0.008790042145493778,-0.004203368759459135,-1.2574563547902171,0.0,0.0,0.0,0.3219178082191781,4.990432586778736,-0.5041497693956696,1,0,-0.06309499122461922,-7.950027732070176,0.3341868773257901
2025-04-06,-0.004203368759459135,-0.005335094958440277,-0.06554086093582505,-0.06309499122461922,1.0936679741187696,0.0,0.0,0.0,-0.06722689075630252,4.787491742782046,-0.7197996317169474,1,1,0.00930554243469642,-5.130000505381908,3.5245295478776453
2025-04-07,-0.06309499122461922,-0.03119156451910055,-0.03489471895773645,0.00930554243469642,1.0315083712205957,-0.02035854214521939,0.0023269885872053077,0.03619418049913722,-0.2996845425867508,5.762051382780177,0.24777983381336796,0,0,-0.036545314426559464,-3.7627101961614304,2.130602243449393
2025-04-08,0.00930554243469642,-0.004633730609586248,0.022978445526901193,-0.036545314426559464,-0.7972913569315128,0.0057772864227977104,-0.0029095457435797823,0.1078478858876829,0.17845117845117844,5.697093486505405,0.18030339264108444,0,1,0.0792271898213657,-2.2558167439700205,9.093323388513962
2025-04-09,-0.036545314426559464,0.033081897024086274,-0.02147637990464538,0.0792271898213657,0.7596040016792435,0.02924741627141751,-0.0005828967270440143,-0.4424487591644147,0.04180064308681672,5.7430031878094825,0.2315619830910842,0,0,-0.03708812786599812,-5.154941609955741,0.16688799915078797
2025-04-10,0.0792271898213657,-0.010037164072266094,0.05023594116150857,-0.03708812786599812,-0.8188764626486863,0.03178139946409088,-0.019925071373086554,0.19159830601000538,0.3300970873786408,5.736572297479192,0.20391218938955838,0,1,0.04682832264786211,-0.8043082168103489,5.7276067819730105
2025-04-11,-0.03708812786599812,0.01851905996222424,0.006418206065455775,0.04682832264786211,0.033985155625203725,0.0210124709703548,-0.010864836096727167,-0.08077971131758639,0.4028776978417266,5.631211781821365,0.0908494345948961,0,1,0.02196948907660708,-0.7591206997299069,2.930791467798869
2025-04-12,0.04682820277804306,0.018860169506120482,0.04728019781866648,0.02196948907660708,-0.6228981126920657,0.0,0.0,0.0,0.336,4.836281906951478,-0.6965698878294475,1,0,-0.01794804235026729,-2.665067649487772,0.960580252113634
2025-04-13,0.021969726211469844,0.002267376919754844,0.0029100195790283004,-0.01794804235026729,0.2898067981508549,0.0,0.0,0.0,0.43956043956043955,4.5217885770490405,-0.9979502937808487,1,1,0.009879167909975919,-0.09794671049056271,2.4063323381511816
2025-04-14,-0.017948159615311206,-0.0034905214898917633,0.0077231670397048145,0.009879167909975919,0.14947589863320554,-0.00541463975573675,-0.0014040659305332658,-0.19550720373103703,0.21008403361344538,5.476463551931511,0.010256500171390574,0,0,-0.01126515660201265,-1.1791214381601371,2.2268291325862104
2025-04-15,0.009879167909975919,0.008084135854326028,-0.0009325793667197656,-0.01126515660201265,-0.3151956811671206,0.004327834993182707,0.00580409744340135,-0.025243056376930972,0.39768339768339767,5.560681631015528,0.11812782758173772,0,1,0.0046088222541115645,-0.6384813615870928,2.194679807246987
2025-04-16,-0.01126515660201265,-0.011586649855404835,-0.005858755836282287,0.0046088222541115645,-0.0020943967721131942,0.03297325457193712,-0.008416923174810033,0.08034908060172265,0.2054794520547945,5.680172609017068,0.2499175849226914,0,1,0.010859844983458261,-0.3506302579937875,1.6987154053680529
2025-04-17,0.0046088222541115645,-0.0003508217646778559,0.007487333290044697,0.010859844983458261,-0.41868142180941975,-0.005395442489893157,0.0,-0.09607639881843322,0.2653846153846154,5.564520407322694,0.1651079277115263,0,0,-0.005586282238964962,-0.7609406114331607,0.21656877094465482
2025-04-18,0.010859962702651273,-0.003961621360775787,0.006756741449064683,-0.005586282238964962,-0.7430979919174647,0.0,0.0,0.0,0.3269230769230769,5.342334251964811,-0.011608187701191342,0,1,0.0071048834511910006,-0.1305858530974761,1.4144003611714648
2025-04-19,-0.005586281579512135,0.006392033663303344,0.0007172653443918857,0.0071048834511910006,0.3922734339510829,0.0,0.0,0.0,0.3706896551724138,4.762173934797756,-0.5894273543509582,1,1,0.001200895852997235,-1.334118050193736,0.2860954885255335
2025-04-20,0.007104647531971361,-0.0041781652752682485,-0.004930438519771647,0.001200895852997235,-0.17783870059980839,0.0,0.0,0.0,0.40860215053763443,4.543294782270004,-0.8117832402272748,1,1,0.027066519704468342,-0.04048754194478491,3.78604421957555
2025-04-21,0.0012010133935711636,0.03620038316349738,0.014137200935486765,0.027066519704468342,1.3677925665899133,0.029041937846947277,-0.0111303233046916,0.13159022186892783,0.5659722222222222,5.666426688112432,0.2850400629924144,0,1,0.06552725583428472,-0.5042616812255323,7.027832064301036
2025-04-22,0.02706640543994209,0.059484398151723274,0.022428778311660905,0.06552725583428472,0.32266473115155486,-0.0015865736672474797,0.006490888910444057,-0.10103320852701309,0.5539033457249071,5.598421958998375,0.21021631681646746,0,1,0.0026514695623879032,-1.6265252443335672,1.3320770945068878
2025-04-23,0.06552737009881097,0.008569706136343383,0.05430462020320439,0.0026514695623879032,-0.4705982096468365,-0.03729596062718759,0.009257443798579927,-0.07187093853069917,0.6464088397790055,5.8944028342648505,0.46229858287409265,0,1,0.0030840074520417163,-2.1916799094363224,0.3344985070569753
2025-04-24,0.0026513628286356184,-0.007324316312111415,-0.0030000770886397174,0.0030840074520417163,-0.34043140014516904,0.016857972511505684,-0.00552399767509208,-0.07213619709070049,0.5714285714285714,5.638354669333745,0.1929905131470936,0,1,0.006979277255771385,-1.2037519434524349,1.8737598477770738
2025-04-25,0.0030841141857941108,0.018476620859242787,0.01296328711188075,0.006979277255771385,0.3439465186273558,-0.01499789191023496,0.001811233170152248,-0.06355672709038389,0.6164874551971327,5.634789603169249,0.14641484833429474,0,0,-0.00011285663183106742,-0.8148075068863823,0.5903165558477422
2025-04-26,0.006979277255771385,-0.0058551556635219135,0.010868721621431965,-0.00011285663183106742,-1.0718987757553795,0.0,0.0,0.0,0.48951048951048953,4.969813299576001,-0.5378303198355117,1,0,-0.009329217194183042,-1.089546814393338,0.7800162708073577
2025-04-27,-0.00011285663183106742,0.001784140517765091,-0.0028602497069005954,-0.009329217194183042,0.17027903018838955,0.0,0.0,0.0,0.5961538461538461,4.653960350157523,-0.8626812812591587,1,1,0.013370370730845774,-1.0177450605208123,1.986238020547337
2025-04-28,-0.009329323861651934,0.002733000303216764,-0.008611199655457908,0.013370370730845774,0.6855870575357844,0.015147940676365497,-0.004635226726066359,0.012402618169858071,0.5705705705705706,5.811140992976701,0.27531781347088535,0,0,-0.007971384433910092,-1.3442480535762504,0.4728770218047963
2025-04-29,0.01337047739831472,-0.001763239256579817,0.010105340800291447,-0.007971384433910092,-0.2675947117300834,-0.004119486550149282,0.002320260587368922,-0.03974568350601878,0.5677655677655677,5.6131281063880705,0.07438978137441128,0,0,-0.0009002869702098006,-1.439190179969243,1.0255557237086612
2025-04-30,-0.007971384433910092,-0.0024445974148712747,-0.008920805697840074,-0.0009002869702098006,0.0407915550334078,-0.004166813216927875,0.002314966138697308,0.021691076650220915,0.4937106918238994,5.765191102784844,0.2520848443468101,0,1,0.024315545810009744,-0.04415237835785925,3.394989467171822
2025-05-01,-0.0009002869702098006,0.02279405046442159,0.013050091045904065,0.024315545810009744,0.1911027182231271,-0.02916553616172506,0.00781096275028283,-0.004056816076951518,0.4701492537313433,5.594711379601839,0.08798102702570074,0,1,0.004108352658419524,-0.14510484323380904,1.4463978610284436
2025-05-02,0.02431544217222501,0.004829629748576013,0.02330602116125033,0.004108352658419524,-0.3607301957580738,0.006799232227835648,-0.0024968801985871545,-0.08126296612994292,0.5570032573289903,5.730099782973574,0.2076751602462202,0,0,-0.01069534904680462,-1.17747323531479,0.0500766664296539
2025-05-03,0.004108353083326973,-0.009854859287568234,-0.006215331262390137,-0.01069534904680462,-0.4272168750617724,0.0,0.0,0.0,0.45180722891566266,5.117993812416755,-0.42027175674190476,1,0,-0.016607613109211234,-1.7947534447089013,0.4663392105312426
2025-05-04,-0.010695245833927097,-0.006532723605788684,-0.01686815114074572,-0.016607613109211234,0.12666735572130058,0.0,0.0,0.0,0.5169491525423728,4.77912349311153,-0.7694578443336877,1,1,0.004825752587870044,-0.8131606730938027,0.9725603745352054
2025-05-05,-0.01660771917892881,-0.011545401469171634,-0.006791685393060251,0.004825752587870044,0.4466832580807057,0.024270706904035648,-0.001701428298030056,0.04145667440402979,0.42567567567567566,5.6937321388027,0.1711868669832046,0,1,0.021928792437757434,-1.4424524150018825,2.2823016104961806
2025-05-06,0.004825858657587683,0.017923164947479742,-0.001467164831210773,0.021928792437757434,-0.06765584292504619,0.029781859324395553,-0.005927620392362942,0.04628929034110809,0.3503184713375796,5.752572638825633,0.2070096198073233,0,1,0.0020269832486365163,-1.0896353930698772,0.9230659865779318
2025-05-07,0.021928792437757434,0.008336436198574718,0.0254569626570773,0.0020269832486365163,0.03187535720209653,-0.008832939557882192,0.0037214299867884006,-0.050103668994564955,0.551948051948052,5.733341276897746,0.1933281038774832,0,1,0.06224021212940302,-0.15905583554966823,7.076609429522218
2025-05-08,0.0020269832486365163,0.06356241767807938,0.011332778823838608,0.06224021212940302,0.7421624009316752,-0.025398132101867026,0.01028721960294191,-0.04649978340350906,0.6388888888888888,5.783825182329737,0.2129444170110241,0,0,-0.002808564699583071,-0.9207916101612623,1.0593342872188005
2025-05-09,0.06224030897081844,0.0020674607063687093,0.05462285438328711,-0.002808564699583071,-0.23581659651057843,0.011700918988177024,-0.002985404328326501,-0.026139385258591264,0.6307692307692307,5.786897381366708,0.20625401881463012,0,1,0.017687693367897713,-0.14891828550870845,1.9356377478810958
2025-05-10,-0.002808661540998581,0.005954469907039978,0.004910168546942626,0.017687693367897713,-0.5889744503990041,0.0,0.0,0.0,0.72,5.170483995038151,-0.41763564372270534,1,0,-0.0066198315306769204,-1.407121662385608,0.15489450618802722
2025-05-11,0.017687693367897713,-0.0001197390490331425,0.005105659599128583,-0.0066198315306769204,0.16018453093958862,0.0,0.0,0.0,0.6194690265486725,4.736198448394496,-0.8523420072650321,1,0,-0.012823957677924932,-3.3196665210235516,1.6209468620859318
2025-05-12,-0.0066198315306769204,0.00804069202830224,-0.025745280117056343,-0.012823957677924932,0.5530919483772512,-0.03521122337030222,0.014347493899422074,-0.1746796139768351,0.6051779935275081,5.736572297479192,0.14662780716750717,0,1,0.012686796194268246,-1.3334965979787634,2.1033220437912177
2025-05-13,-0.012823957677924932,-0.008000205860871992,0.007037741552523016,0.012686796194268246,-0.38622998807174713,0.006284573623097743,-0.007791359617264837,-0.009287151281461297,0.45454545454545453,5.659482215759621,0.08438110927563114,0,0,-0.005740544445962826,-1.4529796808880824,0.2429524231686905
2025-05-14,0.012686796194268246,-0.005916900011957094,0.011491965365174927,-0.005740544445962826,-0.25601577025542743,-0.018344612393290653,0.00039597026201491843,0.021716462775081345,0.546875,5.54907608489522,0.002234637805322493,0,1,0.0024691295519930546,-2.074105071416813,0.659490387674354
2025-05-15,-0.005740447834909493,-0.0015751648009062857,-0.011951798351250051,0.0024691295519930546,0.0898131794169715,0.012277391287757004,-0.0015848226728401341,-0.04335388932444697,0.40955631399317405,5.683579767338681,0.15471966988869634,0,0,-0.0028935353660749547,-0.6412151279861636,0.7552287295370927
2025-05-16,0.0024690329409397718,0.003426512970620618,0.016798028986299705,-0.0028935353660749547,-0.13768197660465673,-0.012088782158285714,0.002079508509303649,-0.03365017563674573,0.40145985401459855,5.616771097666572,0.11713152739540873,0,0,-0.0032649150658740724,-0.8263001918335882,0.2374433089970608
2025-05-17,-0.0028935353660749547,-0.008071389571475188,-0.004744386004549094,-0.0032649150658740724,-0.332185659116319,0.0,0.0,0.0,0.2868217054263566,4.867534450455582,-0.6088503279258517,1,1,0.03175756480007516,-0.020908517843607546,3.3688360645609836
2025-05-18,-0.0032649150658740724,0.02804901248976505,0.004789001674025652,0.03175756480007516,0.6522449353977093,0.0,0.0,0.0,0.5619047619047619,4.663439094112067,-0.8098714548585628,1,0,-0.00830574322175089,-4.274259604265048,0.6128050415539508
2025-05-19,0.031757658737128824,0.004197254570005051,-0.010775946064139222,-0.00830574322175089,0.33713514805809575,0.014631561796196542,-0.006550202495798609,0.05088715908092846,0.3508771929824561,5.655991810819852,0.20329178276498686,0,1,0.012016222070838009,-1.3244188613613743,1.640535945225278
2025-05-20,-0.00830593187933345,0.001971565814962267,0.021192664207285727,0.012016222070838009,-0.24412151188458714,0.015793404801633753,-0.0030914764474649953,-0.002760103198132609,0.5592105263157895,5.720311776607412,0.2568344692278093,0,1,0.025812774424210004,-0.7043748305368763,3.627723964821251
2025-05-21,0.012016410380514906,0.03188810226679788,0.01821666237908287,0.025812774424210004,0.6526879376965671,0.008801804902702907,-0.005609041019042132,0.14295345345940377,0.6324503311258278,5.713732805509369,0.2226706262673255,0,1,0.018544112729196732,-0.4264855197670557,2.108162132052865
2025-05-22,0.025812680835062107,0.010617156096525986,0.0285916675319083,0.018544112729196732,-0.36426381879244907,-0.005150277910234424,0.0040096438303826925,-0.028677548720296264,0.6011730205278593,5.834810737062605,0.3161522341331878,0,0,-0.03998359037453153,-4.482484880332096,0.09287853915833455
2025-05-23,0.01854420225774508,-0.0016087231997484034,-0.022015880876453703,-0.03998359037453153,0.003375496277438598,0.021425434503964738,-0.008539746230872808,0.0945029758899914,0.4752475247524752,5.717027701406222,0.18147326040819742,0,1,0.004125071563271793,-0.4135421448007993,2.0180431278608477
2025-05-24,-0.03998367990307997,-0.02073194448750645,0.0007058369807812902,0.004125071563271793,-0.6371674349590373,0.0,0.0,0.0,0.45454545454545453,5.043425116919247,-0.5093402911433056,1,1,0.011462065339148519,-1.0834741052088723,1.4172047173024798
2025-05-25,0.004124978766099946,-0.001883312542311991,-0.0025742480408089295,0.011462065339148519,0.05379356156467715,0.0,0.0,0.0,0.34394904458598724,5.062595033026967,-0.5186204606528068,1,1,0.003942524889582682,-0.30652175371938023,1.292505984992282
2025-05-26,0.011462249875908926,0.010215078016046522,0.019231588854043365,0.003942524889582682,-0.18975211526874233,0.0,0.0,0.0,0.5249169435215947,5.71042701737487,0.12361395597049891,0,0,-0.004548373170012511,-1.7683871522563126,1.1657581375508963
2025-05-27,0.003942341771370788,0.0026750464151689413,-0.010676129095786578,-0.004548373170012511,0.37323053815092827,-0.019362124406121534,0.00412824468268098,-0.16180673993166564,0.3739612188365651,5.8916442118257715,0.27522861138326427,0,0,-0.0106718460844975,-2.0108823979166157,0.317593010552721
2025-05-28,-0.0045482817913892115,-0.013030024439994231,-0.0069733256266154035,-0.0106718460844975,-0.30817603765158713,-0.0016685124798728683,0.0036108426531303267,0.018291620243806275,0.5,5.973809611869261,0.3117796240333924,0,0,-0.02054732532520838,-2.3078137896849347,1.0247111349097886
2025-05-29,-0.0106718460844975,-0.0036006648409268424,-0.013641160002180694,-0.02054732532520838,0.2379984994894113,0.007109715550713264,-0.006025309311960677,-0.006754983416935554,0.5233918128654971,5.8377304471659395,0.17483088506772093,0,0,-0.015310028157546413,-1.8821290180500165,0.6827399835516206
2025-05-30,-0.02054732532520838,-0.023967036838790035,-0.016290477608859318,-0.015310028157546413,0.17831619979890037,-0.008537804000789136,0.0005035300605269822,-0.032320726435630054,0.23214285714285715,5.820082930352362,0.14084671420387176,0,1,0.00581464554481119,-0.8856973168929663,0.8756241392629306
2025-05-31,-0.015310124324823572,-0.013381186600433354,-0.005345711145975829,0.00581464554481119,-0.7418885672254943,0.0,0.0,0.0,0.12716763005780346,5.159055299214529,-0.5322299210180327,1,1,0.00999890319604234,-0.8057760731621058,1.2116819636461047
2025-06-01,0.005814741712088358,0.00917522378864291,0.006613857982119775,0.00999890319604234,-0.15073522810744375,0.0,0.0,0.0,0.3253968253968254,4.844187086458591,-0.834091505565657,1,1,0.002033656157331761,-1.8949667620301016,0.27668227510926136
2025-06-02,0.00999890319604234,0.0006489063106739237,-0.0008930036926376446,0.002033656157331761,0.3261501853157194,0.02453766635895122,-0.006362743141415789,-0.011372940494915293,0.321656050955414,5.752572638825633,0.07263918364315634,0,0,-0.004555126803574655,-0.9353152306829229,0.8809540005881515
2025-06-03,0.002033750623507807,0.00807637341212064,0.011630171470803639,-0.004555126803574655,-0.014559314183129134,-0.006070768059979941,0.005557004047396201,-0.03717488007439624,0.48259860788863107,6.068425588244111,0.3556810727311983,0,0,-0.00647422512636591,-1.1432778604613218,0.5895742007834156
2025-06-04,-0.004555126372287648,-0.007468924801621893,-0.0066347531013585875,-0.00647422512636591,0.056830452509528,0.006930750112583484,-0.004645525243508145,-0.004532581194009188,0.4650112866817156,6.095824562432225,0.3593042786661161,0,0,-0.030924814911036578,-4.218325271740156,1.151781170004075
2025-06-05,-0.006474320023828907,-0.0008521554341593383,-0.037224699239154224,-0.030924814911036578,0.464003692883928,-0.006781516425104247,-0.0005062831279796945,0.04822208427528902,0.46419098143236076,5.934894195619588,0.18194269715956937,0,1,0.027016209665029333,-0.40757299300463606,3.6982448290002754
2025-06-06,-0.030924716397298557,-0.005460178321074663,0.007182707876318597,0.027016209665029333,-0.3430704929366137,-0.008391573926159246,0.004547116175521301,-0.09709743831107769,0.2344632768361582,5.872117789475416,0.11084589428160034,0,1,0.012044621848145592,-0.4009910660611275,1.533473087550091
2025-06-07,0.027016015263381835,0.0053684922505275266,0.027082028934464385,0.012044621848145592,-0.640825499932621,0.0,0.0,0.0,0.398989898989899,5.293304824724492,-0.4813923547653094,1,1,0.0017213626629398297,-0.5586375564543865,0.8828473865974424
2025-06-08,0.012044717736055012,0.005538364838619128,0.010468156944213092,0.0017213626629398297,-0.03622296810739109,0.0,0.0,0.0,0.3018867924528302,5.075173815233827,-0.7153604439643876,1,1,0.0419420963494116,-0.39386483772141345,4.4362009122705865
2025-06-09,0.001721457239892507,0.03725489791967136,0.0033690898502694807,0.0419420963494116,0.9090687928415209,0.0028250744326858415,-0.002523596896147004,0.022989482036049294,0.5095367847411444,5.908082938168931,0.09807772722826723,0,1,0.00010311175786527098,-1.7676970695220457,0.1241531250638007
2025-06-10,0.041942001772459,-0.0011783815226562497,0.02820377403140538,0.00010311175786527098,-0.15707059803602128,-0.003366964044300687,0.001111173479648963,-0.01231320633011249,0.6242603550295858,5.82600010738045,0.056512210266300794,0,0,-0.01488492352072924,-2.024807014706494,0.10660436853013985
2025-06-11,0.00010311175786527098,-7.237580747137295e-05,-0.002467987693979325,-0.01488492352072924,-0.26360315883398466,0.000120486130438958,-0.004249356836262151,0.018123820078471166,0.5225464190981433,5.934894195619588,0.19567288997147136,0,0,-0.027749388787279217,-2.7749483419973013,0.1549076279008928
2025-06-12,-0.014884831477943077,-0.0144018909270217,-0.022386336793637374,-0.027749388787279217,0.30417306321435206,0.01778563010253441,-0.007224647054053422,0.04309057866717449,0.41625615763546797,6.008813185442595,0.25650531810474775,0,1,0.0037297023772628075,-2.8872862545663014,0.47939386578566107
2025-06-13,-0.02774938619738044,-0.024504526408431468,-0.028872767912969215,0.0037297023772628075,0.3870274332526025,0.014768122634469274,0.00265173167371636,0.14443177094572332,0.18873239436619718,5.87493073085203,0.12181529918713874,0,0,-0.0061655785271072,-1.6795742412749732,0.17465267373012103
2025-06-14,0.003729607744577808,0.0006822904567071012,0.01580682251017606,-0.0061655785271072,-1.0903957555577406,0.0,0.0,0.0,0.4088397790055249,5.204006687076795,-0.54404817622328,1,1,0.0017001202861056666,-0.8766800355132203,0.6749757749316023
2025-06-15,-0.0061656733905955064,-0.0011623475150921753,0.001863363530510298,0.0017001202861056666,-0.2055347576746007,0.0,0.0,0.0,0.3939393939393939,4.890349128221754,-0.847297860379628,1,1,0.011305061807508105,-0.582826587967867,3.1309259856531853
2025-06-16,0.0017003098519311817,0.026259622393321535,0.004638654761559099,0.011305061807508105,0.7337847581555418,-0.010194021599707037,-0.0018350530676638712,-0.08570225833796592,0.6096866096866097,5.863631175598097,0.13813526450813096,0,0,-0.02123009135616664,-3.2582055987889804,0.9105052432438708
2025-06-17,0.011304967105170968,-0.010899145616585098,-0.015448728300702992,-0.02123009135616664,0.18003672500742965,-0.0028895213050230267,0.008332531658833468,0.12248154215971634,0.34185303514376997,5.749392985908253,0.035303248118283004,0,1,0.0032048660451346727,-1.0105003924392646,0.9510715690611611
2025-06-18,-0.02123009135616664,-0.02082442809799383,0.0012469607073305482,0.0032048660451346727,-0.24610301332434287,0.0009444399210661637,0.0009103724470059521,-0.06998547536577875,0.28362573099415206,5.8377304471659395,0.14059771342547864,0,0,-0.0021779540173212956,-0.9170911057722233,0.32305509505159535
2025-06-19,0.0032049613860299694,-0.003075298694960864,0.004138958911804933,-0.0021779540173212956,-0.5983767379302953,0.0,0.0,0.0,0.37543859649122807,5.655991810819852,0.01820991138293183,0,0,-0.013085610610985732,-2.235406972213293,1.7672885109242638
2025-06-20,-0.0021780493582167263,0.012264380141405367,-0.015361112681732077,-0.013085610610985732,0.7600048288011092,-0.0064221208610746846,-0.002024133621534633,0.023553662303807992,0.29365079365079366,5.53338948872752,-0.05083967677544121,0,0,-0.011469227749354669,-2.4103641013186543,0.6606044084598361
2025-06-21,-0.013085707418295284,-0.024152451635630092,-0.014835181902039267,-0.011469227749354669,-0.3866257247247311,0.0,0.0,0.0,0.20588235294117646,5.14166355650266,-0.43852597036317015,1,0,-0.011385960226360707,-3.9142474936869007,1.2452596721930647
2025-06-22,-0.01146903301804849,-0.005622675112022421,-0.026508061673037195,-0.011385960226360707,0.9466956121658259,0.0,0.0,0.0,0.03205128205128205,5.056245805348308,-0.5373926511443022,1,1,0.0423728593887924,-1.3466739094160756,4.937611915541193
2025-06-23,-0.011386058150357384,0.02553756220712058,0.01428977561634754,0.0423728593887924,-0.03829039979215287,0.0028461738938607515,-0.0029422323215424445,-0.03906558060447963,0.4110576923076923,6.0330862217988015,0.4092497333057409,0,1,0.007086217120930923,-0.6781543731945114,0.9035618085769545
2025-06-24,0.042372954324959154,0.0020323583191498725,0.04905805475100803,0.007086217120930923,-0.6356665993216145,-0.018013675886811464,-0.005706124735369579,-0.12613859464476823,0.5870967741935483,5.739792912179234,0.1166891641092166,0,1,0.011784963544526447,-0.2595392115949321,1.9161414250041846
2025-06-25,0.007086122184764346,0.017212013285203363,0.01127236873692683,0.011784963544526447,0.13092199343048042,0.0029197688926843124,-0.0018410591712752086,-0.04206223532916502,0.6257309941520468,5.8377304471659395,0.21492760369232797,0,0,-0.003672824455672302,-0.7275102647342373,0.8643965555256529
2025-06-26,0.01178505670593411,0.0012675148497411303,0.007105253013133559,-0.003672824455672302,-0.4571485272028167,0.0019217200310753606,-0.00544064139681836,-0.010194995310435646,0.554858934169279,5.768320995793772,0.1278537275399311,0,1,0.0009395562683027059,-0.553484233859804,0.734371837348212
2025-06-27,-0.003672917617079883,-0.004973071637446568,-0.0019325641469279816,0.0009395562683027059,0.14576209149597505,-0.018101974273062114,0.0025700347847261887,-0.01640878256347104,0.4620253164556962,5.75890177387728,0.08635402281957527,0,1,0.0023252311283283957,-0.22078096830684923,0.4940340020419263
2025-06-28,0.0009394628519029481,-0.001463822084760254,0.004266588923832365,0.0023252311283283957,-1.3155856120663496,0.0,0.0,0.0,0.4620253164556962,5.0689042022202315,-0.6008613558656027,1,1,0.00983195226177919,-0.11588605745729987,1.1414078232974283
2025-06-29,0.002325324544728114,0.008798969340883518,0.003374180236823861,0.00983195226177919,0.7330730111323308,0.0,0.0,0.0,0.5655737704918032,4.812184355372417,-0.8424349347230293,1,0,-0.011233628430860393,-1.5097204663893125,0.3988641184857484
2025-06-30,0.00983195226177919,0.0024065152136625366,-0.004106391827540836,-0.011233628430860393,0.3561113906304136,0.006303198845365553,-0.0053531554201121405,0.0248121568004225,0.5652173913043478,5.910796644040527,0.28613048176307937,0,0,-0.01377060945880646,-1.7850508357674668,0.3665814484476102
2025-07-01,-0.011233535100704723,-0.011556455131241842,-0.013986932124641947,-0.01377060945880646,0.07422050480348491,0.012758252337171075,-0.0006194895349278512,0.005959516032616415,0.5084745762711864,5.872117789475416,0.22486011658934685,0,1,0.029540665453745153,-0.5512361754884786,3.759635556445826
2025-07-02,-0.013770797413229724,0.02015993162117574,-0.0014324628560166376,0.029540665453745153,0.5211959090662109,0.003380872641776682,-0.0004132326075602726,-0.011353604956222913,0.49148418491484186,6.021023349349527,0.33988437739458255,0,1,0.006731383365643195,-0.2936794823982912,1.5312445603024156
2025-07-03,0.029540668208125634,0.007256755492311145,0.032116232384647184,0.006731383365643195,-0.3045421507088984,-0.004910454236063616,0.004124583366074667,-0.01574837152360857,0.45980707395498394,5.7430031878094825,0.06499797439950067,0,0,-0.014713205707567904,-2.158255958287969,0.16668162037613626
2025-07-04,0.006731383981978067,-0.006914246033619721,-0.011914381393253671,-0.014713205707567904,-0.1009849478720582,0.0,0.0,0.0,0.40672782874617736,5.793013608384144,0.10978756188324422,0,1,0.001978700480306492,-0.2113001795950823,0.40324483674733824
2025-07-05,-0.01471302184791367,-0.012347573543855824,0.004756352079360969,0.001978700480306492,-1.1493029305828406,0.0,0.0,0.0,0.3988439306358382,5.159055299214529,-0.5341679061207113,1,1,0.009252236497324772,-0.36862397911055045,1.3785376250808186
2025-07-06,0.0019786078742046066,0.011731628363641264,0.00040546248515171084,0.009252236497324772,0.5454324062752807,0.0,0.0,0.0,0.34375,4.859812404361672,-0.8383291903966308,1,0,-0.008653329682976453,-1.560259680046987,0.4533139753483425
2025-07-07,0.009252328069192057,0.0,-0.0026641205120396545,-0.008653329682976453,0.3775723875364629,0.0001800334682463348,0.0030823310760854585,0.08257552595110282,0.5761194029850746,5.817111159963204,0.13982591030890962,0,1,0.0060781291164992805,-0.772742778063237,0.876980232027941
2025-07-08,-0.008653421254843792,-0.004416667116180444,-0.0007781606631388888,0.0060781291164992805,-0.020338080856369723,-0.007591297859755788,0.00030769556067963697,-0.05666263749048405,0.6331360946745562,5.82600010738045,0.15661920737354526,0,1,0.02099497361671242,-0.5509398139955349,2.7855969332112784
2025-07-09,0.0060782209244864185,0.025164296128332608,0.008296158757176328,0.02099497361671242,0.6287387143287297,0.0013900517720019155,-0.0004103078818326255,-0.053142268612983594,0.5331230283911672,5.762051382780177,0.14005491003001944,0,1,0.042040393709379065,-0.6620479620128805,4.9409092189126165
2025-07-10,0.020994971709299107,0.042548096473725844,0.019883892136538992,0.042040393709379065,0.3645208753530761,0.0017498283805606845,0.0018450220756838643,-0.010088348541556767,0.7486033519553073,5.883322388488279,0.23761325715099377,0,1,0.012997315848983379,-0.6813782680410704,2.4353896454172927
2025-07-11,0.04204039000826684,0.016985197974425673,0.04184709064909708,0.012997315848983379,0.03901714567447637,0.011568474452741711,0.0020460052993358695,0.038538013074052885,0.6475195822454308,5.950642552587727,0.2771693295401977,0,0,-0.0009164595002588142,-0.53544139423708,0.5704394835699138
2025-07-12,0.012997229649521548,-0.005652185769490465,0.014456684587023129,-0.0009164595002588142,-1.1194555853500043,0.0,0.0,0.0,0.6739130434782609,5.220355825078324,-0.4613286881478884,1,1,0.014094044790011754,-0.16638770887380233,1.745869728321754
2025-07-13,-0.0009164595002588142,0.010837842947259558,0.0027740773533741015,0.014094044790011754,0.1228596712435135,0.0,0.0,0.0,0.6610169491525424,4.77912349311153,-0.900673040098894,1,1,0.006316070756330813,-0.15249266564199088,3.4103848897337046
2025-07-14,0.014094128762483954,0.03073919640413116,0.014232995222329783,0.006316070756330813,1.0491391375295254,-0.0013417817890844313,0.0023478126088687427,0.04762811660654813,0.6945701357466063,6.093569770045136,0.36865892311937665,0,0,-0.01753493076270058,-3.4847681761091307,0.0831171660767315
2025-07-15,0.006315903340084046,-0.026956606480238756,-0.02700668434834045,-0.01753493076270058,0.1605493177191036,-0.006495750023279325,0.005490617789239819,0.010410643373586315,0.4382284382284382,6.063785208687608,0.29716187355312873,0,1,0.0073805949622627876,-0.6310733762208258,1.939116590053373
2025-07-16,-0.017534932238785127,0.0010250634770656705,0.011002017236182538,0.0073805949622627876,-0.6307544851385528,0.006794079381100563,-0.0023349419718483337,-0.012738986382189699,0.5416666666666666,5.953243334287785,0.1567582432369433,0,1,0.004601451493544703,-0.9969923825814584,1.9766854000941338
2025-07-17,0.007380764177522163,0.007756283062670377,0.003721404898656334,0.004601451493544703,-0.08007893451209523,-0.0037055602760010316,0.0034497189502243992,-0.038009289365250935,0.6005830903790087,5.840641657373398,0.050394949694373095,0,0,-0.01056700950065718,-2.004217087299269,1.3693229328350816
2025-07-18,0.004601367198144433,-0.001472173179045732,-0.005470795553633446,-0.01056700950065718,0.23647907630041617,0.003854691586396078,-0.0025353696608453294,-0.006680899998967385,0.5890804597701149,5.855071922202427,0.08031641781907949,0,0,-0.0007197002204572691,-0.550591525768684,0.4864644318141079
2025-07-19,-0.01056700950065718,-0.01939559451086696,0.003969246114648817,-0.0007197002204572691,-1.0994785996723857,0.0,0.0,0.0,0.6081871345029239,5.147494476813453,-0.6244228014838481,1,0,-0.004890417918115617,-1.1719629354949255,0.8591634991975381
2025-07-20,-0.0007196153596326174,0.0030072904533769143,-0.006933414317719723,-0.004890417918115617,0.6696139656187258,0.0,0.0,0.0,0.416,4.836281906951478,-0.9408997172664907,1,1,0.0009822478512299445,-0.6417334153957652,2.0356836755669168
2025-07-21,-0.004890588055793391,0.006874783845578225,0.00041187728287599357,0.0009822478512299445,0.2774134414648425,0.01447860287732854,-0.006417837715639151,0.014519297711828362,0.5462184873949579,5.8805329864007,0.14717228444859695,0,1,0.021692235206271098,-1.0726571056829262,2.413501151272674
2025-07-22,0.0009823331280831315,0.004760422608287445,-0.003326989051641749,0.021692235206271098,0.20306723662076975,0.010904801640990577,-0.004712148542002449,-0.009049812608822908,0.5039370078740157,5.945420608606575,0.23474034370586427,0,0,-0.01004095354590667,-2.236855652147925,0.11296243788317638
2025-07-23,0.021692318571265717,-0.0013131519276239096,0.010050249741621109,-0.01004095354590667,-0.3643820936304619,-0.013200213092493647,-0.00184995229108039,-0.07094283080176363,0.46540880503144655,5.765191102784844,0.0857869370210128,0,0,-0.0035006808084234644,-1.4016140394673549,0.5826990023964884
2025-07-24,-0.010040952704626134,-0.005343587900773391,-0.0016885374191010795,-0.0035006808084234644,0.08225370368701891,-0.006829222657993172,0.0017472451348277392,0.001300420054187293,0.43373493975903615,5.808142489980444,0.1342693092764413,0,0,-0.006159491204291899,-3.1048281139730967,0.09339821153032977
2025-07-25,-0.003500849516276867,-0.00839368871708495,-0.02053282155348072,-0.006159491204291899,0.887776829306219,-0.011036651923321424,0.002768850398919376,-0.03034533816741929,0.3153846153846154,5.968707559985366,0.2748224993920969,0,1,0.002595631902628258,-0.4054740774731969,0.5790658322057153
2025-07-26,-0.006159406702713601,-0.0013028149975381229,0.020834049160706986,0.002595631902628258,-1.7035030423589699,0.0,0.0,0.0,0.5113636363636364,5.176149732573829,-0.5232481437588661,1,1,0.012603083346820849,-0.0801627255393072,1.5538922654110283
2025-07-27,0.002595631902628258,0.012343896234681379,0.005848745421967201,0.012603083346820849,0.28833404042024874,0.0,0.0,0.0,0.5241935483870968,4.8283137373023015,-0.8729694569907579,1,0,-0.011396806340220294,-1.6788305112936714,0.32142586967616943
2025-07-28,0.01260316708800504,0.0002784193894721282,-0.003383594510722796,-0.011396806340220294,0.40326749594841543,-0.0074965057238816635,0.010289959975385099,0.006675554006955608,0.5530085959885387,5.857933154483459,0.16567818500119097,0,0,-0.0009453714032179849,-0.9459714637735012,1.0205380925274712
2025-07-29,-0.011396890081404494,-0.0044056841117071695,-0.0040682158650185455,-0.0009453714032179849,0.08088253726705134,0.0043120472958143976,0.0025307498523383116,0.06128972569359601,0.43073047858942065,5.986452005284438,0.2868427941843048,0,0,-0.0009369312651676298,-1.84352407634774,0.710681535261128
2025-07-30,-0.0009454561843623395,-0.004043936975881425,-0.00992089752896047,-0.0009369312651676298,0.02921650734583845,-0.008339380490785232,0.010359647568366966,-0.03178907310180721,0.37559808612440193,6.037870919922137,0.2915629128459782,0,0,-0.01777599093867902,-2.0059788014133235,0.9141282027131008
2025-07-31,-0.0009369313446390988,0.0010975354093521656,-0.0025614785158234164,-0.01777599093867902,0.08738151950606225,-0.0007892237945701002,0.0009000984489408567,0.07705672799895574,0.535064935064935,5.955837369464831,0.18536886674694023,0,0,-0.02153342924967691,-2.662457113536063,0.24840394855241305
2025-08-01,-0.0177759924606477,-0.024433233480286014,-0.024340774059906502,-0.02153342924967691,0.36434469683144444,0.01641380667687466,-0.013486479871671642,0.19794842002607435,0.28184281842818426,5.91350300563827,0.15234562518823816,0,0,-0.006655760991846373,-1.1495241136976087,0.6734325403573646
2025-08-02,-0.02153343112996216,-0.017283143331627185,-0.006404099251292282,-0.006655760991846373,-0.7551619368356757,0.0,0.0,0.0,0.24519230769230768,5.342334251964811,-0.435237266437027,1,1,0.014663215250676506,-0.5580806438553484,1.982608576561094
2025-08-03,-0.006655672728976633,0.0064359993701909,-0.000741326293423646,0.014663215250676506,-0.4418072816980719,0.0,0.0,0.0,0.21142857142857144,5.170483995038151,-0.6304029670508243,1,1,0.007382183600908784,-0.08864891582685097,1.314512806147868
2025-08-04,0.014663302809599618,0.007982257546544178,0.01935753253096145,0.007382183600908784,0.267610962658403,0.007943973509988255,0.0009114938326349665,-0.15121087497900548,0.4340175953079179,5.834810737062605,0.04017634348385822,0,0,-0.008074576568790104,-2.1124868769111,0.0632366882129996
2025-08-05,0.00738209604198553,-0.005130577578439915,-0.012856196009933787,-0.008074576568790104,0.21967792885668413,0.0022201510582657955,0.0,0.018660417960192417,0.4281437125748503,5.814130531825066,0.04729427758084337,0,1,0.00752894963418136,-0.6810325098864293,1.380295423767342
2025-08-06,-0.008074576568790104,0.005096010786753203,0.0062399671014565904,0.00752894963418136,-0.21005565824585226,-0.0005619433653809127,-0.006092611016446497,-0.06241192646480223,0.4316109422492401,5.799092654460526,0.07293961123404201,0,1,0.021335183728332856,-0.6397107423930937,2.2602682238362615
2025-08-07,0.00752894963418136,0.016328677634870628,0.007942167309114612,0.021335183728332856,0.32194772861161064,0.005987967888747476,0.0022382878268711326,-0.011997790110594823,0.6006600660066007,5.717027701406222,0.029667247540193224,0,0,-0.00681002901994848,-1.3656051807632434,0.1344012531261396
2025-08-08,0.02133526885499065,7.651402123180937e-05,0.014076239344631558,-0.00681002901994848,-0.293252140083873,0.01134616025997749,-0.0022382878268711833,-0.08959330624524595,0.6064981949458483,5.627621113690637,-0.014337163142797232,0,0,-0.0018228772606176664,-0.3224484577983982,1.082029605628928
2025-08-09,-0.006810114146606164,0.002666254505079407,0.0036215382096999944,-0.0018228772606176664,-0.054327922317115855,0.0,0.0,0.0,0.618421052631579,5.030437921392435,-0.5855912743321045,1,1,0.024023932127064194,-0.001391018349093768,2.4167265179006083
2025-08-10,-0.0018228772606176664,0.011524091862099049,0.0013876971338753626,0.024023932127064194,0.4090724162036493,0.0,0.0,0.0,0.6439393939393939,4.890349128221754,-0.703911547139528,1,0,-0.005109768025592827,-1.0481922947943172,2.517337286750366
2025-08-11,0.024026111613835232,0.025030039815561747,0.013555919362611878,-0.005109768025592827,0.6150802802080595,-0.025324517441945554,0.003457007440475086,0.07009240199988871,0.5876010781671159,5.918893854273146,0.31355623249557063,0,1,0.01212710210107966,-0.40400493173604185,1.371032774579467
2025-08-12,-0.005111947512363978,-0.016572813147301795,0.001332105604989979,0.01212710210107966,-0.4603187871687728,-0.0012534156557426127,-0.004272188161714821,-0.09820670937817151,0.5259259259259259,5.602118820879701,0.030077455240981592,0,1,0.02606410567702287,-1.014971796979503,2.89904050929482
2025-08-13,0.012127185341402292,0.027407179448233263,0.006017433448645028,0.02606410567702287,0.3279741575821571,0.002922075262479989,-0.002653897067652444,-0.016427458860831908,0.632183908045977,5.568344503761097,0.033958175217932776,0,0,-0.04149029256629387,-5.096134392345373,0.9424300714164289
2025-08-14,0.026064103535468647,0.006498001298238819,-0.01474752027663582,-0.04149029256629387,0.18693755504176682,-0.007021346864233285,0.004181796800026985,0.023193410468529695,0.45525291828793774,5.552959584921617,0.04490666414692542,0,0,-0.008089091530436165,-1.268503470424374,0.7761586585287097
2025-08-15,-0.04149037366506225,-0.04315300669517102,-0.003213983347084022,-0.008089091530436165,-0.7197394294352946,0.0002398515522892742,-0.004079572501346859,0.017380131886339675,0.408,5.5254529391317835,0.03311368478842442,0,1,0.00032898393468814104,-0.16893974204663528,0.47350669814167623
2025-08-16,-0.008089176751381549,-0.011115611134306603,0.0029065457533411407,0.00032898393468814104,-0.7564742203166526,0.0,0.0,0.0,0.4269005847953216,5.147494476813453,-0.3578438511378664,1,1,0.00020742322210116917,-0.17774248925507383,1.012351388559117
2025-08-17,0.0003290691556334417,0.005717430838862528,0.00024095646260388078,0.00020742322210116917,-0.0805880440948215,0.0,0.0,0.0,0.47368421052631576,4.897839799950911,-0.6097422210395341,1,0,-0.010083975477294543,-2.383157636674895,0.11810236080958285
2025-08-18,0.00020742322210116917,-0.00873506705539409,-0.02184672825209695,-0.010083975477294543,1.1014345900777507,-0.0012898149154139478,0.003264972804530051,-0.0066489860460745625,0.26380368098159507,5.7899601708972535,0.3134269475063963,0,0,-0.02928284432910472,-3.05271402852465,0.42810465467172376
2025-08-19,-0.010083975477294543,-0.006983952538673096,-0.016779539395792045,-0.02928284432910472,0.01784588468089026,-0.005507846531911064,0.0010181071614717902,0.037962669400126235,0.26548672566371684,5.8289456176102075,0.3119954901976085,0,1,0.012312159298069381,-0.4376775609704119,1.5319239915754708
2025-08-20,-0.029282755733914836,-0.018244650960067197,-0.0031324796535624113,0.012312159298069381,-0.14440479966730252,0.009013401028552843,-0.0005088851746730002,0.007677573755063991,0.14285714285714285,5.71042701737487,0.17033858565285986,0,0,-0.01562169894735077,-1.9936148369036528,0.48060923701977887
2025-08-21,0.012311983191792202,0.0017990117525124782,-0.0032472134612630777,-0.01562169894735077,-0.36638320184353823,-0.0019460210593331287,0.004064235606779656,0.05637917834187325,0.18627450980392157,5.726847747587197,0.15961218985604836,0,1,0.03867346942564925,-0.7272693149033376,4.2881099773878075
2025-08-22,-0.015621611436263533,0.02245330845632956,-0.002958243727347572,0.03867346942564925,0.757833297478957,0.011175298783647576,-0.009167849764747205,-0.1547532751891094,0.302158273381295,5.631211781821365,0.04843051662374706,0,0,-0.012892668639070098,-2.0527987857788625,0.0803621116550868
2025-08-23,0.038673554942516855,-0.0034040092316779775,0.025418174716894115,-0.012892668639070098,-0.7136501519645884,0.0,0.0,0.0,0.4666666666666667,5.111987788356544,-0.470003629239675,1,0,-0.016987662875338143,-4.209086751232879,0.1978584121464065
2025-08-24,-0.012892667529391492,-0.011717705634156847,-0.03445554829361029,-0.016987662875338143,0.625469978503808,0.0,0.0,0.0,0.37333333333333335,5.017279836814924,-0.5744708889196803,1,0,-0.03024851157390859,-3.788695494183302,0.15292249395616733
2025-08-25,-0.016987749501884194,-0.017437022057240553,-0.012783750304842318,-0.03024851157390859,0.17329323657105247,-0.00017778178523024962,0.007239379860169711,0.03930183098997578,0.2288135593220339,5.872117789475416,0.2692889109825897,0,1,0.014884678291290745,-1.3212816632904332,2.0308049070783394
2025-08-26,-0.03024851157390859,-0.011469687442686845,-0.005574373264980019,0.014884678291290745,-0.3109644307946658,0.004377165544111227,-0.002033936880557363,-0.011560827649531319,0.2222222222222222,5.755742213586912,0.16532398042855806,0,0,-0.004494655997296272,-1.2766898736165684,0.7681189655404076
2025-08-27,0.014884678291290745,0.0022578188759113855,0.015330596188029427,-0.004494655997296272,-0.32049357545045665,0.0047106015210283785,0.0,0.015609444442969342,0.34057971014492755,5.6240175061873385,0.046618610659547165,0,1,0.011659841291183425,-0.3597897188103967,1.979072985369519
2025-08-28,-0.004494655997296272,0.007614884200994913,0.00467434555076552,0.011659841291183425,-0.18737257991345652,0.007957432015570034,-0.004284905519297801,-0.028690497002423536,0.5498281786941581,5.676753802268282,0.10770876783937657,0,0,-0.037928131382763526,-4.639273435088818,0.06371069062212126
2025-08-29,0.011659841291183425,-0.007493781656290592,-0.031134995871600853,-0.037928131382763526,0.7097479184767342,0.012135375150160638,-0.0004090491591267758,0.062457311433302194,0.39087947882736157,5.730099782973574,0.1455019772719838,0,1,0.004041834886721533,-0.9524124327494502,0.5050549486756021
2025-08-30,-0.037928131382763526,-0.03351468880222879,-0.001059521359369884,0.004041834886721533,-0.7460506126760666,0.0,0.0,0.0,0.24571428571428572,5.170483995038151,-0.4219274958042463,1,0,-0.005251767001620112,-0.6818126707696166,0.608065178328703
2025-08-31,0.004041834886721533,0.005071937183252697,0.006747832506519816,-0.005251767001620112,-0.12084008879144004,0.0,0.0,0.0,0.18620689655172415,4.983606621708336,-0.6072994791188043,1,1,0.009114030534832748,-0.9200471301256976,1.5274036820758576
2025-09-01,-0.0052516746197566475,0.003941618035851309,-0.00763411159518096,0.009114030534832748,0.5257456538558416,0.0,0.0,0.0,0.3223684210526316,5.720311776607412,0.16019963970997342,0,1,0.018166440657325495,-0.7756569317613478,2.293310905671429
2025-09-02,0.009114029696686916,0.016773102770788494,0.010557932518476068,0.018166440657325495,0.1423934019428497,0.02155825335719171,0.00642307238253446,0.11139697398504478,0.40404040404040403,5.697093486505405,0.14688198693900065,0,1,0.004177704576073605,-0.6414813046260825,1.193194532434415
2025-09-03,0.018166349113607844,0.007165276924955404,0.019508196928678202,0.004177704576073605,-0.45245666139522817,0.012264609179004047,-0.002645795122542308,-0.04893575867808498,0.5330882352941176,5.60947179518496,0.06118281329427521,0,0,-0.008765161209067217,-2.1505041449439806,0.42369002426361524
2025-09-04,0.004177794097008134,-0.0035173405056343533,-0.010912523827105326,-0.008765161209067217,0.03582291498673907,-0.007654710471889562,0.002137504877720227,-0.06637507981002318,0.34317343173431736,5.605802066295998,0.06872933215587057,0,0,-0.0006403155254173387,-0.4742610009312209,2.3683093364819934
2025-09-05,-0.008765250730001704,0.010681031913116585,0.00799727023106027,-0.0006403155254173387,0.5704173070601624,0.013205346467745164,-0.005914782137712255,-0.007874048793430689,0.29136690647482016,5.631211781821365,0.11074210533709931,0,0,-0.00427462149747006,-0.6191094082296412,0.5836091175374941
2025-09-06,-0.000640225158523713,-0.018487317714862374,-0.002088799598401559,-0.00427462149747006,-1.462612517856174,0.0,0.0,0.0,0.21311475409836064,4.812184355372417,-0.6819607230110334,1,1,0.008579008182539868,-0.0072333561029521275,1.273332434161056
2025-09-07,-0.004274621110359063,0.002622611668765571,0.0018441390237968376,0.008579008182539868,0.12768227656950756,0.0,0.0,0.0,0.375,4.653960350157523,-0.8170166622631155,1,1,0.008314378685943164,-0.46497382283059807,1.595156881290104
2025-09-08,0.008579007407290824,0.011797252653830304,0.004001603515263281,0.008314378685943164,0.7123069055136575,0.00686780141163577,-0.0032783525451429082,-0.004622038508200846,0.35668789808917195,5.752572638825633,0.2819357992715111,0,0,-0.004640554288638579,-1.165528596822432,1.0898830505137709
2025-09-09,0.008314288707187709,0.0032616403781798114,0.0013088309460249398,-0.004640554288638579,0.2835344234637081,0.0014282835584511465,0.0034829370489315808,-0.004643437577763262,0.4309210526315789,5.720311776607412,0.24535744805028023,0,1,0.02140695144426305,-0.5654327244143006,2.450087915876389
2025-09-10,-0.004640643937442546,0.008961494364987586,0.00136040443544261,0.02140695144426305,0.13017440315474846,8.235294082891736e-05,-0.00010228702004190965,0.02040218289932801,0.5454545454545454,5.62040086571715,0.14330066380682882,0,1,0.013273138970620393,-0.46616030587563106,1.3319898132112407
2025-09-11,0.021407041093066907,0.01022597041761161,0.02239967562964966,0.013273138970620393,-0.24749977780578844,-0.001840587103648067,-0.0024574849982395976,-0.042587961678039764,0.5598455598455598,5.560681631015528,0.09057787581350694,0,1,0.004723131039401508,-0.644332126093223,1.0191331461257906
2025-09-12,0.013273138970620393,0.0101445722997657,0.01149142076844475,0.004723131039401508,0.11373128618153983,0.0034311001737597525,0.0001025386850767745,0.0033932974726116655,0.552,5.5254529391317835,0.07226352035907403,0,0,-0.0009582332889029288,-0.780556756049567,0.23187897180876144
2025-09-13,0.00472304485435957,-0.003149410703768557,0.003360884739838155,-0.0009582332889029288,-0.6168647902555793,0.0,0.0,0.0,0.6033057851239669,4.804021044733257,-0.6527924125587189,1,0,-0.005625607702316823,-0.6780193441243938,0.21276834796151808
2025-09-14,-0.0009581471038610217,-0.0011493395273754893,6.714083034886143e-05,-0.005625607702316823,-0.20932092588082776,0.0,0.0,0.0,0.45794392523364486,4.68213122712422,-0.7775963102742428,1,1,0.0007085318805328954,-0.7698729624013783,1.2843392389638921
2025-09-15,-0.005625607702316823,0.005090101207707158,-0.0065441438850866295,0.0007085318805328954,0.6779227152395326,0.008947642619622902,-0.002566077796780523,0.06110270532150231,0.4181184668989547,5.662960480135946,0.22576021220886583,0,1,0.01240007484979025,-0.5324959052689016,1.3900033013951496
2025-09-16,0.0007085318805328954,0.0017651725048455945,0.003082302451857762,0.01240007484979025,-0.18993572166107878,0.0018178977764950366,-0.006909796968858478,0.041815828481424934,0.5352564102564102,5.746203190540153,0.3043029536910264,0,0,-0.00292724484014056,-1.7867107882993127,0.4253075151306628
2025-09-17,0.01240007484979025,0.0027531169871452374,-0.00014207398051394873,-0.00292724484014056,0.4274231837068358,-0.0019265078645296421,0.0024806782040535684,-0.039905564494527264,0.4559386973180077,5.568344503761097,0.13454840816682564,0,1,0.005360898398273296,-0.30517738137675043,1.2395507004632813
2025-09-18,-0.002927158964601385,0.005215187013185596,0.011888089229085137,0.005360898398273296,-0.362724781385408,-0.01040214079746196,0.004942814352483226,-0.0012731037820809259,0.5725806451612904,5.517452896464707,0.09036849302953441,0,0,-0.01238617811420754,-1.7000883209128976,0.32955660220387467
2025-09-19,0.005360812522734177,-0.003739042584320659,-0.008588210997087986,-0.01238617811420754,-0.25958152720356376,0.007600662414640123,0.002974523129664807,-0.016051709207089097,0.48333333333333334,5.484796933490655,0.06390380198364685,0,1,0.0004604051447670285,-0.19382725617624205,0.42237055356481545
2025-09-20,-0.012386091633244656,-0.01145803860059804,0.0026764325331590432,0.0004604051447670285,-0.6541317154066438,0.0,0.0,0.0,0.3898305084745763,4.77912349311153,-0.6441451295288253,1,0,-0.003926421842189095,-0.43108497981251176,0.11527197550489361
2025-09-21,0.0004603186638041979,-0.0026105806358323997,-0.0019121720915957641,-0.003926421842189095,-0.035579047895323256,0.0,0.0,0.0,0.39080459770114945,4.477336814478207,-0.9361255554272958,1,0,-0.02265554900340918,-3.0238443404337465,0.12745244222700647
2025-09-22,-0.003926421842189095,-0.0038046171749679236,-0.02985401544840146,-0.02265554900340918,1.5274388332721274,0.018672448725779663,-0.0031799540224672377,0.041210304685733154,0.21875,5.666426688112432,0.2602830982671387,0,0,-0.005806298169945148,-1.06400672675939,0.5660861205933195
2025-09-23,-0.02265554900340918,-0.018269212219745926,-0.0030571728666655877,-0.005806298169945148,-0.5243668461728509,0.010610006389506373,-0.0007194583114905994,0.03299010302909157,0.288961038961039,5.733341276897746,0.3299997221188422,0,1,0.011612792050812145,-0.8573705148999731,1.71838371002675
2025-09-24,-0.005806298169945148,0.005716677724389204,-0.0037399360513510347,0.011612792050812145,0.005507737704471051,-0.01291164894810577,0.006252268561541021,-0.028033468221638266,0.40711462450592883,5.537334267018537,0.13846408366351137,0,0,-0.03880361851008345,-4.21394362579052,0.17920160155945536
2025-09-25,0.01161288030660888,-0.0037790290338608474,-0.02195293905809314,-0.03880361851008345,0.5402550868385609,0.001285260502940439,0.006923969064019991,0.0340251208969369,0.29457364341085274,5.556828061699537,0.1515700332376426,0,1,0.0059364982695478945,-0.3441133437682889,1.190659576674615
2025-09-26,-0.03880370676588018,-0.0286890387589319,-0.00010531568986113785,0.0059364982695478945,-0.39920274763236085,0.010223498096000606,-0.004067128296454978,-0.09060203394250499,0.0211864406779661,5.4680601411351315,0.06502289993548825,0,0,-6.94091932618392e-05,-0.52952953138212,0.0915731903978601
2025-09-27,0.0059364982695478945,-0.005054365593219621,0.0040823363934093726,-6.94091932618392e-05,-0.9511938300366763,0.0,0.0,0.0,0.19230769230769232,4.875197323201151,-0.5389965007249948,1,1,0.022797220643522374,-0.4075027126504267,2.4454579062341457
2025-09-28,-6.94091932618392e-05,0.02346943796510114,0.0011508589940551644,0.022797220643522374,0.315458520032017,0.0,0.0,0.0,0.34408602150537637,4.543294782270004,-0.8777702343314264,1,1,0.01896956203457031,-0.539325100910744,1.9739438733178485
2025-09-29,0.02279730979872382,0.01808208031435927,0.02147899676091927,0.01896956203457031,0.7229580526446623,0.012006108728818521,-0.002448209500075601,0.0528617716940319,0.33201581027667987,5.537334267018537,0.14562324212910235,0,0,-0.0023036354107678868,-1.4589877796575488,0.41905927990162734
2025-09-30,0.018969560359275026,0.003420716100407995,0.009772935247102361,-0.0023036354107678868,-0.03249978555946599,0.005194719543134664,-0.001430979586219124,0.009876613611529673,0.4796380090497738,5.402677381872279,0.06890053112481953,0,1,0.03908667600199795,-0.07215296108577088,3.954283068166354
2025-10-01,-0.002303635209013669,0.033048602471879504,0.011564712774949911,0.03908667600199795,0.2865607457280736,0.006927612517481628,-0.0006138485961637263,0.00061407606411764,0.6108786610878661,5.480638923341991,0.15694397773705512,0,1,0.01617904889913795,-0.266538148620893,2.0258682820382137
2025-10-02,0.0390865883203372,0.01980252814071646,0.03714282412664673,0.01617904889913795,-0.018413294343181227,-0.0072140776340165556,0.0014317796616148805,0.020656763924054484,0.7215686274509804,5.545177444479562,0.22384407674082454,0,1,0.014027586512955888,-1.0685417835820215,2.754106024473794
2025-10-03,0.01617904889913795,0.02346142632349388,0.008159012549526657,0.014027586512955888,0.19626022144953065,0.010647104699776156,-0.0013294193666388184,0.0012019507755499145,0.7172995780590717,5.472270673671475,0.1499401472951342,0,1,0.001299959712627995,-0.5924314329892795,0.4636137462628792
2025-10-04,0.014029304555854726,-0.00887733626915321,0.018788690018883253,0.001299959712627995,-1.0702676974839735,0.0,0.0,0.0,0.6727272727272727,4.709530201312334,-0.6035350218611673,1,1,0.008877068978927581,-0.208566000839999,2.674426027441919
2025-10-05,0.0012981599643717896,0.0234080825244185,0.005138614034120815,0.008877068978927581,0.9878699093189275,0.0,0.0,0.0,0.7522123893805309,4.736198448394496,-0.5907321751230262,1,1,0.009480412513902298,-0.32308578286947387,2.17671113066462
2025-10-06,0.008877231667541681,0.0038999200111547784,0.007731871158633087,0.009480412513902298,-0.12286053562716652,0.017294429424654912,0.00398304551500883,-0.01695975086576718,0.6846846846846847,5.407171771460119,0.10650517167513543,0,0,-0.027039899832890336,-3.330685111655133,0.3742910155569617
2025-10-07,0.00948033153064547,-0.008543788637174452,-0.020595580773954444,-0.027039899832890336,0.10412688581878238,0.007091447444070091,0.004779115455139551,0.05178180930974778,0.6993243243243243,5.6937321388027,0.3418923040939305,0,1,0.01613065116385741,-0.22014117936789487,2.3332607924341895
2025-10-08,-0.027039817415050814,-0.007450202064117871,0.004065539489982214,0.01613065116385741,-0.24031056290336042,0.016633994907520277,0.002735114328785877,-0.05606719095272428,0.5072463768115942,6.315358001522335,0.7722845011204807,0,0,-0.013419074980521103,-3.008597067424458,0.3698890851919945
2025-10-09,0.0161306498450689,-0.003503065908564648,-0.011753907716708355,-0.013419074980521103,0.236854760215992,-0.024282758867578195,0.006956048447671245,0.007943889616864368,0.4338709677419355,6.431331081933479,0.7024065059743548,0,0,-0.07585974612842505,-17.6277182522046,0.7269114167804523
2025-10-10,-0.013419073884912187,-0.009848851664636638,-0.15961028682832265,-0.07585974612842505,1.0907559678795455,0.007472669571045818,-0.005641739188979238,0.2763582839046803,0.32825040128410915,7.1284959456800365,1.015593047601429,0,0,-0.019068794493195606,-2.890339279248347,0.484651577857261
2025-10-11,-0.07585991699561684,-0.07828234451765696,0.07151404360113742,-0.019068794493195606,-0.5934846271315639,0.0,0.0,0.0,0.2425249169435216,5.71042701737487,-0.4636952110116009,1,1,0.0382523481182313,-0.9802927117345478,4.528400903294066
2025-10-12,-0.019068705820663747,0.021368698761172478,3.167118194243957e-05,0.0382523481182313,-0.09439894984215885,0.0,0.0,0.0,0.07142857142857142,4.948759890378168,-1.2371904487138075,1,1,0.001800762507920933,-1.1745061084252042,0.8704356368070796
2025-10-13,0.03825243510591339,0.0016726954533614652,0.036310214151324655,0.001800762507920933,-0.3576263618021841,0.03283124863445809,0.0029255333464246066,-0.1294505171378362,0.4483906770255272,6.804614520062624,0.4414628613937419,0,0,-0.01873775155179968,-4.711312442321688,0.21160930309878978
2025-10-14,0.0018006755202387783,-0.0047875008291619866,-0.03356730083104398,-0.01873775155179968,0.3456193814334257,0.007299414410765657,-0.002218572830600696,0.08941689735171127,0.12921348314606743,6.792344427470809,0.29250911320122036,0,0,-0.020241502815851853,-2.566664967724689,0.5155400907710121
2025-10-15,-0.018737840025346536,-0.01569844367507759,0.0027087231941702256,-0.020241502815851853,-0.32676890496226985,0.009187545165353398,-0.0026284096310434397,-0.008202703699968842,-0.08222811671087533,6.626717749249025,0.08415624700065491,0,0,-0.023466811492917763,-3.0583764315230266,1.094685114515793
2025-10-16,-0.02024141434230504,-0.014450052578403988,-0.02515861745383531,-0.023466811492917763,0.26151852658109587,0.02443046188439831,-0.004057227649507828,0.20396864241431076,0.20845481049562684,6.532334292222349,-0.023869445993481623,0,0,-0.016425222998888867,-4.408417081217424,0.9618796655224869
2025-10-17,-0.0234669039192499,-0.024794865982850873,-0.036967217989861696,-0.016425222998888867,0.23907120688450928,-0.02132293911227755,0.0004064720672707441,-0.1972085347417192,-0.058653846153846154,6.947937068614969,0.43501841586027057,0,1,0.007053129818340636,-0.1029170510670393,0.9978268247478685
2025-10-18,-0.016425130572556686,-0.016065751406635034,0.02662977730261515,0.007053129818340636,-1.2264643954711059,0.0,0.0,0.0,-0.29545454545454547,5.983936280687191,-0.5505041075816416,1,1,0.013508845814879343,-1.0142693413710018,2.0912056760379905
2025-10-19,0.007053036521708494,0.01798691833124177,-0.002060393084698898,0.013508845814879343,0.3305598683405181,0.0,0.0,0.0,0.4013840830449827,5.66988092298052,-0.8960174055778274,1,1,0.017240633452995615,-1.1481607097963382,2.7801228437964185
2025-10-20,0.013508847066734704,0.020398017492463675,0.012169932130625975,0.017240633452995615,0.21497686119177842,0.03436764429162454,0.0016241607005587312,-0.13092245513454456,0.5380774032459426,6.687108607866515,0.14380076338558692,0,0,-0.02042224657419341,-2.8059533472635247,3.0892562356889357
2025-10-21,0.0172407254977727,0.02033196737192056,0.0006627070783237136,-0.02042224657419341,0.6624929746081575,-0.059062035540049886,0.0034427329777827467,-0.019945187445519826,0.08742514970059881,6.728628613084702,0.196762365376426,0,0,-0.006765639759505252,-1.5174713587774071,0.7966599900414673
2025-10-22,-0.020422338912287678,-0.04334820903066791,-0.007537426689332311,-0.006765639759505252,-0.2632778844377327,-0.01064926865576389,-0.00030327836272713623,0.04003822509368809,0.09799789251844046,6.856461984594587,0.2849260764208266,0,1,0.02307284091421478,-0.06271521361900728,3.4053844530514876
2025-10-23,-0.006765454456481,0.01932160487059491,0.007781921692078807,0.02307284091421478,-0.48741480552391736,0.019854040473195667,0.00040437641801720285,-0.07245514382509456,-0.18417639429312582,6.648984550024776,0.060335151026207755,0,1,0.008383413777914583,-0.34413821792390165,1.8244913094121948
2025-10-24,0.023072838793805818,0.0072639094778216805,0.020258610871165594,0.008383413777914583,-0.1579741715890864,-0.0017225098547725875,0.00010101073197513674,-0.055256014753595165,0.3319039451114923,7.062191632286556,0.44948536280370943,0,1,0.005761315360732372,-0.29956118581544194,0.8417256070459718
2025-10-25,0.008383413019510646,-0.0014442432457476514,0.008829184098999118,0.005761315360732372,-0.8508524345335117,0.0,0.0,0.0,0.4495798319327731,5.476463551931511,-1.1087646601279262,1,1,0.025757896011683146,-0.34617205375389565,3.3647472997145496
2025-10-26,0.005761225274615043,0.03099153228741835,0.005295206681347865,0.025757896011683146,0.7417696247436668,0.0,0.0,0.0,0.30246913580246915,5.093750200806762,-1.467963746657131,1,0,-0.003951164697453273,-0.6387270581027968,1.5939069528884915
2025-10-27,0.0257579833026394,0.008049492543422705,0.022832345968194227,-0.003951164697453273,0.46642353966525996,-0.028695490766858036,-0.0017194984524790905,-0.03607361679793433,0.5045045045045045,6.09807428216624,-0.3844390815392784,0,0,-0.010653558973310539,-1.6761273572246747,1.718899465982525
2025-10-28,-0.003951251988409566,-0.00270123956651301,-0.014325167688672006,-0.010653558973310539,-0.3233854634201408,-0.008960778782097539,-0.0009114938326349186,0.03912328281902929,0.36314363143631434,5.91350300563827,-0.4617915274057871,0,0,-0.025814849578232026,-3.3307678786883907,0.6579637299302911
2025-10-29,-0.010653647548489797,-0.021262916333832985,-0.027199964187947706,-0.025814849578232026,0.305961127973119,0.004402578266743398,0.005355970253849993,0.029996250016490023,0.28852459016393445,5.723585101952381,-0.48135581053576676,0,0,-0.015557495821203146,-3.436778015926842,1.417547027047766
2025-10-30,-0.02581467011155766,-0.01821901660705744,-0.026874950950616608,-0.015557495821203146,0.20935562315792194,0.004408297096619672,0.00311947481739951,-0.0005912048002166111,0.15282392026578073,5.71042701737487,-0.34833461201919125,0,1,0.011794059086766558,-0.04395235930563387,2.612405301690459
2025-10-31,-0.01555767902930292,-0.003608913074776214,0.01837076074500886,0.011794059086766558,-0.1887674753053113,-0.0047849023856938715,0.002709119902856396,0.030861295216443967,0.13503649635036497,5.616771097666572,-0.08731546699896656,0,1,0.004461330755654716,-0.19470075074882612,0.868851484242425
2025-11-01,0.011794151403371091,-0.005641479087713663,0.010286575172334418,0.004461330755654716,-1.0703283426351897,0.0,0.0,0.0,0.2976190476190476,5.1298987149230735,-0.542462708703221,1,1,0.004011811464844439,-0.5709006702561248,1.0408224393311458
2025-11-02,0.004461330755654716,0.006181040306541862,0.0006993315605818388,0.004011811464844439,0.4952129195340934,0.0,0.0,0.0,0.26229508196721313,4.812184355372417,-0.8424349347230293,1,0,-0.03645919836858115,-4.850788261040966,0.1891810919726003
2025-11-03,0.004011901929273952,-0.004504602008740991,-0.03878706444300399,-0.03645919836858115,0.8624575605609419,0.0045349523774452045,0.0007011538604622097,-0.015602769750574097,-0.026119402985074626,5.594711379601839,0.0374738389776728,0,0,-0.048892990692747336,-7.436672769692137,0.6694930291794521
2025-11-04,-0.036459195009457275,-0.031656078996512696,-0.062318043455092814,-0.048892990692747336,0.5664222373070642,-0.013236252040332198,0.0034984139551978697,0.10127529981361154,-0.09863013698630137,5.902633333401366,0.3486002794372273,0,1,0.02325464931597804,-2.5246968588525576,2.948804740606612
2025-11-05,-0.048892985991439604,-0.026099873578475808,0.00022676841564845903,0.02325464931597804,-0.40283099977322345,0.008224087134207535,-0.00019962351771395684,-0.05351180726997863,0.021447721179624665,5.924255797414532,0.3332602424277202,0,0,-0.02474525864647728,-3.5110891751889515,0.302607105909816
2025-11-06,0.023254550791116785,-0.0032073270309899552,0.013390726152613885,-0.02474525864647728,-0.26889161573487175,-0.0001005367923334668,-0.0047015901201047285,0.07948729367323931,0.13131313131313133,5.697093486505405,0.10755414431965733,0,1,0.0194748205542768,-2.078946537748278,2.677620901741163
2025-11-07,-0.02474525864647728,-0.0009951206881636768,-0.010423832272070443,0.0194748205542768,0.21665279318569056,0.004887656635851291,-0.0013044188035114378,-0.021773803548195268,0.1394422310756972,5.529429087511423,-0.04832931592545796,0,0,-0.009979464496075391,-1.8410126383620846,0.06494948360151795
2025-11-08,0.019474917323083842,-0.006651893627119727,0.021854159548138637,-0.009979464496075391,-0.9506412095815436,0.0,0.0,0.0,0.12258064516129032,5.049856007249537,-0.5232822786934992,1,1,0.02328223138207566,-0.8963064514809734,3.0633279794713517
2025-11-09,-0.009979463525539883,0.020004320462622772,-0.0005324026272643013,0.02328223138207566,0.276600475155639,0.0,0.0,0.0,0.2288135593220339,4.77912349311153,-0.793835782848554,1,1,0.012225701545984949,-0.4382460014504703,1.8422600800666027
2025-11-10,0.023282038152684776,0.011071552388028183,0.02786283588238076,0.012225701545984949,0.32802986629131503,0.027716515886168476,0.00020082594524243618,-0.08074173830298362,0.30250990752972257,6.630683385642372,0.8276765638011973,0,0,-0.028242545864333283,-3.3914585525453034,1.3946758967764463
2025-11-11,0.01222579703603294,0.007749859713083347,-0.01730642396496355,-0.028242545864333283,0.06462531434503505,-0.0012167524528548244,-0.001607431134113567,-0.018349120606183555,0.10630407911001236,6.697034247666484,0.7187231074038455,0,0,-0.013723012931130311,-2.2028374757372173,2.1828350537612544
2025-11-12,-0.028242448832531238,-0.020360954294485187,-0.01635633509625234,-0.013723012931130311,-0.16785193043757887,0.02348748385555354,0.00020110859840013023,0.01322235625691449,0.06143001007049345,6.901737206656574,0.7210098246244285,0,0,-0.019492896160439244,-3.660696950959446,2.3629439290450818
2025-11-13,-0.013723109962932288,-0.01192192417829199,-0.028301607683352492,-0.019492896160439244,0.5706615335980276,-0.004170992761122764,-0.0030202685420353567,0.13296011418473802,0.22188905547226387,6.504288173536645,0.2191890760079799,0,0,-0.052491584544810524,-5.865841333583992,0.17438540095391206
2025-11-14,-0.01949279585151293,-0.04137848144135092,-0.04154433998668471,-0.052491584544810524,0.2672417313151315,-0.024002555332014903,0.0009069926474588239,-0.008536334869686694,-0.18837675350701402,6.214608098422191,-0.1350332702515093,0,1,0.01053943964071668,-0.037546426607614675,2.3535060352053194
2025-11-15,-0.05249168485373686,-0.030700378202296378,0.005791364524953207,0.01053943964071668,-1.1408436911228925,0.0,0.0,0.0,0.17333333333333334,5.420534999272286,-0.9488962059042727,1,0,-0.014061290467363924,-2.7474319947971986,1.0808644000753953
2025-11-16,0.010539335034086593,-0.0021869767105826055,-0.01655941604117919,-0.014061290467363924,0.4580191247015949,0.0,0.0,0.0,-0.12048192771084337,5.117993812416755,-1.2647391595360595,1,0,-0.02194787294779212,-3.2798026989038145,1.872380957718531
2025-11-17,-0.014061079772820525,-0.006146124890932541,-0.01938499750843012,-0.02194787294779212,0.4957160151961371,-0.0047327908648018505,0.0032183443862534504,0.12097172670021604,-0.026499302649930265,6.576469569048224,0.20811459531371287,0,1,0.008053896310369823,-3.2640552620736027,1.7424358934867805
2025-11-18,-0.0219479790357053,-0.023247323590109503,-0.021790398579489986,0.008053896310369823,0.015598555777751577,-0.0017221023533426794,-0.00040166000595644977,0.09823065960309084,0.07847082494969819,6.210600077024653,-0.07873732555131603,0,0,-0.015238773937443459,-4.7956074646618845,0.020856072470576494
2025-11-19,0.008053896310369823,-0.009161901899792158,-0.007261625715513097,-0.015238773937443459,-0.21009618233093444,0.004029960569867122,0.006807517363345193,-0.042612472886562745,-0.15074626865671642,6.508769136971682,0.30967045564433726,0,0,-0.055209816891895,-6.143003626404163,1.7378997318413518
2025-11-20,-0.015238773937443459,0.0019316626562642537,-0.028712735554866177,-0.055209816891895,0.20753342890849266,-0.0052125591455094164,-0.0006986346146965667,0.1103354498808654,0.13694267515923567,6.849066282633458,0.5735123236990087,0,0,-0.017556826574241523,-7.223098129324926,0.9897048198644034
2025-11-21,-0.05520993231572112,-0.06269176601166436,-0.06601076192110254,-0.017556826574241523,0.598030246312196,0.004967292782076356,0.00019962706136399537,-0.12010403643720817,-0.20959595959595959,7.368339686311381,0.8370392128993753,0,0,-0.004588127246522274,-1.9326172374780515,0.574609648520971
2025-11-22,-0.01755682861861151,-0.02170777828767587,0.03534798234422714,-0.004588127246522274,-1.6274025295390075,0.0,0.0,0.0,0.30472103004291845,6.1463292576688975,-0.43546232456476003,1,1,0.024367507087485724,-0.08520294002190286,3.9201541145457783
2025-11-23,-0.004587891769946515,0.02886731741372584,0.01388601572803932,0.024367507087485724,0.3295519642789984,0.0,0.0,0.0,-0.5191082802547771,6.444131256700441,-0.22478006408807527,1,1,0.016788036787637094,-1.8106036685718134,2.7242707601981624
2025-11-24,0.02436738907910623,0.012408673544009497,0.007113499801986685,0.016788036787637094,0.22294277475917113,0.0037215603622990662,-0.0003993701689292362,-0.13261722293396586,0.1144578313253012,6.7226297948554485,0.03378285731472891,0,0,-0.010588704373343843,-2.5044996261108468,0.24881813538310846
2025-11-25,0.016788036787637094,-0.007966489460513437,0.00984907721224684,-0.010588704373343843,-0.23146275848894457,0.01149319363831883,-0.004804771207528,-0.10039134402734166,0.072265625,6.240275845170769,-0.4519851237411041,0,1,0.035021744042270514,-1.2243474197350601,3.6921489617629115
2025-11-26,-0.010588589917535285,0.023844603890454424,0.002212817690414064,0.035021744042270514,0.10235088954629752,0.006261760929431564,-0.0006022803288050176,-0.07668084812071645,0.15051546391752577,6.186208623900494,-0.4727612373888161,0,1,0.009349308992866888,-0.436508886726703,1.6071690521212538
2025-11-27,0.03502151906970374,0.014171944945853764,0.042900129372354164,0.009349308992866888,-0.2528259616033229,0.0,0.0,0.0,0.35731414868105515,6.035481432524756,-0.5224738600944883,0,0,-0.00486488380362324,-1.2707910525504442,1.906568196043392
2025-11-28,0.009349310021307308,0.012343300432088452,0.0010064873346295254,-0.00486488380362324,0.11212551758695267,0.012667816416397979,-0.001406605188870993,-0.050099929787937765,0.048582995951417005,6.20455776256869,-0.10269647284549113,0,0,-0.0009715282254700339,-0.812206125976077,0.3020495676637832
2025-11-29,-0.004864664293053885,-0.020910070087419387,-0.00027903453787954147,-0.0009715282254700339,-0.9299869202782723,0.0,0.0,0.0,0.3575418994413408,5.19295685089021,-1.0399974840645732,1,0,-0.004884465893088772,-0.5140142665914941,1.310252825179527
2025-11-30,-0.0009716382477215613,0.009110504349687399,0.00201039036837592,-0.004884465893088772,0.2653512496861074,0.0,0.0,0.0,0.16379310344827586,4.762173934797756,-1.3178071675182825,1,0,-0.04613421557385573,-7.509712194276304,0.06306112159061922
2025-12-01,-0.004884355224657612,-0.01735638292897783,-0.0748414451699368,-0.04613421557385573,1.2703591659345308,0.004965958221290471,-0.0005027950191184382,0.05300433128459449,-0.22195121951219512,6.018593214496234,0.09381304323549329,0,1,0.0562410040171468,-0.11784052424004912,6.745954395516965
2025-12-02,-0.046134326242286944,0.020694717165407838,0.027784501126506708,0.0562410040171468,-0.20153593202448758,-0.01250914319860585,-0.0005031247344953009,-0.03843213855940299,0.34452296819787986,6.340359303727752,0.3957947030782488,0,1,0.023303477601614594,-0.3156341927386604,3.0980775060067893
2025-12-03,0.0562410040171468,0.01976223512204492,0.05426306733216046,0.023303477601614594,-0.09270632279068747,0.0030288262173034956,-0.005146090147679137,-0.03122385439376344,0.2978723404255319,6.249975242259483,0.2933164105476721,0,0,-0.014575262088996607,-2.7572975885040187,0.6933526505608658
2025-12-04,0.023303477601614594,-0.0007437709528446524,-0.0011131563560388916,-0.014575262088996607,-0.26109732273049735,0.0029722651693542806,0.0014152791711311394,-0.018832960510421614,0.4024390243902439,5.796057750765372,-0.1281817428742333,0,0,-0.030298870064162046,-4.466371983462102,0.6649357222700485
2025-12-05,-0.014575262088996607,-0.014859431371904711,-0.031666006038577325,-0.030298870064162046,-0.0005540033054719637,0.00026116008896670296,0.0,-0.023726659065600814,0.06984126984126984,5.755742213586912,-0.0975751864320024,0,0,-0.001044426991022257,-0.47355857932180645,1.0688554565073944
2025-12-06,-0.030298870064162046,-0.02625967272178859,0.009629263977240968,-0.001044426991022257,-0.8559648960787428,0.0,0.0,0.0,0.1329479768786127,5.159055299214529,-0.694385059812711,1,1,0.012898987020788722,-1.7151682918861642,2.7883074320587875
2025-12-07,-0.0010443149296241719,0.01615009276449173,-0.01346052411666586,0.012898987020788722,0.4372099904682944,0.0,0.0,0.0,0.21481481481481482,4.912654885736052,-0.9502063927903359,1,1,0.002640784411958209,-0.870314593663313,2.0712526360501036
2025-12-08,0.01289898558459305,0.005728439060701828,0.021347524003017246,0.002640784411958209,0.19303522712220494,-0.006118924040939417,0.001009677761950988,0.07799398814961006,0.39372822299651566,5.662960480135946,-0.14436104145601836,0,1,0.02230658176977993,-1.2594544652464452,4.270791457331196
2025-12-09,0.002640784120206342,0.024636172624769095,-0.0012506143038731813,0.02230658176977993,0.29629919177915937,0.0046462393338665645,0.0013111280624961959,0.016076586591024407,0.35555555555555557,5.755742213586912,0.06317890162470616,0,0,-0.007184123390461821,-1.2110853540756117,1.920608228727648
2025-12-10,0.022306579335864725,-0.0011952505162556853,0.02279027288148835,-0.007184123390461821,-0.11153690082504389,-0.002451547168984526,-0.004343224852105771,-0.07097778416833754,0.33933933933933935,5.811140992976701,0.21183917584535727,0,1,0.005397654393828906,-3.0395111103662726,1.6593870333603318
2025-12-11,-0.007184122612506992,-0.009796335344134832,-0.02546838095336844,0.005397654393828906,0.04999116563779459,0.021010239753042382,-0.0044638650035066525,-0.06010953906554096,0.06741573033707865,5.5909869805108565,0.023823541442716204,0,0,-0.024565606595954068,-3.333814608449231,0.25975445358307625
2025-12-12,0.005397545716338874,-0.008598671403943704,0.002454619412999324,-0.024565606595954068,-0.18019877646961033,0.003401069596484952,0.0005082902448220087,0.05820533751093889,0.22522522522522523,5.407171771460119,-0.10844455819028317,0,0,-0.0003147775451217187,-0.5577047030385164,0.40478108227071236
2025-12-13,-0.024565495815246457,-0.02311534030907765,0.0031954924581530657,-0.0003147775451217187,-1.0399373277191772,0.0,0.0,0.0,0.11764705882352941,4.787491742782046,-0.7003242448519055,1,0,-0.023181518223391553,-2.9950381514891733,0.25719332513121834
2025-12-14,-0.00031499914142594094,-0.0017906551165166001,-0.024688112029628364,-0.023181518223391553,0.4682855910943416,0.0,0.0,0.0,0.07407407407407407,4.912654885736052,-0.5741729595260013,1,0,-0.019932477149059748,-3.4916433788678396,2.110300789636064
2025-12-15,-0.02318152082227215,-0.004650443578343312,-0.028147570497178177,-0.019932477149059748,0.7420949922512765,0.001533693992035725,-0.002543883296239742,0.047155152458690654,-0.08080808080808081,5.697093486505405,0.20834261270547752,0,1,0.016424660160555687,-1.3583121355114631,1.997568712887066
2025-12-16,-0.019932363734582507,-0.021059797916549754,0.0014008352845039742,0.016424660160555687,-0.06921295232575994,-0.0005110078294488002,0.0,-0.0012128842021314815,0.06948640483383686,5.805134968916488,0.3072948170461364,0,0,-0.018612119227458226,-2.944499571115732,2.8082867186599096
2025-12-17,0.01642477397355569,0.02453184021828409,0.0005627858045128938,-0.018612119227458226,0.0720113111042532,0.009939980130428714,0.002238971176730493,0.06688717143322019,0.030120481927710843,5.808142489980444,0.3108984373121256,0,0,-0.00846315677488792,-2.101168245892728,3.6816982259919593
2025-12-18,-0.018612117089321256,-0.009878004154137672,-0.01017880597522811,-0.00846315677488792,0.24755889347137555,-0.0018418331441386099,0.0006097312959566589,-0.04349772183265853,0.1037037037037037,5.602118820879701,0.10242538000576717,0,1,0.030183453965176642,-0.47609299860545734,4.441205925783883
2025-12-19,-0.008463272726024889,-0.0008680797769686938,0.007787595697984761,0.030183453965176642,-0.17829265432777663,0.005033950243312225,0.001725607391589653,-0.12350482776224771,0.05725190839694656,5.572154032177765,0.04917191642067955,0,1,0.0025378227881089903,-0.387853341303892,0.49361197538881224
2025-12-20,0.03018356742497504,-0.009292485538774013,0.03106585053819239,0.0025378227881089903,-1.422903830406601,0.0,0.0,0.0,0.19130434782608696,4.7535901911063645,-0.7719468799851891,1,1,0.003366407020219751,-0.8648109541143318,0.8125147867349164
2025-12-21,0.0025378225005334653,0.005726850901570207,-0.002231753339995399,0.003366407020219751,0.3309480806186018,0.0,0.0,0.0,0.05263157894736842,4.74493212836325,-0.7685521987529587,1,0,-0.00042949092673883664,-0.859616643347769,2.1528321785289615
2025-12-22,0.0033664066398762355,0.016769580938160094,0.0034183501278852156,-0.00042949092673883664,0.7213100035082562,0.018896813791643464,-0.0031489442400540555,-0.057276773231425014,0.20168067226890757,5.476463551931511,0.0024038473155960894,0,0,-0.012887699635666881,-2.304472491634744,0.35955048846803056
2025-12-23,-0.00042960371861802156,-0.0183623078273482,-0.014878049409608515,-0.012887699635666881,-0.05339238261294778,0.008557909489307347,-0.003567230691348937,-0.0056980156960337435,0.03278688524590164,5.501258210544727,0.08106782309287998,0,1,0.002094711492890748,-1.2259650058416092,0.6424805089055559
2025-12-24,-0.012887699635666881,-0.010058399431291646,-0.0021026247777356545,0.002094711492890748,-0.4198790255398356,-0.0004908198003828014,0.00040833927010335686,-0.03859231936902124,-0.032407407407407406,5.37989735354046,0.03568200822132223,0,0,-0.005079409544226788,-0.8415999877675097,1.0476420889313711
2025-12-25,0.002094597428064846,0.006146327293149098,0.005938361673631845,-0.005079409544226788,-0.25313932603842676,0.0,0.0,0.0,0.025,4.795790545596741,-0.44361687406420724,0,1,0.00165285573288968,-0.6558441408754665,2.650123964286053
2025-12-26,-0.005079295479400736,0.010945409209320127,-0.0032218510753064707,0.00165285573288968,0.9497227646659252,0.010766277995574931,0.000408094762120937,0.00960481054501314,0.057803468208092484,5.159055299214529,-0.0074043941684296235,0,1,0.00579128502519536,-0.1334420752145451,0.7008041521701843
2025-12-27,0.00165285573288968,-0.017840342388269006,0.0068768763894990195,0.00579128502519536,-1.4120479922225326,0.0,0.0,0.0,0.04,4.836281906951478,-0.3405455620008488,1,1,0.0008610604018155715,-0.5042563103329418,0.24066057191517548
2025-12-28,0.005791171229783199,0.0011898492226450985,0.0020831426740113347,0.0008610604018155715,-0.005217399876301419,0.0,0.0,0.0,0.03333333333333333,4.795790545596741,-0.3862337461719435,1,0,-0.00816924063180667,-1.311778001556273,2.7512238102904933
2025-12-29,0.000861174197227734,0.02596669278556885,-0.0072141565104177395,-0.00816924063180667,1.4983970460493468,-0.04608798173882948,0.00020406276425030386,0.04317213038393171,0.14563106796116504,6.023447592961033,0.7155885150350529,0,1,0.014208540730604829,-0.4497522815188095,2.4490639140507304
2025-12-30,-0.00816924063180667,-0.011190839594204253,0.00045101656856802886,0.014208540730604829,-0.41740445334530574,0.010350630404542907,0.0020378746555989903,0.009113285340826614,0.10772357723577236,6.20050917404269,0.7310215298544137,0,0,-0.009507280651887915,-1.4061022687029558,0.8042455816397451
2025-12-31,0.014208653743477654,-0.0022396425935047983,0.004645040858763336,-0.009507280651887915,-0.1256317546550889,-0.010235032825325435,0.0004070925784966296,0.04235605056250149,0.16666666666666666,5.802118375377063,0.2651386723538432,0,1,0.013494889906895059,-0.11163329187239097,1.4399600624055764
2026-01-01,-0.009507507757215455,-0.0031501358442299044,0.003437409116417737,0.013494889906895059,-0.6101298010216961,0.0,0.0,0.0,0.17857142857142858,4.727387818712341,-0.8109302162074002,0,1,0.012929364730521834,-0.5181851096152921,2.3613555076368016
2026-01-02,0.013495116562468948,0.022708844359207433,0.00942937172946596,0.012929364730521834,1.018994507548121,-0.0025926392560806856,0.0014234816010226063,-0.029873204408338686,0.027210884353741496,4.997212273764115,-0.524147569984485,0,1,0.00700776866128145,-0.7597195280007834,0.8255500176837788
2026-01-03,0.012929363284520169,-0.002428690169008374,0.010514020546666836,0.00700776866128145,-0.9022099982154272,0.0,0.0,0.0,0.038834951456310676,4.6443908991413725,-0.8671121427532497,1,1,0.009900511123453195,-1.1034116873888166e-05,1.2957897739232105
2026-01-04,0.007007657544163757,0.011710166223675824,0.01460485360012036,0.009900511123453195,0.39026726280459,0.0,0.0,0.0,0.5641025641025641,4.3694478524670215,-1.120352275291695,1,1,0.025137383113592964,-0.01630204324372381,3.4990375212865805
2026-01-05,0.009900620377566213,0.031932988597086855,0.009737601032184693,0.025137383113592964,0.6845038320295213,0.027997669976117596,-0.0015252586193086073,0.026523104679246158,0.43805309734513276,5.424950017481403,0.06125693293898678,0,0,-0.0011912093706725466,-2.8056430025478676,0.6210504435895601
2026-01-06,0.02513727385947997,-0.003642487663377309,-0.002756026479448487,-0.0011912093706725466,-0.108580636449708,0.010158128512449065,0.003149661637507837,-0.010118104563589088,0.4777327935222672,5.5134287461649825,0.3300153941766279,0,0,-0.025756732261084898,-3.3322591363202543,0.0
2026-01-07,-0.0011912093706725466,-0.0074017138065680926,-0.006457370708396467,-0.025756732261084898,-0.26166254042321546,-0.007367304357957669,0.0010138749022024207,0.04182488873256102,0.3141592920353982,5.424950017481403,0.3285391848848418,0,0,-0.0028955845252425483,-2.2728618434127457,0.3538121107200562
2026-01-08,-0.025756732261084898,-0.0222186111538845,-0.015162759332009801,-0.0028955845252425483,0.12223977343446128,8.998553214307117e-05,0.0025302376661600922,0.004541019480065979,0.12953367875647667,5.267858159063328,0.1019942002380779,0,0,-0.005047956075853812,-1.5546458976333632,1.0727762843917097
2026-01-09,-0.0028954747557525195,0.004294057211474115,0.004286574932551156,-0.005047956075853812,-0.034206315312145484,0.009082749101682023,0.0020195599180394845,-0.06415025046171281,0.13541666666666666,5.262690188904886,0.060578119926682425,0,0,-0.0015079553615388976,-0.2621224213731839,0.21019080078016028
2026-01-10,-0.005048176170358605,-0.01367381091196926,0.007877278686747995,-0.0015079553615388976,-1.613918238229194,0.0,0.0,0.0,0.23300970873786409,4.6443908991413725,-0.5621882638669627,1,1,0.005607712208944919,-0.29733225328526663,0.8572537712954149
2026-01-11,-0.0015078450365241633,0.0049626743436135354,-0.0018600536806598021,0.005607712208944919,0.567852959867408,0.0,0.0,0.0,0.3333333333333333,4.248495242049359,-0.9556706933610783,1,1,0.003099670437196053,-0.9773731181856038,1.6414801671425239
2026-01-12,0.005607822082567896,0.013449976167416177,-0.0011926964400583596,0.003099670437196053,1.0836930088370138,0.025071135876622564,-0.00272737828522419,0.04255962264580009,0.24736842105263157,5.25227342804663,0.08632808349376028,0,1,0.04411615250637421,-0.27809778277989455,5.538202782590246
2026-01-13,0.0030995605635730427,0.04206689659167321,0.010092423791253089,0.04411615250637421,0.35215387115892155,-0.003284847544970745,0.0027273782852241823,0.05531954850954804,0.22317596566523606,5.455321115357702,0.301884225338175,0,1,0.01598842328794414,-0.8998378795943168,2.5971353259389565
2026-01-14,0.044116047699946294,0.01470547793986106,0.037898751538230066,0.01598842328794414,-0.007395191085925532,0.008051610829708839,0.0,0.047060346578984245,0.5575221238938053,5.424950017481403,0.2713807710448933,0,0,-0.01399071349755265,-1.8922271938918416,0.24884491008846818
2026-01-15,0.0159885280943721,-0.007494480870560595,0.006064530144969041,-0.01399071349755265,-0.05053289002537509,-0.002163894212595402,0.0019148652293785714,-0.055859862251721834,0.5231481481481481,5.37989735354046,0.207232447178073,0,0,-0.0005635195827788953,-1.3811193895878067,0.2785412233210071
2026-01-16,-0.013990608900299465,-0.013693750365227273,-0.008879635454512183,-0.0005635195827788953,-0.6654741339993394,-0.0060621179774391735,0.000704541271624515,0.0012617985402639538,0.22119815668202766,5.384495062789089,0.19171378140751522,0,0,-0.004228351630570454,-0.5554537567508967,0.09258834225194232
2026-01-17,-0.0005636241800320242,-0.0024230483934696064,0.007693136745590205,-0.004228351630570454,-0.9588867624873397,0.0,0.0,0.0,0.1782178217821782,4.624972813284271,-0.5714668857535702,1,0,-0.015619668190674642,-1.6236256924072985,0.4020901490341921
2026-01-18,-0.004228351630570454,-0.0011333335627480025,-0.014910070987134531,-0.015619668190674642,0.47668212622754297,0.0,0.0,0.0,0.4125,4.394449154672439,-0.8133083386087961,1,0,-0.011187629751686884,-1.899947518848207,0.0
2026-01-19,-0.015619668190674642,-0.01964056968101655,-0.01838288645508374,-0.011187629751686884,0.7291243697331435,0.0,0.0,0.0,-0.09223300970873786,5.332718793265369,0.11995251627090593,0,0,-0.046439042216747994,-5.246978898931191,0.25768069416912265
2026-01-20,-0.01118773770691291,-0.00861082280999562,-0.04465794355251673,-0.046439042216747994,0.43142867846083105,0.036632293474919336,-0.007574646170517677,0.23642199186244148,-0.12162162162162163,5.407171771460119,0.20339139593492594,0,1,0.011547870630407164,-1.3252195936066165,2.3982379516605765
2026-01-21,-0.046438934261522014,-0.025033469641833516,-0.007221449163502236,0.011547870630407164,-0.06523499231545865,0.015055377008505682,0.0012158334390808274,-0.17290858706520473,-0.05054151624548736,5.627621113690637,0.3852985025289474,0,1,0.0011724197832196023,-1.055647800890784,1.0068893671474084
2026-01-22,0.011547870630407164,-0.0023656152147243908,0.01424358855756561,0.0011724197832196023,-0.6442354934739349,0.015810444337397162,-0.00405846255422783,-0.07748184228810683,0.16593886462882096,5.438079308923196,0.1851953015135853,0,1,0.0004531147192842445,-1.101752305676707,1.842376566032697
2026-01-23,0.001172531440614466,0.00952729177207263,0.0007113747353603701,0.0004531147192842445,0.25131319713408395,0.013637113842028292,-0.007756745768232539,0.02836621341894342,0.019305019305019305,5.560681631015528,0.2772567379764175,0,0,-0.004193141802223088,-0.490238466981747,0.3977892013224022
2026-01-24,0.00045300306188933713,-0.013992758927818767,0.006568253106233851,-0.004193141802223088,-1.1918279466519537,0.0,0.0,0.0,-0.044585987261146494,5.062595033026967,-0.26327376884396225,1,0,-0.029053123136142035,-3.594932371792415,0.10506067046145733
2026-01-25,-0.004193141802223088,-0.007120427110832617,-0.03524008085032979,-0.029053123136142035,1.2276572302154785,0.0,0.0,0.0,-0.08333333333333333,4.6913478822291435,-0.6567795363798111,1,1,0.019161191027651143,-0.18562196030878705,2.495014068373878
2026-01-26,-0.029053123136142035,-0.005153589157017826,0.00503998097869426,0.019161191027651143,0.2082680820493487,0.02058565637353524,-0.005754203714711162,0.003722055560557878,-0.07657657657657657,5.407171771460119,0.05285245818281521,0,1,0.010168272808073633,-1.1873087152492503,1.3224214903428275
2026-01-27,0.019161191027651143,0.0074352652473405915,0.009144323478246596,0.010168272808073633,-0.3027658714242494,3.931395514705028e-05,-0.008486025112438676,0.012307894626495038,0.06694560669456066,5.480638923341991,0.11517138622626971,0,1,0.0005599552406158251,-0.4675901000357612,1.5012792389185134
2026-01-28,0.010168160763249367,0.011956850293830684,0.017365458960208368,0.0005599552406158251,0.08795810092898596,0.04271712307880896,0.002387458753018626,0.0,0.17786561264822134,5.537334267018537,0.18832485964380435,0,0,-0.05347437718715272,-6.85529666102751,0.05374815709460358
2026-01-29,0.0005601792675289489,-0.013915355577623228,-0.06331711036930161,-0.05347437718715272,0.7529666699820454,0.0031638076649501356,-0.001764107474717236,0.0319015187754475,-0.24015748031496062,5.541263545158426,0.17537163531408065,0,0,-0.00461392684575843,-4.262211400662109,0.10105918170454159
2026-01-30,-0.05347448916924174,-0.05300126694105345,-0.02754352458349867,-0.00461392684575843,0.14545374019813292,-0.1206569177115754,0.007347258143992739,0.03263700965321155,-0.2683982683982684,5.44673737166631,0.09940016506017889,0,0,-0.06774794341998952,-10.687206618224804,0.011309524916480651
2026-01-31,-0.004613808166180351,-0.0055114234136390316,-0.06886387902138541,-0.06774794341998952,0.1151672489363295,0.0,0.0,0.0,-0.35947712418300654,5.0369526024136295,-0.3098436442480975,1,0,-0.02277264898561169,-3.9386968004060523,0.863546113467827
2026-02-01,-0.06774793510107958,-0.0592255775344759,-0.00026284524180195514,-0.02277264898561169,-0.44152409646225366,0.0,0.0,0.0,-0.4444444444444444,5.147494476813453,-0.24086364733134083,1,1,0.02274115286261672,-3.119835438665125,3.060198351476538
2026-02-02,-0.02277264606033833,-0.0008061266055246638,-0.014584035368202259,0.02274115286261672,0.5095912733811352,-0.0195798858862585,0.006372095059649294,-0.0651503503332419,-0.3086816720257235,5.7430031878094825,0.3004721381711893,0,0,-0.03842842483956077,-7.642104534469948,0.5676112222477969
2026-02-03,0.022740895936351483,-0.0021847184296705643,-0.022481538095431547,-0.03842842483956077,-0.07752591631830226,0.05905437776175919,-0.0017431244227657681,0.09675565912600367,-0.07027027027027027,5.916202062607435,0.39605010917626515,0,0,-0.03497669878289926,-5.259585515710379,1.5730275820078157
2026-02-04,-0.038428297837056785,-0.028374261241960748,-0.014603234651965153,-0.03497669878289926,-0.019221041678599515,0.0033997461243729043,0.001845589577375835,0.034938018617097645,-0.2006079027355623,5.799092654460526,0.23592572130560258,0,0,-0.15102560052391373,-16.00450322534592,0.23937432581513934
2026-02-05,-0.03497656210708602,-0.04831323134482596,-0.14242587587925465,-0.15102560052391373,1.0188386822298263,-0.012063365980342067,0.002046633396997335,0.15522311976046374,-0.3542168674698795,6.030685260261263,0.3833365455998403,0,1,0.11504759382534949,-4.735834595599437,13.150348287520094
2026-02-06,-0.15102557824214516,-0.02191586090686411,-0.03833891422644885,0.11504759382534949,-0.1386217652261126,0.018303568705588632,-0.0019442568864248637,-0.06646962483553287,-0.19248826291079812,6.056784013228625,0.31556555180424667,0,0,-0.01845885430431717,-4.759026535276252,1.5601742287139533
2026-02-07,0.11504743486776786,-0.0008541467627118756,0.11481567442858137,-0.01845885430431717,-0.7376532902458943,0.0,0.0,0.0,-0.15827338129496402,4.941642422609304,-0.7979422743136867,1,1,0.014912205705875922,-0.5809650305263264,4.213696757563659
2026-02-08,-0.018458998626588948,0.00807637098417978,0.023321760743181912,0.014912205705875922,-0.7256293273551218,0.0,0.0,0.0,0.0707070707070707,4.605170185988092,-1.1034107623565617,1,0,-0.0027391234992863328,-2.9176963380010603,1.584345492892396
2026-02-09,0.014912350028147692,-0.011381306940836713,-0.008455107368871506,-0.0027391234992863328,0.30819862135670406,0.01993641500519393,-0.008331213745460345,-0.15989452704748955,0.04609929078014184,5.645446897643238,-0.04264404178665378,0,0,-0.01866101963278177,-3.39025349593671,0.5539250873769405
2026-02-10,-0.0027391234992863328,-0.01304332755444082,-0.007464695078642705,-0.01866101963278177,-0.3583001831841565,-0.009368841148208894,-0.0002065555506028379,0.024467808750071016,-0.05673758865248227,5.645446897643238,0.0010136848343922098,0,0,-0.02588020693947351,-4.585278862567116,0.6538448941890566
2026-02-11,-0.018661164894451375,-0.017661821564660778,-0.030611273299085938,-0.02588020693947351,0.34328434604195407,0.013458784179660236,0.00030985672447881836,-0.007900791374484802,-0.10384615384615385,5.564520407322694,-0.044595087221462305,0,0,-0.012153452937677535,-2.972249464152869,1.9603110638446597
2026-02-12,-0.025880061677803937,-0.012815545242917474,-0.00974991295533102,-0.012153452937677535,-0.16821984337419446,-0.02959604886955879,0.0010321891194976615,0.16517828676271432,-0.047244094488188976,5.541263545158426,0.020455258665338805,0,1,0.038217689464747844,-0.604960215239433,4.731163617752057
2026-02-13,-0.012153452937677535,0.015555072601396661,0.011519439551456815,0.038217689464747844,-0.18142722791552107,0.01976794067778529,-0.0005160007584457258,-0.010622954215521119,-0.10550458715596331,5.389071729816501,-0.005228770078212015,0,1,0.013975012427655345,-0.18000632694732435,2.4475813561349775
2026-02-14,0.0382178346996665,0.015381866848577008,0.04246722834766892,0.013975012427655345,-0.11115720270666889,0.0,0.0,0.0,0.006024096385542169,5.117993812416755,-0.2951839830975515,1,0,-0.014285572925026392,-2.645504711208068,1.6477659463885772
2026-02-15,0.01397472397334103,0.005976858330191545,-0.010679971414951988,-0.014285572925026392,0.20741208727713734,0.0,0.0,0.0,0.07865168539325842,4.499809670330265,-0.9121086443778498,1,1,0.0008691232444626728,-2.2604465116004033,1.8625998812891578
2026-02-16,-0.014285284425600868,-0.01213723357602059,-0.010434990928949665,0.0008691232444626728,-0.36228385814868014,0.0,0.0,0.0,-0.1111111111111111,5.420534999272286,0.05279818557141523,0,0,-0.0203665579406587,-3.352555883087443,0.505409124389142
2026-02-17,0.000868977964432946,-0.012702784324537489,-0.010051970470407833,-0.0203665579406587,0.06084106353358305,-0.028088975078812035,0.0028860709310194427,-0.015162895353664012,0.07630522088353414,5.521460917862246,0.17648663377333743,0,0,-0.015564435209118136,-2.4496642014363355,1.4306787044892144
2026-02-18,-0.0203665579406587,-0.011113862139658013,-0.011337641124147665,-0.015564435209118136,-0.062345630170437864,0.020994975203204404,0.005542385987226216,-0.03357870204821983,0.02564102564102564,5.6131281063880705,0.2596468714946541,0,1,0.008132980025301773,-1.255451777113379,1.28420598647584
2026-02-19,-0.015564435209118136,-0.017029162389251895,-0.003622310965888457,0.008132980025301773,-0.06329248636993172,-0.0021280217137131566,0.0023514130362370924,0.030617131640092433,-0.016736401673640166,5.480638923341991,0.1368671524682225,0,1,0.015053637111473492,-1.0857079427830478,1.9430694145722613
2026-02-20,0.008132980025301773,0.014721614306266204,0.009830418368605145,0.015053637111473492,0.888291743546996,0.016621856057854087,-0.001328332604128921,-0.05800198282095596,-0.09433962264150944,5.3612921657094255,0.02111076016175969,0,0,-0.0006482546691270726,-0.7160534804912205,0.992834960165793
2026-02-21,0.015053490095900785,0.0055512925674088545,0.018750181734391854,-0.0006482546691270726,-1.4818130140253933,0.0,0.0,0.0,0.04878048780487805,4.820281565605037,-0.49325047893635293,1,0,-0.00490388304368946,-1.1629244993436465,0.39504993826637796
2026-02-22,-0.0006481076535543074,-0.006626104888121352,-0.00511696485765139,-0.00490388304368946,0.017558908601952725,0.0,0.0,0.0,-0.036036036036036036,4.718498871295094,-0.6113869971439345,1,0,-0.04516857121636174,-5.7105873247959416,0.061273234869289095
2026-02-23,-0.004904030877783133,-0.00824165007766034,-0.0503805112982124,-0.04516857121636174,1.3977079887333759,0.028334005840505903,-0.0010230804321081904,0.09583388002012065,-0.16891891891891891,5.6937321388027,0.32105121362977745,0,0,-0.009289953077215952,-3.3750194448440185,0.5717506033005045
2026-02-24,-0.045168578046919025,-0.040063797532049444,-0.02181289241684257,-0.009289953077215952,-0.35884980949279743,-0.009439844361431814,0.001840682701032689,-0.07202327834451851,-0.20930232558139536,5.556828061699537,0.17768117724132837,0,1,0.059540542765822574,-0.22642565331893486,8.854439329968457
2026-02-25,-0.009289798412564875,0.0735369341894636,0.02219598483803502,0.059540542765822574,0.285934363199418,0.009766362602618253,-0.0018406827010326312,-0.08649994276889614,0.11336032388663968,5.5134287461649825,0.15145526040963456,0,0,-0.007423789136971464,-2.2129859692242095,1.2743650556327168
2026-02-26,0.059540542765822574,-0.016260199977534924,0.03967493960676986,-0.007423789136971464,-0.39393269604181036,-0.0057594670615880765,0.0009208038736308084,0.038297834928636115,0.20434782608695654,5.442417710521793,0.08622117545147663,0,0,-0.024193035094981677,-3.8837615009900053,1.0782850607873193
2026-02-27,-0.00742364095630033,-0.009384589085425539,-0.024131544454629526,-0.024193035094981677,0.02339152949241281,0.010377723577647786,-0.0018423782465261309,0.06393454978365491,0.05194805194805195,5.44673737166631,0.07777770104701325,0,1,0.0165784521278679,-4.410417959707872,2.8257067221701617
2026-02-28,-0.024193335085004118,-0.006718818481153238,-0.029459599682160234,0.0165784521278679,0.06032955919773529,0.0,0.0,0.0,-0.16292134831460675,5.187385805840755,-0.21896146382352247,1,0,-0.018031259656580454,-2.9044997804029205,1.8150982971874494
2026-03-01,0.016578603937219206,0.00647236787804091,0.031637633920917375,-0.018031259656580454,0.028554241176203463,0.0,0.0,0.0,-0.031007751937984496,4.867534450455582,-0.5524711993082952,1,1,0.04537839252942392,-0.7894989925937487,6.360355547815784
2026-03-02,-0.018031107626542503,0.027421312849702815,0.0031187482215110757,0.04537839252942392,0.32182797274391683,0.012142763938335153,0.007857550009264672,0.07655067176227183,0.23684210526315788,5.43372200355424,0.06136894638067803,0,0,-0.007174587301422502,-3.9594747610370997,0.6199248838570028
2026-03-03,0.04537824049938581,-0.012025914110163885,0.013678634844990541,-0.007174587301422502,-0.24829547984794081,-0.0359591903930027,0.006787300505735298,0.09471634288839889,0.22321428571428573,5.41610040220442,0.0665814227718357,0,1,0.061418215316930716,-1.3820962903124856,8.027455989242164
2026-03-04,-0.007174440969963308,0.06690072375242909,0.018599197405823584,0.061418215316930716,0.5870976819854512,0.0025030895869677847,-0.0028309230221803955,-0.10833481654451038,0.4312977099236641,5.572154032177765,0.21310684696419477,0,0,-0.024744659742350593,-2.821020795945082,1.2192053743756146
2026-03-05,0.06141806898547155,-0.006664290831734742,0.047028970260604895,-0.024744659742350593,-0.5243080816222313,-0.01078021153640931,0.0055530766346594575,0.115942643024757,0.2796610169491525,5.4680601411351315,0.10455373869212334,0,0,-0.03995647071445988,-4.5392127574983085,0.7438125736692865
2026-03-06,-0.024740427885695422,-0.02949858774941402,-0.041926579357882944,-0.03995647071445988,-0.16128300437761983,0.015825837818907902,-0.0033281442158637673,0.21646868458519744,0.0,5.3981627015177525,0.04176941288084037,0,0,-0.012574095363267338,-1.7756022914303182,0.6395511619463872
2026-03-07,-0.03996070257111519,-0.04099908483168885,-0.012320366053780025,-0.012574095363267338,-0.5761318345965233,0.0,0.0,0.0,-0.18947368421052632,4.564348191467836,-0.7401455506540887,1,0,-0.01939068716249424,-2.475145432709657,1.383559453117739
2026-03-08,-0.012574095363267338,-0.005134012451553801,-0.019569526776060733,-0.01939068716249424,0.5292591396550823,0.0,0.0,0.0,0.19047619047619047,4.442651256490317,-0.8303919082972242,1,1,0.03662460641351922,-0.22646099760199437,5.2348009068411665
2026-03-09,-0.01939068716249424,0.0191217273747399,0.003096157188582449,0.03662460641351922,0.2913293578139139,-0.010666682586894306,0.001917570786526701,-0.1453727629014671,0.25102880658436216,5.497168225293202,0.22079475399656953,0,1,0.02191822593227371,-0.05956576225115438,4.7721200905096905
2026-03-10,0.03662460641351922,0.031997798250204476,0.0382935587670276,0.02191822593227371,0.12066320344755382,0.02678146977213648,-0.003535163222568219,-0.022606542387607058,0.3348623853211009,5.389071729816501,0.11663690373034795,0,1,0.003471234391040441,-1.3974807089141863,1.9429698707499123
2026-03-11,0.021918368894319803,-0.00637327626532401,0.008539076465643279,0.003471234391040441,-0.179364411639045,-0.01198431063117268,0.004039200840566423,-0.02848039384077295,0.21634615384615385,5.342334251964811,0.11025648627484075,0,1,0.004966571049048208,-1.4146086291443931,0.8626650807096057
2026-03-12,0.0034710914289940407,-0.007331813509362695,0.003299955188738396,0.004966571049048208,-0.21411355381750408,-0.010035890037833716,0.005126356944009507,0.11892885233233508,0.10050251256281408,5.298317366548036,0.0948077934636918,0,1,0.005494554272369187,-0.22043991162902446,4.66998166585422
2026-03-13,0.004966571049048208,0.0430397369004944,0.016908258224201923,0.005494554272369187,0.49251157886005315,-0.012450581437074204,0.006196948879858722,-0.0036710899822637658,0.2978723404255319,5.4638318050256105,0.24931902572311224,0,1,0.003967166199519513,-0.8679884863168766,0.5313925981233819
2026-03-14,0.005494695256428071,-0.035891336404939314,-0.0009809314745092869,0.003967166199519513,-1.0171497567921164,0.0,0.0,0.0,0.14782608695652175,4.7535901911063645,-0.4808145453412555,1,1,0.022264632539767723,-0.49711946691767694,2.7521118258249966
2026-03-15,0.003967025215460814,0.0261743584765359,0.0076758563935115974,0.022264632539767723,0.07544337501826408,0.0,0.0,0.0,0.20618556701030927,4.584967478670572,-0.6609708170428594,1,1,0.028023922724339036,-0.7510495504428638,2.834983752673985
2026-03-16,0.022264769873645937,0.023093351808257518,0.01972533170451584,0.028023922724339036,0.7050060850138555,-0.011645978438057513,-0.00649776392104277,-0.14542340599858353,0.5467289719626168,5.3706380281276624,0.15259425928427287,0,0,-0.01310971909840106,-2.0036296540385794,1.4784143608709337
2026-03-17,0.028023785390460725,0.014458228806308456,0.015498121688381676,-0.01310971909840106,-0.1471839032088751,0.0014007005791852262,-0.0013046040569886796,-0.049705059269429176,0.2897196261682243,5.3706380281276624,0.15570952660122225,0,0,-0.03669322101311266,-4.722676776099764,1.027026486406988
2026-03-18,-0.013109583797549909,-0.01762359784304057,-0.04030019031901294,-0.03669322101311266,-0.04710901342317169,-0.022466059027850406,0.005108385040950413,0.11474855344189373,0.12087912087912088,5.209486152841421,0.014229489109459079,0,0,-0.018651514850332427,-3.5039173275140683,0.5141396621286475
2026-03-19,-0.03669321595628039,-0.041822089255896054,-0.024505626527255655,-0.018651514850332427,-0.04494263468248665,-0.0609633251253208,-0.008629322886787194,-0.041918678110328615,-0.027522935779816515,5.389071729816501,0.17970375425646296,0,1,0.008270155102978788,-0.7780799816612974,2.034083591546361
2026-03-20,-0.018651512207883213,-0.0034520755561554465,0.008606858608195291,0.008270155102978788,-0.21040838028467235,-0.006607801222592188,0.004223640215210761,0.10710467755363762,0.08021390374331551,5.236441962829949,0.06469132120433609,0,0,-0.022845763534559155,-2.788906697213871,0.8335660718799336
2026-03-21,0.008270012102845958,-0.003735020093685581,-0.01183811205254705,-0.022845763534559155,-0.3020374233315103,0.0,0.0,0.0,0.019230769230769232,4.653960350157523,-0.5130210143198111,1,0,-0.015487110258322837,-2.2857965298362237,0.9684357865715006
2026-03-22,-0.022845763534559155,-0.021497066387643454,-0.017814661860782677,-0.015487110258322837,0.10253807772127774,0.0,0.0,0.0,-0.24175824175824176,4.5217885770490405,-0.6416059830076344,1,1,0.04392937957609135,-0.6116903266512465,5.6690446989619305
2026-03-23,-0.015487110258322837,0.031518978865581276,0.0012539517735268256,0.04392937957609135,0.6465196261605801,-0.037064759654085296,-0.00704942076402453,-0.023806189980082198,0.029045643153526972,5.488937726156687,0.31026271015762974,0,0,-0.004944193784823292,-2.8370447535003325,0.6936466743575167
2026-03-24,0.04392937957609135,-0.0058246006699526716,0.02167583530760051,-0.004944193784823292,-0.31385028838642,-0.001090554444362892,0.004839240854073393,0.030134149741267952,0.3755868544600939,5.365976015021851,0.18756667675179703,0,1,0.010991329616637294,-0.21103157456297186,2.061120567309429
2026-03-25,-0.004944193784823292,0.008730545144695926,0.021315938004550374,0.010991329616637294,-0.15558495418961416,0.03363784006254085,0.001708267209248284,-0.06199386466286312,0.28342245989304815,5.236441962829949,0.0533459807106403,0,0,-0.03590963357008416,-4.565336071719171,0.1404884265798962
2026-03-26,0.010991329616637294,-0.008214991790658014,-0.03255171535492465,-0.03590963357008416,0.16127028033249302,-0.03906243403134702,0.0030075516580878097,0.08001236131884105,0.044534412955465584,5.5134287461649825,0.30852630623470223,0,0,-0.035692215836955574,-4.871239218808765,0.5199166258470169
2026-03-27,-0.03590963357008416,-0.032115351577412854,-0.0389686650409801,-0.035692215836955574,0.3175998795582984,0.026277237882447974,0.0024993764191914153,0.12359696148774316,-0.26956521739130435,5.442417710521793,0.20391958368006016,0,0,-0.00045562612816699334,-0.7181416115788807,1.3189195337271922
2026-03-28,-0.035692215836955574,-0.027702186758153842,0.005838760235343317,-0.00045562612816699334,-0.9144639452481462,0.0,0.0,0.0,-0.09195402298850575,4.477336814478207,-0.7552196091908286,1,0,-0.005530728522709364,-2.0963793002933917,1.1287423259119642
2026-03-29,-0.0004554754736523109,-0.002357398206319347,-0.014238003015312025,-0.005530728522709364,-0.1312152226418387,0.0,0.0,0.0,-0.27631578947368424,4.343805421853684,-0.8787528125419319,1,1,0.011843374134185144,-0.31915295194400123,3.217911676238679
2026-03-30,-0.005530879177224145,0.015360964980557768,0.012241534960784391,0.011843374134185144,0.6019575276385339,0.007540510335148854,0.0035881689427959304,-0.014272010911234388,-0.020942408376963352,5.2574953720277815,0.08260145092272513,0,1,0.02201879944892802,-1.203851237464208,2.647560748731761
2026-03-31,0.011843523840666857,0.0061398648591159495,0.002996391278982969,0.02201879944892802,0.18600793708130717,0.026512431127413087,-0.005487149482743582,-0.19250061717556527,-0.075,5.484796933490655,0.2892706351410854,0,0,-0.0025009104050785873,-1.038892344052111,1.4906687970918635
2026-04-01,0.022018796188597266,0.01044987993252919,0.02366838838304898,-0.0025009104050785873,-0.15032118074776335,0.02875884107881785,-0.0031060348366285786,-0.02852167913105148,0.15384615384615385,5.209486152841421,0.016620881241534838,0,0,-0.01795288497272631,-3.5898214190886004,0.7888768699343407
2026-04-02,-0.002501056851229652,-0.0095188296766538,-0.02801020115544347,-0.01795288497272631,0.060353783925336336,-0.02792007119110018,0.003806066822533115,-0.02768200108107911,-0.2074468085106383,5.241747015059643,0.0972878179380341,0,1,0.0009309289814481332,-0.9310345462976756,0.6977336600851188
2026-04-03,-0.01795288497272631,-0.01886431707121849,0.008634983755183075,0.0009309289814481332,-0.5696893511762519,0.0,0.0,0.0,-0.0058823529411764705,5.14166355650266,0.048202101823760043,0,1,0.005006835781815329,-0.2817254804715582,0.8899818293891699
2026-04-04,0.0009307796481352739,0.002853410674488498,0.007424019639709162,0.005006835781815329,-0.4382707947735779,0.0,0.0,0.0,0.08461538461538462,4.875197323201151,-0.2572795077416888,1,1,0.025435266920256033,-1.0286840046867105,2.6911994689837204
2026-04-05,0.005006985115128188,0.023019012177761037,-0.0024627494603361197,0.025435266920256033,0.4645505509641453,0.0,0.0,0.0,0.06451612903225806,4.543294782270004,-0.6065546517332255,1,0,-0.002618361461522849,-1.0691977687944882,1.890179245633778
2026-04-06,0.025435266920256033,0.017425064686756402,0.025030129279178307,-0.002618361461522849,0.5472693555923818,0.0011387268075569185,-0.0004999292322441652,0.012489722362708747,0.2391304347826087,5.220355825078324,0.08166151206006544,0,1,0.043629681945818906,-1.6424493359381724,5.519671456759278
2026-04-07,-0.002618361461522849,0.03367656064973223,-0.00835087713295963,0.043629681945818906,0.15788885433021302,6.448275631096513e-05,-0.003406515293062941,0.06448682627390803,0.07476635514018691,5.3706380281276624,0.25484918238394616,0,0,-0.011948742855087834,-1.706523399151994,1.2885551127836605
2026-04-08,0.043629681945818906,0.0013185185060628354,0.04298894131368088,-0.011948742855087834,-0.18178584145663806,0.01964639155775591,-0.005131591930476434,-0.2031735927626899,0.3381818181818182,5.62040086571715,0.42858752553265494,0,1,0.010052591375903568,-0.8533997908560655,2.877945053615174
2026-04-09,-0.011948742855087834,0.00394515655322737,-0.0034175067721285914,0.010052591375903568,-0.08668314615470138,0.00895028757749345,-0.003132082008530146,-0.0765239296072482,0.13793103448275862,5.4510384535657,0.22406762346189832,0,1,0.01623143839049557,-0.5052864477540784,2.2670130358455296
2026-04-10,0.010052730674999073,0.003943271198206969,0.013533724806923358,0.01623143839049557,-0.044238307498004704,-0.006342909169258469,-0.001721762393179433,-0.013429965979892022,0.24870466321243523,5.267858159063328,0.02245603344305473,0,1,0.0011021476555086477,-0.6181254373030582,1.1274869409978634
2026-04-11,0.016231436147722107,0.0048361774420187945,0.015103048495005798,0.0011021476555086477,-0.6498198356166408,0.0,0.0,0.0,0.16822429906542055,4.68213122712422,-0.54984091373747,1,0,-0.0320254620862258,-3.5354388720204737,0.1287176844358215
2026-04-12,0.0011020105991865342,-0.008885544910111681,-0.02807098669166544,-0.0320254620862258,0.3955718869253965,0.0,0.0,0.0,0.1111111111111111,4.406719247264253,-0.818932601057467,1,1,0.050672676455567146,-0.24625658117694316,5.7128853293594055
2026-04-13,-0.03201726319468758,0.023816214363010266,0.0008663608222095753,0.050672676455567146,0.5869522633189224,-0.004103411668917365,-0.0028423404906281133,-0.00573658427981057,0.17204301075268819,5.231108616854587,0.010810916109592,0,0,-0.00385649602156905,-0.8400366076500054,2.1535501642835424
2026-04-14,0.05066461194012966,0.015079324804808293,0.04473487619083631,-0.00385649602156905,0.09078669213846358,0.017267418703531354,-0.0025446600632382803,-0.04056053308032157,0.461864406779661,5.4680601411351315,0.23195953788996349,0,1,0.009110214548757956,-0.8365353392596824,1.729756738154709
2026-04-15,-0.0038566303976698448,-0.00809443028285739,-0.003821483337665842,0.009110214548757956,-0.6094214506887494,-0.005194816877104023,-0.0006117360563381438,-0.010402531828916695,0.3627450980392157,5.3230099791384085,0.14197026127528922,0,1,0.004591768185657028,-2.0256453084512778,0.9641515443294408
2026-04-16,0.009110214548757956,0.0014541626105052934,-0.0027808851431578483,0.004591768185657028,0.16945100955554726,-0.003046322343529432,0.0016303617133312145,-0.012739000207228512,0.28085106382978725,5.4638318050256105,0.2810174007103035,0,1,0.025196849489872067,-0.8349521986278932,4.142576974985358
2026-04-17,0.004591635126045323,0.03637602249221619,0.01649869928389098,0.025196849489872067,0.41742216304157803,0.014974913312609497,-0.0012225220223565552,-0.025975542360211608,0.36813186813186816,5.209486152841421,0.03433470995314951,0,0,-0.01807074609568446,-2.1334015174283625,0.45061285858255007
2026-04-18,0.025197112298281775,-0.01172279167415597,0.012212356301867457,-0.01807074609568446,-1.0429766968009657,0.0,0.0,0.0,0.08163265306122448,3.912023005428146,-1.2295894014671276,1,0,-0.025286317737347935,-2.5813408613903643,0.7225612389328202
2026-04-19,-0.018070875844482217,-0.015351262292181712,-0.022550139535304388,-0.025286317737347935,0.21810050363052416,0.0,0.0,0.0,0.12121212121212122,4.204692619390966,-0.91888476703605,1,1,0.027255661894529427,-0.10503905020706754,3.667373584904248
2026-04-20,-0.02528618223928843,0.004161805722366539,-0.000523299625514997,0.027255661894529427,0.40186296129909405,-0.010554515098820284,-0.0005097672501354949,0.07651605981539987,0.20320855614973263,5.236441962829949,0.12170592257549573,0,1,0.006507965819314458,-1.3532435555317153,1.4225681865440563
2026-04-21,0.027255526396470036,0.004807607910927584,0.014773616841282942,0.006507965819314458,-0.13062107187304384,-0.022767989342933774,0.0036648783568097748,0.03284106171476542,0.3235294117647059,5.14166355650266,0.08502709793491882,0,1,0.02384460627844536,-0.266545969387656,4.026846264254355
2026-04-22,0.0065078348197728396,0.032550746596417185,0.017374941680754992,0.02384460627844536,0.28031643024998604,0.007231599660169754,0.001827337318442917,-0.030194897913519363,0.4622222222222222,5.420534999272286,0.3462981307769486,0,1,0.0010131958589200225,-1.5705413689670766,0.6175328805930147
2026-04-23,0.023844609365131362,-0.010248527558168052,0.010804652282651058,0.0010131958589200225,-0.15102707411174243,-0.00580655654933497,0.0021278361999452116,0.020403501127191963,0.1642512077294686,5.337538079701318,0.2883724418316326,0,0,-0.010538034574907543,-1.2775251364333706,0.4137358879642883
2026-04-24,0.0010133237717755144,-0.001024774067367248,0.003943358184257177,-0.010538034574907543,-0.2918510828167309,0.003648880135128687,-0.0029395480890534263,-0.03156497742989099,0.10752688172043011,5.231108616854587,0.1777238475507014,0,1,0.0024231589225083856,-0.3841446963586811,0.5771492242306586
2026-04-25,-0.010538034574907543,-0.008903901212243794,-0.0016042301741606908,0.0024231589225083856,-0.8017916283475862,0.0,0.0,0.0,0.1,4.709530201312334,-0.40199589386506207,1,1,0.013214079557603819,-0.38526939068021265,1.7064519431711662
2026-04-26,0.0024231589225083856,0.013716186111913359,0.0024119119792930235,0.013214079557603819,0.3370251245320049,0.0,0.0,0.0,0.16666666666666666,4.51085950651685,-0.6233036071815699,1,0,-0.01648745051910991,-2.8340599898296484,1.047300822059684
2026-04-27,0.013214079557603819,0.006622568346488955,-0.011273826433890539,-0.01648745051910991,0.7006408518518764,-0.00998122799658474,-0.0003045715893422104,-0.03757581377020173,0.20869565217391303,5.442417710521793,0.2790240097130141,0,0,-0.013382837592731378,-2.227932153650054,0.1377855800432726
2026-04-28,-0.01648745051910991,-0.02558260293927387,-0.010426172157314003,-0.013382837592731378,-0.19448828020689352,-0.01810793161911003,0.0014205926824692504,-0.010599849987196923,0.0763888888888889,5.666426688112432,0.41143527509814043,0,0,-0.00739892610895058,-1.85786320226337,2.0255905439247637
2026-04-29,-0.013382706604566596,0.00549521204608327,-0.009682148078864488,-0.00739892610895058,0.32477483760359127,-0.010134994038567446,0.0030373154966233475,0.05350618732463676,0.06477732793522267,5.5134287461649825,0.24153017756869768,0,1,0.007448700376110247,-0.6040243071238502,1.1664875013825513
2026-04-30,-0.007399057097115421,-0.015989956534372685,0.005139462842444622,0.007448700376110247,-0.5657479277236086,0.015175128715866765,-0.008527933285863126,-0.10766692023787255,-0.0730593607305936,5.393627546352362,0.1124158600542096,0,1,0.024384544212578043,-0.034257569702202825,3.307706658346521
2026-05-01,0.007448831357755409,0.028860891945749877,0.013146367750326718,0.024384544212578043,0.5115442129681174,0.0032883457515008366,0.001324542990650584,0.005903227529430566,0.2242152466367713,5.4116460518550396,0.10386686340552727,0,1,0.005808401067078971,-0.24461344242325653,1.2302082963117305
2026-05-02,0.024384413230932964,0.0036095605922304122,0.022280985485367485,0.005808401067078971,-1.0350054549942782,0.0,0.0,0.0,0.2598870056497175,5.181783550292085,-0.17367519111448987,1,0,-0.0015043045550349114,-0.7689856408222234,0.961408142636036
2026-05-03,0.005808273981032901,0.0031203995303219663,0.0005646790830893621,-0.0015043045550349114,0.18836488788383507,0.0,0.0,0.0,0.22580645161290322,4.143134726391533,-1.2035118686021762,1,1,0.016316001996395605,-0.4676524019397585,2.772040105140521
2026-05-04,-0.0015040501916391313,0.01660201507000991,0.0015090278337897497,0.016316001996395605,1.254788067126533,-0.024133880243911433,0.002643911808868412,0.0737295902466641,0.3979591836734694,5.2832037287379885,-0.0287376097622549,0,1,0.01299430543480134,-0.06549770187416032,2.3885333017238217
2026-05-05,0.016315874719045977,0.012480933962228713,0.020337548997051664,0.01299430543480134,-0.42964608863926795,0.007999735337601302,0.00010157030725159178,-0.051034440909005135,0.35175879396984927,5.298317366548036,0.051557809669875124,0,1,0.006670570614040161,-0.215767967060636,2.3749689750187852
2026-05-06,0.012994429035754252,0.012858662167750898,0.01149160278293655,0.006670570614040161,0.10369020746230609,0.027302885994594444,-0.0046820107296972075,0.0005752217184062609,0.43805309734513276,5.424950017481403,0.19478832556350945,0,0,-0.01785099287490194,-2.419560307613802,0.3203207929913299
2026-05-07,0.006670447013087191,-0.013875911206234501,-0.015367352791491434,-0.01785099287490194,-0.15157422445824625,0.0038159234729661404,0.0023437455154049283,-0.017987109374778668,0.1743119266055046,5.389071729816501,0.15951673333648403,0,1,0.002336717289686288,-1.0359198769438205,0.6155552562995376
2026-05-08,-0.01785099287490194,-0.014898648241819749,-0.004014588568202263,0.002336717289686288,-0.009546828844710637,0.00437360801983576,-0.004181796800026888,0.006419666569116356,0.06735751295336788,5.267858159063328,0.0610410667759261,0,1,0.006032532305335769,-0.07899053210496199,1.099797243259071
2026-05-09,0.0023368419885773585,0.007179137159281609,0.01190601073807492,0.006032532305335769,-0.7513320951892021,0.0,0.0,0.0,0.07920792079207921,4.624972813284271,-0.5248707984591373,1,1,0.01880691918505757,-0.4953222505107008,2.207671379528419
2026-05-10,0.006032531555350421,0.017111273668029527,0.0018692151212784255,0.01880691918505757,0.46642396539274683,0.0,0.0,0.0,0.1348314606741573,4.499809670330265,-0.6736976209328515,1,0,-0.005665203289169573,-2.1480722049540875,0.2064888366332745
2026-05-11,0.018806795236151978,-0.0012049062438940774,0.0022794196406236036,-0.005665203289169573,0.07346925976796442,-0.0003601417575905551,0.00102161725239754,0.06693522080471703,0.3696682464454976,5.356586274672012,0.1773239101436311,0,0,-0.015299886519223746,-2.3543001430256383,0.051793622837536246
2026-05-12,-0.005665080958508594,-0.0072121554271268595,-0.007727482669885133,-0.015299886519223746,-0.04464419732695682,-0.008748200566985706,0.003567230691348961,-0.02144703602768265,0.10185185185185185,5.37989735354046,0.18709483555124187,0,0,-0.01490297018466756,-2.19753872516608,1.0136334833346845
2026-05-13,-0.015300008849884703,-0.00568148791425227,-0.01373227234062811,-0.01490297018466756,0.17871890637848592,0.0042878900568158315,0.0019312140705727032,-0.006692659105123569,0.1691542288557214,5.308267697401205,0.13525894755332915,0,1,0.02214978498814916,-0.49497176966315254,3.3896285646731315
2026-05-14,-0.01490297018466756,0.008856980628716907,0.002122699370361634,0.02214978498814916,0.28672582041453276,-0.004181003348170271,0.004053449968795283,-0.03473167721848573,0.13839285714285715,5.41610040220442,0.23872995185273982,0,0,-0.024679661013995487,-3.0437471655611557,0.7059253014410265
2026-05-15,0.022149908307924827,-0.004687247644172098,-0.003337968970831045,-0.024679661013995487,-0.12836651085928394,-0.026490961871465643,0.0039364108529774495,0.0655880893242676,0.06806282722513089,5.2574953720277815,0.08097807394283447,0,0,-0.012274760081870962,-1.8797106321885262,0.14470040540233337
2026-05-16,-0.02467991073492007,-0.030291909974382386,-0.013039295680269136,-0.012274760081870962,-0.3577481156184879,0.0,0.0,0.0,-0.03614457831325301,4.430816798843313,-0.7377485989106894,1,0,-0.008873510947942894,-1.8245091817874588,0.5766467667865806
2026-05-17,-0.01227463368072203,-0.007955296468028294,-0.011722745577860261,-0.008873510947942894,-0.36261520923005924,0.0,0.0,0.0,0.047619047619047616,4.442651256490317,-0.7216486906802551,1,0,-0.005901886319804632,-1.8327425730111215,0.4409837591464926
2026-05-18,-0.008873510947942894,-0.010230141024343834,-0.00895584486017943,-0.005901886319804632,0.7976521955170938,-0.0007245709743039084,-0.0030265905427638794,-0.03365838332317586,-0.06521739130434782,5.442417710521793,0.27003334841682153,0,0,-0.002177771337791657,-1.1194098499886764,0.5345944374233873
2026-05-19,-0.005901756452837023,-0.004965779537035741,0.0012314409104196942,-0.002177771337791657,-0.5308019158748957,-0.01020015827174435,0.003328815541161499,0.01337811350034388,-0.11650485436893204,5.332718793265369,0.1680001883684771,0,1,0.009299708915349147,-0.4142395511759039,1.3171011036390796
2026-05-20,-0.002177901204759291,0.005647295324365193,0.004873931650336122,0.009299708915349147,0.024319266369810886,0.005532456591871891,-0.0019152512068916288,-0.03493306931413941,0.0430622009569378,5.3471075307174685,0.17591695631399756,0,1,0.0008157623412056216,-1.0796122537060664,0.8318002700631525
2026-05-21,0.00929983786069824,0.0044467005795898705,0.0026459818900475994,0.0008157623412056216,0.0019452409775945279,0.0018740842574405403,0.0008068767943914787,-0.03977134039303183,0.010582010582010581,5.247024072160486,0.10426931649495155,0,0,-0.027111708939230417,-2.9501658086965468,0.36585456848632913
2026-05-22,0.0008156333958565269,-0.003843694674562827,-0.017889773208699257,-0.027111708939230417,-0.004063379726511247,-0.0041497068847259145,0.00130973019598077,-0.003586343602665399,0.0,5.313205979041787,0.1616041304867895,0,1,0.01592387679685496,-1.668472940814109,2.4385086052804494
2026-05-23,-0.027111708939230417,-0.006385168571289149,-0.014294780260406008,0.01592387679685496,0.29147220099465504,0.0,0.0,0.0,-0.16546762589928057,4.941642422609304,-0.25768895185114793,1,1,0.004069127506717748,-0.8426190871309749,1.02549805621432
2026-05-24,0.01592374650709928,0.0017937713061937713,0.024182415333686473,0.004069127506717748,-0.5858322634797346,0.0,0.0,0.0,0.08695652173913043,3.8501476017100584,-1.3328739285445572,1,1,0.0033299473074173843,-0.19575376198663436,1.0848107887086038
2026-05-25,0.0040692577964735015,0.004662254831660623,0.010537780758161117,0.0033299473074173843,-0.09037446442735014,0.0,0.0,0.0,-0.2,5.049856007249537,-0.05469763129367348,0,0,-0.01816665493821507,-2.1491548946962182,0.9755292241238068
2026-05-26,0.0033299473074173843,0.002237131661569317,-0.01620406401967857,-0.01816665493821507,0.7928536000605138,-0.004566948297148642,-0.001511426833076731,0.018392654755786986,0.035897435897435895,5.278114659230517,0.1845217777086852,0,0,-0.019693638122979272,-2.245516327955966,0.3210171367558451
2026-05-27,-0.01816665493821507,-0.02471177581189481,-0.019130269270812537,-0.019693638122979272,-0.00447524604254742,-0.011824119457466382,0.0004032756993976544,-0.04324994104773904,0.02072538860103627,5.267858159063328,0.1884096296534549,0,0,-0.011235451754405826,-2.53901020935655,0.18984162109958122
2026-05-28,-0.019693503803390983,-0.02100539327954195,-0.022628576936985192,-0.011235451754405826,0.23148896455409018,0.011579645153313877,-0.0019169904019299942,-0.03434625036790919,-0.30386740331491713,5.204006687076795,0.1313913906870338,0,0,-0.002131246689434228,-1.5124082163082866,1.2105464174737024
2026-05-29,-0.011235450236754752,-0.0010284037906645182,-0.0009694318239232165,-0.002131246689434228,-0.1296723652830518,0.013510480926909142,-0.001111433255293822,-0.027046084055489365,-0.20567375886524822,4.955827057601261,-0.06187540371099533,0,1,0.005749780542727423,-0.333768204128648,0.9254252941837737
2026-05-30,-0.0021313825266736147,-0.004982457922333661,0.009655153432362056,0.005749780542727423,-0.9108587986984129,0.0,0.0,0.0,-0.17333333333333334,4.330733340286331,-0.6302580919976782,1,0,-0.0028461899181889336,-0.6577503280822041,0.5281868304904536
2026-05-31,0.005749780542727423,0.0017773959057943189,0.0025099593031918705,-0.0028461899181889336,-0.07298188737190368,0.0,0.0,0.0,-0.043478260869565216,4.248495242049359,-0.7366983666865434,1,0,-0.031232737545768535,-4.139809552771774,0.5652315277373778
2026-06-01,-0.0028461899181889336,-0.0024757429457197733,-0.037666782165084754,-0.031232737545768535,1.230787002713821,-0.018881179529217973,0.002927600750727831,0.046549657648500324,-0.30538922155688625,5.123963979403259,0.13536614331339075,0,0,-0.03150835777513588,-3.159507425565739,0.0
2026-06-02,-0.031232737545768535,-0.036885052823142285,-0.02142971627370819,-0.03150835777513588,-0.6773863224507497,0.00310117087321733,0.00020163564875819948,-0.017599372038408955,-0.3984375,4.859812404361672,-0.06272325846554357,0,0,0.0,-0.008671648052142862,3.1508357775135942
2026-06-03,0.0,0.0,0.0,0.0,0.0,-0.011741357101359375,0.00311947481739951,0.018222245262269628,-0.3984375,4.859812404361672,0.007843177468838287,0,0,0.0,-0.008671648052142862,3.1508357775135942
2026-06-04,0.0,0.0,0.0,0.0,0.0,0.008774162180750182,-0.001206344930803231,-0.041964190615894514,-0.3984375,4.859812404361672,0.06931179989804127,0,0,0.0,-0.008671648052142862,3.1508357775135942
2026-06-05,0.0,0.0,0.0,0.0,0.0,-0.03147911854461129,0.006617188990247966,0.3341504692715348,-0.3984375,4.859812404361672,0.08498421230567305,0,0,0.0,-0.008671648052142862,3.1508357775135942
2026-06-06,0.0,0.0,0.0,0.0,0.0,0.0,0.0,0.0,-0.3984375,4.859812404361672,0.02257432204635155,1,0,0.0,-0.008671648052142862,3.1508357775135942
2026-06-07,0.0,0.0,0.0,0.0,0.0,0.0,0.0,0.0,-0.3984375,4.859812404361672,-0.04260611630594425,1,0,0.0,-0.008671648052142862,3.1508357775135942
2026-06-08,0.0,0.0,0.0,0.0,0.0,-0.00027676589880344627,-0.00019984652067284522,-0.1282983862641746,-0.3984375,4.859812404361672,7.812417379651785e-12,0,0,0.0,-0.008671648052142862,3.1508357775135942
2026-06-09,0.0,0.0,0.0,0.0,0.0,-0.017660018336772308,-0.001400274133059806,0.048991531143748074,-0.3984375,4.859812404361672,7.812417379651785e-12,0,0,0.0,-0.008671648052142862,3.1508357775135942
2026-06-10,0.0,0.0,0.0,0.0,0.0,-0.03628413636623409,0.00040021301455522363,0.11178165450941539,-0.3984375,4.859812404361672,7.812417379651785e-12,0,0,0.0,-0.008671648052142862,3.1508357775135942
2026-06-11,0.0,0.0,0.0,0.0,0.0,-0.004366694979494386,-0.0009008192290284114,-0.13365992680495292,-0.3984375,4.859812404361672,7.812417379651785e-12,0,0,0.0,-0.008671648052142862,3.1508357775135942
2026-06-12,0.0,0.0,0.0,0.0,0.0,0.03003126251826821,-0.0011021554145628524,-0.09489875203382146,-0.3984375,4.859812404361672,7.812417379651785e-12,0,0,0.0,-0.008671648052142862,3.1508357775135942
2026-06-13,0.0,0.0,0.0,0.0,0.0,0.0,0.0,0.0,-0.3984375,4.859812404361672,7.812417379651785e-12,1,0,0.0,-0.008671648052142862,3.1508357775135942
2026-06-14,0.0,0.0,0.0,0.0,0.0,0.0,0.0,0.0,-0.3984375,4.859812404361672,7.812417379651785e-12,1,0,0.0,-0.008671648052142862,3.1508357775135942
2026-06-15,0.0,0.0,0.0,0.0,0.0,0.026455950090361686,-0.0012037592810297223,-0.08742278513720557,-0.3984375,4.859812404361672,7.812417379651785e-12,0,0,0.0,-0.008671648052142862,3.1508357775135942
2026-06-16,0.0,0.0,0.0,0.0,0.0,0.0006698085172190956,-0.0009037138609526744,0.012879606470164437,-0.3984375,4.859812404361672,7.812417379651785e-12,0,0,0.0,-0.008671648052142862,3.1508357775135942
2026-06-17,0.0,0.0,0.0,0.0,0.0,0.006444359486307991,0.005510162014771975,0.11663135128682758,-0.3984375,4.859812404361672,7.812417379651785e-12,0,0,0.0,-0.008671648052142862,3.1508357775135942
2026-06-18,0.0,0.0,0.0,0.0,0.0,-0.031413466062723494,0.007564504627275772,-0.11724093552055395,-0.3984375,4.859812404361672,7.812417379651785e-12,0,0,0.0,-0.008671648052142862,3.1508357775135942
2026-06-19,0.0,0.0,0.0,0.0,0.0,0.0,0.0,0.0,-0.3984375,4.859812404361672,7.812417379651785e-12,0,0,0.0,-0.008671648052142862,3.1508357775135942
2026-06-20,0.0,0.0,0.0,0.0,0.0,0.0,0.0,0.0,-0.3984375,4.859812404361672,7.812417379651785e-12,1,0,0.0,-0.008671648052142862,3.1508357775135942
2026-06-21,0.0,0.0,0.0,0.0,0.0,0.0,0.0,0.0,-0.3984375,4.859812404361672,7.812417379651785e-12,1,0,0.0,-0.008671648052142862,3.1508357775135942
2026-06-22,0.0,0.0,0.0,0.0,0.0,-0.010040578120389384,0.001684234539481904,0.05226849154253543,-0.3984375,4.859812404361672,7.812417379651785e-12,0,0,0.0,-0.008671648052142862,3.1508357775135942
2026-06-23,0.0,0.0,0.0,0.0,0.0,-0.012512495406008774,0.003853257926300192,0.12035169866357834,-0.3984375,4.859812404361672,7.812417379651785e-12,0,0,0.0,-0.008671648052142862,3.1508357775135942
